2026-06-08 20:56:26,438 [Worker-5: Loading available Gradle versions] INFO  o.e.b.c.i.u.g.PublishedGradleVersions - Gradle version information cache is up-to-date. Trying to read.
2026-06-08 21:00:23,863 [Worker-4: Creating project "controle-gastos"] INFO  o.e.m.c.i.e.AbstractTransferListenerAdapter - Downloading https://repo.maven.apache.org/maven2/org/apache/maven/plugins/maven-install-plugin/3.1.1/maven-install-plugin-3.1.1.jar
2026-06-08 21:00:23,876 [Worker-4: Creating project "controle-gastos"] INFO  o.e.m.c.i.e.AbstractTransferListenerAdapter - Downloaded https://repo.maven.apache.org/maven2/org/apache/maven/plugins/maven-install-plugin/3.1.1/maven-install-plugin-3.1.1.jar
2026-06-08 21:00:23,926 [Worker-4: Creating project "controle-gastos"] INFO  o.e.m.c.i.e.AbstractTransferListenerAdapter - Downloading https://repo.maven.apache.org/maven2/org/apache/maven/plugins/maven-deploy-plugin/3.1.1/maven-deploy-plugin-3.1.1.jar
2026-06-08 21:00:23,932 [Worker-4: Creating project "controle-gastos"] INFO  o.e.m.c.i.e.AbstractTransferListenerAdapter - Downloaded https://repo.maven.apache.org/maven2/org/apache/maven/plugins/maven-deploy-plugin/3.1.1/maven-deploy-plugin-3.1.1.jar
2026-06-08 21:00:24,767 [Worker-4: Creating project "controle-gastos"] INFO  o.e.m.c.i.l.LifecycleMappingFactory - Using org.eclipse.m2e.jdt.JarLifecycleMapping lifecycle mapping for MavenProject: br.com.willian:controle-gastos:0.0.1-SNAPSHOT @ C:\Users\willian\Desktop\Projeto-app-controle-de-gastos-programa-o-para-resolu-o-de-problemas-2\controle-gastos\pom.xml.
2026-06-08 21:00:25,238 [Worker-4: Creating project "controle-gastos"] INFO  o.e.m.j.i.AbstractJavaProjectConfigurator - Adding source folder /controle-gastos/src/main/java
2026-06-08 21:00:25,240 [Worker-4: Creating project "controle-gastos"] INFO  o.e.m.j.i.AbstractJavaProjectConfigurator - Adding resource folder /controle-gastos/src/main/resources
2026-06-08 21:00:25,241 [Worker-4: Creating project "controle-gastos"] INFO  o.e.m.j.i.AbstractJavaProjectConfigurator - Adding source folder /controle-gastos/src/test/java
2026-06-08 21:00:25,241 [Worker-4: Creating project "controle-gastos"] INFO  o.e.m.j.i.AbstractJavaProjectConfigurator - Adding resource folder /controle-gastos/src/test/resources
2026-06-08 21:00:25,754 [Worker-4: Building] WARN  o.a.m.s.f.DefaultMavenResourcesFiltering - Using platform encoding (UTF-8 actually) to copy filtered resources, i.e. build is platform dependent!
2026-06-08 21:00:25,758 [Worker-4: Building] INFO  o.a.m.s.f.DefaultMavenResourcesFiltering - Copying 0 resource from src\main\resources to target\classes
2026-06-08 21:00:25,761 [Worker-4: Building] WARN  o.a.m.s.f.DefaultMavenResourcesFiltering - Using platform encoding (UTF-8 actually) to copy filtered resources, i.e. build is platform dependent!
2026-06-08 21:00:25,762 [Worker-4: Building] INFO  o.a.m.s.f.DefaultMavenResourcesFiltering - Copying 0 resource from src\test\resources to target\test-classes
2026-06-08 21:01:32,567 [Worker-6: Loading available Gradle versions] INFO  o.e.b.c.i.u.g.PublishedGradleVersions - Gradle version information cache is up-to-date. Trying to read.
2026-06-08 21:02:04,820 [Worker-16: Building] WARN  o.a.m.s.f.DefaultMavenResourcesFiltering - Using platform encoding (UTF-8 actually) to copy filtered resources, i.e. build is platform dependent!
2026-06-08 21:02:04,825 [Worker-16: Building] INFO  o.a.m.s.f.DefaultMavenResourcesFiltering - Copying 0 resource from src\main\resources to target\classes
2026-06-08 21:02:04,830 [Worker-16: Building] WARN  o.a.m.s.f.DefaultMavenResourcesFiltering - Using platform encoding (UTF-8 actually) to copy filtered resources, i.e. build is platform dependent!
2026-06-08 21:02:04,831 [Worker-16: Building] INFO  o.a.m.s.f.DefaultMavenResourcesFiltering - Copying 0 resource from src\test\resources to target\test-classes
2026-06-08 21:03:13,359 [Worker-27: Updating Maven Project] INFO  o.e.m.c.i.p.ProjectConfigurationManager - Update started
2026-06-08 21:03:13,540 [Worker-27: Updating Maven Project] INFO  o.e.m.c.i.l.LifecycleMappingFactory - Using org.eclipse.m2e.jdt.JarLifecycleMapping lifecycle mapping for MavenProject: br.com.willian:controle-gastos:0.0.1-SNAPSHOT @ C:\Users\willian\Desktop\Projeto-app-controle-de-gastos-programa-o-para-resolu-o-de-problemas-2\controle-gastos\pom.xml.
2026-06-08 21:03:13,651 [Worker-27: Updating Maven Project] INFO  o.e.m.j.i.AbstractJavaProjectConfigurator - Adding source folder /controle-gastos/src/main/java
2026-06-08 21:03:13,653 [Worker-27: Updating Maven Project] INFO  o.e.m.j.i.AbstractJavaProjectConfigurator - Adding resource folder /controle-gastos/src/main/resources
2026-06-08 21:03:13,654 [Worker-27: Updating Maven Project] INFO  o.e.m.j.i.AbstractJavaProjectConfigurator - Adding source folder /controle-gastos/src/test/java
2026-06-08 21:03:13,654 [Worker-27: Updating Maven Project] INFO  o.e.m.j.i.AbstractJavaProjectConfigurator - Adding resource folder /controle-gastos/src/test/resources
2026-06-08 21:03:13,691 [Worker-27: Updating Maven Project] INFO  o.e.m.c.i.p.ProjectConfigurationManager - Update completed for 1 poms: local refresh takes 0,00 sec, refresh facades takes 0,00 sec, update config takes 0,00 sec 
2026-06-08 21:03:13,861 [Worker-7: Building] WARN  o.a.m.s.f.DefaultMavenResourcesFiltering - Using platform encoding (UTF-8 actually) to copy filtered resources, i.e. build is platform dependent!
2026-06-08 21:03:13,862 [Worker-7: Building] INFO  o.a.m.s.f.DefaultMavenResourcesFiltering - Copying 0 resource from src\main\resources to target\classes
2026-06-08 21:03:13,865 [Worker-7: Building] WARN  o.a.m.s.f.DefaultMavenResourcesFiltering - Using platform encoding (UTF-8 actually) to copy filtered resources, i.e. build is platform dependent!
2026-06-08 21:03:13,866 [Worker-7: Building] INFO  o.a.m.s.f.DefaultMavenResourcesFiltering - Copying 0 resource from src\test\resources to target\test-classes
2026-06-08 21:03:50,132 [Worker-10: Launching Main] INFO  o.e.m.c.i.e.AbstractTransferListenerAdapter - Downloading https://repo.maven.apache.org/maven2/org/openjfx/javafx-fxml/24/javafx-fxml-24.pom
2026-06-08 21:03:50,140 [Worker-10: Launching Main] INFO  o.e.m.c.i.e.AbstractTransferListenerAdapter - Downloaded https://repo.maven.apache.org/maven2/org/openjfx/javafx-fxml/24/javafx-fxml-24.pom
2026-06-08 21:03:50,198 [Worker-10: Launching Main] INFO  o.e.m.c.i.e.AbstractTransferListenerAdapter - Downloading https://repo.maven.apache.org/maven2/org/xerial/sqlite-jdbc/3.50.3.0/sqlite-jdbc-3.50.3.0.pom
2026-06-08 21:03:50,202 [Worker-10: Launching Main] INFO  o.e.m.c.i.e.AbstractTransferListenerAdapter - Downloaded https://repo.maven.apache.org/maven2/org/xerial/sqlite-jdbc/3.50.3.0/sqlite-jdbc-3.50.3.0.pom
2026-06-08 21:03:50,263 [Worker-10: Launching Main] INFO  o.e.m.c.i.e.AbstractTransferListenerAdapter - Downloading https://repo.maven.apache.org/maven2/org/openjfx/javafx-fxml/24/javafx-fxml-24.jar
2026-06-08 21:03:50,265 [Worker-10: Launching Main] INFO  o.e.m.c.i.e.AbstractTransferListenerAdapter - Downloaded https://repo.maven.apache.org/maven2/org/openjfx/javafx-fxml/24/javafx-fxml-24.jar
2026-06-08 21:03:50,310 [BasicRepositoryConnector-repo.maven.apache.org-0-1] INFO  o.e.m.c.i.e.AbstractTransferListenerAdapter - Downloading https://repo.maven.apache.org/maven2/org/xerial/sqlite-jdbc/3.50.3.0/sqlite-jdbc-3.50.3.0.jar
2026-06-08 21:03:50,371 [BasicRepositoryConnector-repo.maven.apache.org-0-0] INFO  o.e.m.c.i.e.AbstractTransferListenerAdapter - Downloading https://repo.maven.apache.org/maven2/org/openjfx/javafx-fxml/24/javafx-fxml-24-win.jar
2026-06-08 21:03:50,422 [BasicRepositoryConnector-repo.maven.apache.org-0-0] INFO  o.e.m.c.i.e.AbstractTransferListenerAdapter - Downloaded https://repo.maven.apache.org/maven2/org/openjfx/javafx-fxml/24/javafx-fxml-24-win.jar
2026-06-08 21:03:51,585 [BasicRepositoryConnector-repo.maven.apache.org-0-1] INFO  o.e.m.c.i.e.AbstractTransferListenerAdapter - Downloaded https://repo.maven.apache.org/maven2/org/xerial/sqlite-jdbc/3.50.3.0/sqlite-jdbc-3.50.3.0.jar
2026-06-08 21:03:51,699 [Worker-10: Launching Main] INFO  o.e.m.c.i.l.LifecycleMappingFactory - Using org.eclipse.m2e.jdt.JarLifecycleMapping lifecycle mapping for MavenProject: br.com.willian:controle-gastos:1.0-SNAPSHOT @ C:\Users\willian\Desktop\Projeto-app-controle-de-gastos-programa-o-para-resolu-o-de-problemas-2\controle-gastos\pom.xml.
2026-06-08 21:03:51,805 [Worker-10: Launching Main] INFO  o.a.m.s.f.DefaultMavenResourcesFiltering - Copying 0 resource from src\main\resources to target\classes
2026-06-08 21:03:51,809 [Worker-10: Launching Main] INFO  o.a.m.s.f.DefaultMavenResourcesFiltering - Copying 0 resource from src\test\resources to target\test-classes
2026-06-08 21:03:52,206 [Worker-12: Building] INFO  o.a.m.s.f.DefaultMavenResourcesFiltering - Copying 0 resource from src\main\resources to target\classes
2026-06-08 21:03:52,208 [Worker-12: Building] INFO  o.a.m.s.f.DefaultMavenResourcesFiltering - Copying 0 resource from src\test\resources to target\test-classes
2026-06-08 21:03:52,888 [Worker-27: Download sources and javadoc] INFO  o.e.m.c.i.e.AbstractTransferListenerAdapter - Downloading https://repo.maven.apache.org/maven2/org/openjfx/javafx-controls/24/javafx-controls-24-sources.jar
2026-06-08 21:03:53,020 [Worker-27: Download sources and javadoc] INFO  o.e.m.c.i.e.AbstractTransferListenerAdapter - Downloaded https://repo.maven.apache.org/maven2/org/openjfx/javafx-controls/24/javafx-controls-24-sources.jar
2026-06-08 21:03:53,023 [Worker-27: Download sources and javadoc] INFO  o.e.m.j.internal.DownloadSourcesJob - Downloaded sources for org.openjfx:javafx-controls:24
2026-06-08 21:03:53,026 [Worker-27: Download sources and javadoc] INFO  o.e.m.j.internal.DownloadSourcesJob - Downloaded sources for org.openjfx:javafx-controls:24win
2026-06-08 21:03:53,133 [Worker-27: Download sources and javadoc] INFO  o.e.m.c.i.e.AbstractTransferListenerAdapter - Downloading https://repo.maven.apache.org/maven2/org/openjfx/javafx-graphics/24/javafx-graphics-24-sources.jar
2026-06-08 21:03:53,502 [Worker-27: Download sources and javadoc] INFO  o.e.m.c.i.e.AbstractTransferListenerAdapter - Downloaded https://repo.maven.apache.org/maven2/org/openjfx/javafx-graphics/24/javafx-graphics-24-sources.jar
2026-06-08 21:03:53,505 [Worker-27: Download sources and javadoc] INFO  o.e.m.j.internal.DownloadSourcesJob - Downloaded sources for org.openjfx:javafx-graphics:24
2026-06-08 21:03:53,507 [Worker-27: Download sources and javadoc] INFO  o.e.m.j.internal.DownloadSourcesJob - Downloaded sources for org.openjfx:javafx-graphics:24win
2026-06-08 21:03:53,609 [Worker-27: Download sources and javadoc] INFO  o.e.m.c.i.e.AbstractTransferListenerAdapter - Downloading https://repo.maven.apache.org/maven2/org/openjfx/javafx-base/24/javafx-base-24-sources.jar
2026-06-08 21:03:53,683 [Worker-27: Download sources and javadoc] INFO  o.e.m.c.i.e.AbstractTransferListenerAdapter - Downloaded https://repo.maven.apache.org/maven2/org/openjfx/javafx-base/24/javafx-base-24-sources.jar
2026-06-08 21:03:53,685 [Worker-27: Download sources and javadoc] INFO  o.e.m.j.internal.DownloadSourcesJob - Downloaded sources for org.openjfx:javafx-base:24
2026-06-08 21:03:53,688 [Worker-27: Download sources and javadoc] INFO  o.e.m.j.internal.DownloadSourcesJob - Downloaded sources for org.openjfx:javafx-base:24win
2026-06-08 21:03:53,809 [Worker-27: Download sources and javadoc] INFO  o.e.m.c.i.e.AbstractTransferListenerAdapter - Downloading https://repo.maven.apache.org/maven2/org/openjfx/javafx-fxml/24/javafx-fxml-24-sources.jar
2026-06-08 21:03:53,831 [Worker-27: Download sources and javadoc] INFO  o.e.m.c.i.e.AbstractTransferListenerAdapter - Downloaded https://repo.maven.apache.org/maven2/org/openjfx/javafx-fxml/24/javafx-fxml-24-sources.jar
2026-06-08 21:03:53,834 [Worker-27: Download sources and javadoc] INFO  o.e.m.j.internal.DownloadSourcesJob - Downloaded sources for org.openjfx:javafx-fxml:24
2026-06-08 21:03:53,836 [Worker-27: Download sources and javadoc] INFO  o.e.m.j.internal.DownloadSourcesJob - Downloaded sources for org.openjfx:javafx-fxml:24win
2026-06-08 21:03:53,950 [Worker-27: Download sources and javadoc] INFO  o.e.m.c.i.e.AbstractTransferListenerAdapter - Downloading https://repo.maven.apache.org/maven2/org/xerial/sqlite-jdbc/3.50.3.0/sqlite-jdbc-3.50.3.0-sources.jar
2026-06-08 21:03:55,207 [Worker-27: Download sources and javadoc] INFO  o.e.m.c.i.e.AbstractTransferListenerAdapter - Downloaded https://repo.maven.apache.org/maven2/org/xerial/sqlite-jdbc/3.50.3.0/sqlite-jdbc-3.50.3.0-sources.jar
2026-06-08 21:03:55,210 [Worker-27: Download sources and javadoc] INFO  o.e.m.j.internal.DownloadSourcesJob - Downloaded sources for org.xerial:sqlite-jdbc:3.50.3.0
2026-06-08 21:07:12,718 [Worker-31: Building] INFO  o.a.m.s.f.DefaultMavenResourcesFiltering - Copying 0 resource from src\main\resources to target\classes
2026-06-08 21:07:12,721 [Worker-31: Building] INFO  o.a.m.s.f.DefaultMavenResourcesFiltering - Copying 0 resource from src\test\resources to target\test-classes
2026-06-08 21:11:27,326 [Worker-0: Building] INFO  o.a.m.s.f.DefaultMavenResourcesFiltering - Copying 0 resource from src\main\resources to target\classes
2026-06-08 21:11:27,328 [Worker-0: Building] INFO  o.a.m.s.f.DefaultMavenResourcesFiltering - Copying 0 resource from src\test\resources to target\test-classes
2026-06-08 21:13:06,821 [Worker-34: Building] INFO  o.a.m.s.f.DefaultMavenResourcesFiltering - Copying 0 resource from src\main\resources to target\classes
2026-06-08 21:13:06,824 [Worker-34: Building] INFO  o.a.m.s.f.DefaultMavenResourcesFiltering - Copying 0 resource from src\test\resources to target\test-classes
2026-06-08 21:13:47,999 [Worker-33: Building] INFO  o.a.m.s.f.DefaultMavenResourcesFiltering - Copying 0 resource from src\main\resources to target\classes
2026-06-08 21:13:48,002 [Worker-33: Building] INFO  o.a.m.s.f.DefaultMavenResourcesFiltering - Copying 0 resource from src\test\resources to target\test-classes
2026-06-08 21:14:15,714 [Worker-33: Updating Maven Project] INFO  o.e.m.c.i.p.ProjectConfigurationManager - Update started
2026-06-08 21:14:15,891 [Worker-33: Updating Maven Project] INFO  o.e.m.c.i.l.LifecycleMappingFactory - Using org.eclipse.m2e.jdt.JarLifecycleMapping lifecycle mapping for MavenProject: br.com.willian:controle-gastos:1.0-SNAPSHOT @ C:\Users\willian\Desktop\Projeto-app-controle-de-gastos-programa-o-para-resolu-o-de-problemas-2\controle-gastos\pom.xml.
2026-06-08 21:14:16,025 [Worker-33: Updating Maven Project] INFO  o.e.m.j.i.AbstractJavaProjectConfigurator - Adding source folder /controle-gastos/src/main/java
2026-06-08 21:14:16,026 [Worker-33: Updating Maven Project] INFO  o.e.m.j.i.AbstractJavaProjectConfigurator - Adding resource folder /controle-gastos/src/main/resources
2026-06-08 21:14:16,030 [Worker-33: Updating Maven Project] INFO  o.e.m.j.i.AbstractJavaProjectConfigurator - Adding source folder /controle-gastos/src/test/java
2026-06-08 21:14:16,031 [Worker-33: Updating Maven Project] INFO  o.e.m.j.i.AbstractJavaProjectConfigurator - Adding resource folder /controle-gastos/src/test/resources
2026-06-08 21:14:16,108 [Worker-33: Updating Maven Project] INFO  o.e.m.c.i.p.ProjectConfigurationManager - Update completed for 1 poms: local refresh takes 0,00 sec, refresh facades takes 0,00 sec, update config takes 0,00 sec 
2026-06-08 21:14:16,243 [Worker-33: Building] INFO  o.a.m.s.f.DefaultMavenResourcesFiltering - Copying 0 resource from src\main\resources to target\classes
2026-06-08 21:14:16,246 [Worker-33: Building] INFO  o.a.m.s.f.DefaultMavenResourcesFiltering - Copying 0 resource from src\test\resources to target\test-classes
2026-06-08 21:14:52,441 [Worker-0: Updating Maven Project] INFO  o.e.m.c.i.p.ProjectConfigurationManager - Update started
2026-06-08 21:14:52,560 [Worker-0: Updating Maven Project] INFO  o.e.m.c.i.l.LifecycleMappingFactory - Using org.eclipse.m2e.jdt.JarLifecycleMapping lifecycle mapping for MavenProject: br.com.willian:controle-gastos:1.0-SNAPSHOT @ C:\Users\willian\Desktop\Projeto-app-controle-de-gastos-programa-o-para-resolu-o-de-problemas-2\controle-gastos\pom.xml.
2026-06-08 21:14:52,657 [Worker-0: Updating Maven Project] INFO  o.e.m.j.i.AbstractJavaProjectConfigurator - Adding source folder /controle-gastos/src/main/java
2026-06-08 21:14:52,657 [Worker-0: Updating Maven Project] INFO  o.e.m.j.i.AbstractJavaProjectConfigurator - Adding resource folder /controle-gastos/src/main/resources
2026-06-08 21:14:52,658 [Worker-0: Updating Maven Project] INFO  o.e.m.j.i.AbstractJavaProjectConfigurator - Adding source folder /controle-gastos/src/test/java
2026-06-08 21:14:52,658 [Worker-0: Updating Maven Project] INFO  o.e.m.j.i.AbstractJavaProjectConfigurator - Adding resource folder /controle-gastos/src/test/resources
2026-06-08 21:14:52,694 [Worker-0: Updating Maven Project] INFO  o.e.m.c.i.p.ProjectConfigurationManager - Update completed for 1 poms: local refresh takes 0,00 sec, refresh facades takes 0,00 sec, update config takes 0,00 sec 
2026-06-08 21:14:52,825 [Worker-33: Building] INFO  o.a.m.s.f.DefaultMavenResourcesFiltering - Copying 0 resource from src\main\resources to target\classes
2026-06-08 21:14:52,828 [Worker-33: Building] INFO  o.a.m.s.f.DefaultMavenResourcesFiltering - Copying 0 resource from src\test\resources to target\test-classes
2026-06-08 21:17:02,827 [Worker-35: Launching Main] INFO  o.e.m.c.i.l.LifecycleMappingFactory - Using org.eclipse.m2e.jdt.JarLifecycleMapping lifecycle mapping for MavenProject: br.com.willian:controle-gastos:1.0-SNAPSHOT @ C:\Users\willian\Desktop\Projeto-app-controle-de-gastos-programa-o-para-resolu-o-de-problemas-2\controle-gastos\pom.xml.
2026-06-08 21:17:02,960 [Worker-35: Launching Main] INFO  o.e.m.c.i.e.AbstractTransferListenerAdapter - Downloading https://repo.maven.apache.org/maven2/org/openjfx/javafx-fxml/21.0.7/javafx-fxml-21.0.7.pom
2026-06-08 21:17:02,965 [Worker-35: Launching Main] INFO  o.e.m.c.i.e.AbstractTransferListenerAdapter - Downloaded https://repo.maven.apache.org/maven2/org/openjfx/javafx-fxml/21.0.7/javafx-fxml-21.0.7.pom
2026-06-08 21:17:03,019 [Worker-35: Launching Main] INFO  o.e.m.c.i.e.AbstractTransferListenerAdapter - Downloading https://repo.maven.apache.org/maven2/org/openjfx/javafx-fxml/21.0.7/javafx-fxml-21.0.7.jar
2026-06-08 21:17:03,022 [Worker-35: Launching Main] INFO  o.e.m.c.i.e.AbstractTransferListenerAdapter - Downloaded https://repo.maven.apache.org/maven2/org/openjfx/javafx-fxml/21.0.7/javafx-fxml-21.0.7.jar
2026-06-08 21:17:03,079 [BasicRepositoryConnector-repo.maven.apache.org-1-0] INFO  o.e.m.c.i.e.AbstractTransferListenerAdapter - Downloading https://repo.maven.apache.org/maven2/org/openjfx/javafx-fxml/21.0.7/javafx-fxml-21.0.7-win.jar
2026-06-08 21:17:03,104 [BasicRepositoryConnector-repo.maven.apache.org-1-0] INFO  o.e.m.c.i.e.AbstractTransferListenerAdapter - Downloaded https://repo.maven.apache.org/maven2/org/openjfx/javafx-fxml/21.0.7/javafx-fxml-21.0.7-win.jar
2026-06-08 21:17:03,196 [Worker-35: Launching Main] INFO  o.a.m.s.f.DefaultMavenResourcesFiltering - Copying 0 resource from src\main\resources to target\classes
2026-06-08 21:17:03,199 [Worker-35: Launching Main] INFO  o.a.m.s.f.DefaultMavenResourcesFiltering - Copying 0 resource from src\test\resources to target\test-classes
2026-06-08 21:17:03,610 [Worker-36: Building] INFO  o.a.m.s.f.DefaultMavenResourcesFiltering - Copying 0 resource from src\main\resources to target\classes
2026-06-08 21:17:03,612 [Worker-36: Building] INFO  o.a.m.s.f.DefaultMavenResourcesFiltering - Copying 0 resource from src\test\resources to target\test-classes
2026-06-08 21:17:04,247 [Worker-7: Download sources and javadoc] INFO  o.e.m.c.i.e.AbstractTransferListenerAdapter - Downloading https://repo.maven.apache.org/maven2/org/openjfx/javafx-controls/21.0.7/javafx-controls-21.0.7-sources.jar
2026-06-08 21:17:04,386 [Worker-7: Download sources and javadoc] INFO  o.e.m.c.i.e.AbstractTransferListenerAdapter - Downloaded https://repo.maven.apache.org/maven2/org/openjfx/javafx-controls/21.0.7/javafx-controls-21.0.7-sources.jar
2026-06-08 21:17:04,389 [Worker-7: Download sources and javadoc] INFO  o.e.m.j.internal.DownloadSourcesJob - Downloaded sources for org.openjfx:javafx-controls:21.0.7
2026-06-08 21:17:04,391 [Worker-7: Download sources and javadoc] INFO  o.e.m.j.internal.DownloadSourcesJob - Downloaded sources for org.openjfx:javafx-controls:21.0.7win
2026-06-08 21:17:04,501 [Worker-7: Download sources and javadoc] INFO  o.e.m.c.i.e.AbstractTransferListenerAdapter - Downloading https://repo.maven.apache.org/maven2/org/openjfx/javafx-graphics/21.0.7/javafx-graphics-21.0.7-sources.jar
2026-06-08 21:17:04,881 [Worker-7: Download sources and javadoc] INFO  o.e.m.c.i.e.AbstractTransferListenerAdapter - Downloaded https://repo.maven.apache.org/maven2/org/openjfx/javafx-graphics/21.0.7/javafx-graphics-21.0.7-sources.jar
2026-06-08 21:17:04,883 [Worker-7: Download sources and javadoc] INFO  o.e.m.j.internal.DownloadSourcesJob - Downloaded sources for org.openjfx:javafx-graphics:21.0.7
2026-06-08 21:17:04,885 [Worker-7: Download sources and javadoc] INFO  o.e.m.j.internal.DownloadSourcesJob - Downloaded sources for org.openjfx:javafx-graphics:21.0.7win
2026-06-08 21:17:04,976 [Worker-7: Download sources and javadoc] INFO  o.e.m.c.i.e.AbstractTransferListenerAdapter - Downloading https://repo.maven.apache.org/maven2/org/openjfx/javafx-base/21.0.7/javafx-base-21.0.7-sources.jar
2026-06-08 21:17:05,048 [Worker-7: Download sources and javadoc] INFO  o.e.m.c.i.e.AbstractTransferListenerAdapter - Downloaded https://repo.maven.apache.org/maven2/org/openjfx/javafx-base/21.0.7/javafx-base-21.0.7-sources.jar
2026-06-08 21:17:05,051 [Worker-7: Download sources and javadoc] INFO  o.e.m.j.internal.DownloadSourcesJob - Downloaded sources for org.openjfx:javafx-base:21.0.7
2026-06-08 21:17:05,053 [Worker-7: Download sources and javadoc] INFO  o.e.m.j.internal.DownloadSourcesJob - Downloaded sources for org.openjfx:javafx-base:21.0.7win
2026-06-08 21:17:05,149 [Worker-7: Download sources and javadoc] INFO  o.e.m.c.i.e.AbstractTransferListenerAdapter - Downloading https://repo.maven.apache.org/maven2/org/openjfx/javafx-fxml/21.0.7/javafx-fxml-21.0.7-sources.jar
2026-06-08 21:17:05,169 [Worker-7: Download sources and javadoc] INFO  o.e.m.c.i.e.AbstractTransferListenerAdapter - Downloaded https://repo.maven.apache.org/maven2/org/openjfx/javafx-fxml/21.0.7/javafx-fxml-21.0.7-sources.jar
2026-06-08 21:17:05,172 [Worker-7: Download sources and javadoc] INFO  o.e.m.j.internal.DownloadSourcesJob - Downloaded sources for org.openjfx:javafx-fxml:21.0.7
2026-06-08 21:17:05,174 [Worker-7: Download sources and javadoc] INFO  o.e.m.j.internal.DownloadSourcesJob - Downloaded sources for org.openjfx:javafx-fxml:21.0.7win
2026-06-08 21:17:18,094 [main] INFO  o.e.m2e.actions.ExecutePomAction - Creating new launch configuration
2026-06-08 21:17:20,213 [Worker-34: Launching controle-gastos] INFO  o.eclipse.m2e.core.internal.Bundles - getClasspathEntries(Bundle=org.eclipse.m2e.maven.runtime_3.9.700.20240602-2313 [299])
2026-06-08 21:17:20,214 [Worker-34: Launching controle-gastos] INFO  o.eclipse.m2e.core.internal.Bundles - 	Entry: C:\Users\willian\.p2\pool\plugins\org.eclipse.m2e.maven.runtime_3.9.700.20240602-2313
2026-06-08 21:17:20,215 [Worker-34: Launching controle-gastos] INFO  o.eclipse.m2e.core.internal.Bundles - 	Entry: C:\Users\willian\.p2\pool\plugins\org.eclipse.m2e.maven.runtime_3.9.700.20240602-2313\jars\aopalliance-1.0.jar
2026-06-08 21:17:20,215 [Worker-34: Launching controle-gastos] INFO  o.eclipse.m2e.core.internal.Bundles - 	Entry: C:\Users\willian\.p2\pool\plugins\org.eclipse.m2e.maven.runtime_3.9.700.20240602-2313\jars\guice-5.1.0.jar
2026-06-08 21:17:20,215 [Worker-34: Launching controle-gastos] INFO  o.eclipse.m2e.core.internal.Bundles - 	Entry: C:\Users\willian\.p2\pool\plugins\org.eclipse.m2e.maven.runtime_3.9.700.20240602-2313\jars\httpclient-4.5.14.jar
2026-06-08 21:17:20,215 [Worker-34: Launching controle-gastos] INFO  o.eclipse.m2e.core.internal.Bundles - 	Entry: C:\Users\willian\.p2\pool\plugins\org.eclipse.m2e.maven.runtime_3.9.700.20240602-2313\jars\httpcore-4.4.16.jar
2026-06-08 21:17:20,215 [Worker-34: Launching controle-gastos] INFO  o.eclipse.m2e.core.internal.Bundles - 	Entry: C:\Users\willian\.p2\pool\plugins\org.eclipse.m2e.maven.runtime_3.9.700.20240602-2313\jars\jansi-2.4.1.jar
2026-06-08 21:17:20,216 [Worker-34: Launching controle-gastos] INFO  o.eclipse.m2e.core.internal.Bundles - 	Entry: C:\Users\willian\.p2\pool\plugins\org.eclipse.m2e.maven.runtime_3.9.700.20240602-2313\jars\jcl-over-slf4j-1.7.36.jar
2026-06-08 21:17:20,216 [Worker-34: Launching controle-gastos] INFO  o.eclipse.m2e.core.internal.Bundles - 	Entry: C:\Users\willian\.p2\pool\plugins\org.eclipse.m2e.maven.runtime_3.9.700.20240602-2313\jars\maven-artifact-3.9.7.jar
2026-06-08 21:17:20,216 [Worker-34: Launching controle-gastos] INFO  o.eclipse.m2e.core.internal.Bundles - 	Entry: C:\Users\willian\.p2\pool\plugins\org.eclipse.m2e.maven.runtime_3.9.700.20240602-2313\jars\maven-builder-support-3.9.7.jar
2026-06-08 21:17:20,216 [Worker-34: Launching controle-gastos] INFO  o.eclipse.m2e.core.internal.Bundles - 	Entry: C:\Users\willian\.p2\pool\plugins\org.eclipse.m2e.maven.runtime_3.9.700.20240602-2313\jars\maven-compat-3.9.7.jar
2026-06-08 21:17:20,216 [Worker-34: Launching controle-gastos] INFO  o.eclipse.m2e.core.internal.Bundles - 	Entry: C:\Users\willian\.p2\pool\plugins\org.eclipse.m2e.maven.runtime_3.9.700.20240602-2313\jars\maven-core-3.9.7.jar
2026-06-08 21:17:20,216 [Worker-34: Launching controle-gastos] INFO  o.eclipse.m2e.core.internal.Bundles - 	Entry: C:\Users\willian\.p2\pool\plugins\org.eclipse.m2e.maven.runtime_3.9.700.20240602-2313\jars\maven-embedder-3.9.7.jar
2026-06-08 21:17:20,216 [Worker-34: Launching controle-gastos] INFO  o.eclipse.m2e.core.internal.Bundles - 	Entry: C:\Users\willian\.p2\pool\plugins\org.eclipse.m2e.maven.runtime_3.9.700.20240602-2313\jars\maven-model-3.9.7.jar
2026-06-08 21:17:20,217 [Worker-34: Launching controle-gastos] INFO  o.eclipse.m2e.core.internal.Bundles - 	Entry: C:\Users\willian\.p2\pool\plugins\org.eclipse.m2e.maven.runtime_3.9.700.20240602-2313\jars\maven-model-builder-3.9.7.jar
2026-06-08 21:17:20,217 [Worker-34: Launching controle-gastos] INFO  o.eclipse.m2e.core.internal.Bundles - 	Entry: C:\Users\willian\.p2\pool\plugins\org.eclipse.m2e.maven.runtime_3.9.700.20240602-2313\jars\maven-plugin-api-3.9.7.jar
2026-06-08 21:17:20,217 [Worker-34: Launching controle-gastos] INFO  o.eclipse.m2e.core.internal.Bundles - 	Entry: C:\Users\willian\.p2\pool\plugins\org.eclipse.m2e.maven.runtime_3.9.700.20240602-2313\jars\maven-repository-metadata-3.9.7.jar
2026-06-08 21:17:20,217 [Worker-34: Launching controle-gastos] INFO  o.eclipse.m2e.core.internal.Bundles - 	Entry: C:\Users\willian\.p2\pool\plugins\org.eclipse.m2e.maven.runtime_3.9.700.20240602-2313\jars\maven-resolver-api-1.9.20.jar
2026-06-08 21:17:20,217 [Worker-34: Launching controle-gastos] INFO  o.eclipse.m2e.core.internal.Bundles - 	Entry: C:\Users\willian\.p2\pool\plugins\org.eclipse.m2e.maven.runtime_3.9.700.20240602-2313\jars\maven-resolver-connector-basic-1.9.20.jar
2026-06-08 21:17:20,217 [Worker-34: Launching controle-gastos] INFO  o.eclipse.m2e.core.internal.Bundles - 	Entry: C:\Users\willian\.p2\pool\plugins\org.eclipse.m2e.maven.runtime_3.9.700.20240602-2313\jars\maven-resolver-impl-1.9.20.jar
2026-06-08 21:17:20,217 [Worker-34: Launching controle-gastos] INFO  o.eclipse.m2e.core.internal.Bundles - 	Entry: C:\Users\willian\.p2\pool\plugins\org.eclipse.m2e.maven.runtime_3.9.700.20240602-2313\jars\maven-resolver-named-locks-1.9.20.jar
2026-06-08 21:17:20,218 [Worker-34: Launching controle-gastos] INFO  o.eclipse.m2e.core.internal.Bundles - 	Entry: C:\Users\willian\.p2\pool\plugins\org.eclipse.m2e.maven.runtime_3.9.700.20240602-2313\jars\maven-resolver-provider-3.9.7.jar
2026-06-08 21:17:20,218 [Worker-34: Launching controle-gastos] INFO  o.eclipse.m2e.core.internal.Bundles - 	Entry: C:\Users\willian\.p2\pool\plugins\org.eclipse.m2e.maven.runtime_3.9.700.20240602-2313\jars\maven-resolver-spi-1.9.20.jar
2026-06-08 21:17:20,218 [Worker-34: Launching controle-gastos] INFO  o.eclipse.m2e.core.internal.Bundles - 	Entry: C:\Users\willian\.p2\pool\plugins\org.eclipse.m2e.maven.runtime_3.9.700.20240602-2313\jars\maven-resolver-transport-file-1.9.20.jar
2026-06-08 21:17:20,218 [Worker-34: Launching controle-gastos] INFO  o.eclipse.m2e.core.internal.Bundles - 	Entry: C:\Users\willian\.p2\pool\plugins\org.eclipse.m2e.maven.runtime_3.9.700.20240602-2313\jars\maven-resolver-transport-http-1.9.20.jar
2026-06-08 21:17:20,218 [Worker-34: Launching controle-gastos] INFO  o.eclipse.m2e.core.internal.Bundles - 	Entry: C:\Users\willian\.p2\pool\plugins\org.eclipse.m2e.maven.runtime_3.9.700.20240602-2313\jars\maven-resolver-transport-wagon-1.9.20.jar
2026-06-08 21:17:20,218 [Worker-34: Launching controle-gastos] INFO  o.eclipse.m2e.core.internal.Bundles - 	Entry: C:\Users\willian\.p2\pool\plugins\org.eclipse.m2e.maven.runtime_3.9.700.20240602-2313\jars\maven-resolver-util-1.9.20.jar
2026-06-08 21:17:20,219 [Worker-34: Launching controle-gastos] INFO  o.eclipse.m2e.core.internal.Bundles - 	Entry: C:\Users\willian\.p2\pool\plugins\org.eclipse.m2e.maven.runtime_3.9.700.20240602-2313\jars\maven-settings-3.9.7.jar
2026-06-08 21:17:20,219 [Worker-34: Launching controle-gastos] INFO  o.eclipse.m2e.core.internal.Bundles - 	Entry: C:\Users\willian\.p2\pool\plugins\org.eclipse.m2e.maven.runtime_3.9.700.20240602-2313\jars\maven-settings-builder-3.9.7.jar
2026-06-08 21:17:20,219 [Worker-34: Launching controle-gastos] INFO  o.eclipse.m2e.core.internal.Bundles - 	Entry: C:\Users\willian\.p2\pool\plugins\org.eclipse.m2e.maven.runtime_3.9.700.20240602-2313\jars\maven-shared-utils-3.4.2.jar
2026-06-08 21:17:20,219 [Worker-34: Launching controle-gastos] INFO  o.eclipse.m2e.core.internal.Bundles - 	Entry: C:\Users\willian\.p2\pool\plugins\org.eclipse.m2e.maven.runtime_3.9.700.20240602-2313\jars\org.eclipse.sisu.inject-0.9.0.M2.jar
2026-06-08 21:17:20,219 [Worker-34: Launching controle-gastos] INFO  o.eclipse.m2e.core.internal.Bundles - 	Entry: C:\Users\willian\.p2\pool\plugins\org.eclipse.m2e.maven.runtime_3.9.700.20240602-2313\jars\org.eclipse.sisu.plexus-0.9.0.M2.jar
2026-06-08 21:17:20,219 [Worker-34: Launching controle-gastos] INFO  o.eclipse.m2e.core.internal.Bundles - 	Entry: C:\Users\willian\.p2\pool\plugins\org.eclipse.m2e.maven.runtime_3.9.700.20240602-2313\jars\plexus-build-api-0.0.7.jar
2026-06-08 21:17:20,219 [Worker-34: Launching controle-gastos] INFO  o.eclipse.m2e.core.internal.Bundles - 	Entry: C:\Users\willian\.p2\pool\plugins\org.eclipse.m2e.maven.runtime_3.9.700.20240602-2313\jars\plexus-build-api-1.2.0.jar
2026-06-08 21:17:20,220 [Worker-34: Launching controle-gastos] INFO  o.eclipse.m2e.core.internal.Bundles - 	Entry: C:\Users\willian\.p2\pool\plugins\org.eclipse.m2e.maven.runtime_3.9.700.20240602-2313\jars\plexus-cipher-2.0.jar
2026-06-08 21:17:20,220 [Worker-34: Launching controle-gastos] INFO  o.eclipse.m2e.core.internal.Bundles - 	Entry: C:\Users\willian\.p2\pool\plugins\org.eclipse.m2e.maven.runtime_3.9.700.20240602-2313\jars\plexus-classworlds-2.8.0.jar
2026-06-08 21:17:20,220 [Worker-34: Launching controle-gastos] INFO  o.eclipse.m2e.core.internal.Bundles - 	Entry: C:\Users\willian\.p2\pool\plugins\org.eclipse.m2e.maven.runtime_3.9.700.20240602-2313\jars\plexus-component-annotations-2.1.0.jar
2026-06-08 21:17:20,220 [Worker-34: Launching controle-gastos] INFO  o.eclipse.m2e.core.internal.Bundles - 	Entry: C:\Users\willian\.p2\pool\plugins\org.eclipse.m2e.maven.runtime_3.9.700.20240602-2313\jars\plexus-interpolation-1.27.jar
2026-06-08 21:17:20,220 [Worker-34: Launching controle-gastos] INFO  o.eclipse.m2e.core.internal.Bundles - 	Entry: C:\Users\willian\.p2\pool\plugins\org.eclipse.m2e.maven.runtime_3.9.700.20240602-2313\jars\plexus-sec-dispatcher-2.0.jar
2026-06-08 21:17:20,220 [Worker-34: Launching controle-gastos] INFO  o.eclipse.m2e.core.internal.Bundles - 	Entry: C:\Users\willian\.p2\pool\plugins\org.eclipse.m2e.maven.runtime_3.9.700.20240602-2313\jars\plexus-utils-3.5.1.jar
2026-06-08 21:17:20,220 [Worker-34: Launching controle-gastos] INFO  o.eclipse.m2e.core.internal.Bundles - 	Entry: C:\Users\willian\.p2\pool\plugins\org.eclipse.m2e.maven.runtime_3.9.700.20240602-2313\jars\wagon-file-3.5.3.jar
2026-06-08 21:17:20,221 [Worker-34: Launching controle-gastos] INFO  o.eclipse.m2e.core.internal.Bundles - 	Entry: C:\Users\willian\.p2\pool\plugins\org.eclipse.m2e.maven.runtime_3.9.700.20240602-2313\jars\wagon-http-3.5.3.jar
2026-06-08 21:17:20,221 [Worker-34: Launching controle-gastos] INFO  o.eclipse.m2e.core.internal.Bundles - 	Entry: C:\Users\willian\.p2\pool\plugins\org.eclipse.m2e.maven.runtime_3.9.700.20240602-2313\jars\wagon-http-shared-3.5.3.jar
2026-06-08 21:17:20,221 [Worker-34: Launching controle-gastos] INFO  o.eclipse.m2e.core.internal.Bundles - 	Entry: C:\Users\willian\.p2\pool\plugins\org.eclipse.m2e.maven.runtime_3.9.700.20240602-2313\jars\wagon-provider-api-3.5.3.jar
2026-06-08 21:17:20,222 [Worker-34: Launching controle-gastos] INFO  o.eclipse.m2e.core.internal.Bundles - getClasspathEntries(Bundle=com.google.guava_33.2.0.jre [10])
2026-06-08 21:17:20,222 [Worker-34: Launching controle-gastos] INFO  o.eclipse.m2e.core.internal.Bundles - 	Entry: C:\Users\willian\.p2\pool\plugins\com.google.guava_33.2.0.jre.jar
2026-06-08 21:17:20,222 [Worker-34: Launching controle-gastos] INFO  o.eclipse.m2e.core.internal.Bundles - getClasspathEntries(Bundle=slf4j.api_2.0.13 [520])
2026-06-08 21:17:20,223 [Worker-34: Launching controle-gastos] INFO  o.eclipse.m2e.core.internal.Bundles - 	Entry: C:\Users\willian\.p2\pool\plugins\slf4j.api_2.0.13.jar
2026-06-08 21:17:20,223 [Worker-34: Launching controle-gastos] INFO  o.eclipse.m2e.core.internal.Bundles - getClasspathEntries(Bundle=jakarta.inject.jakarta.inject-api_1.0.5 [21])
2026-06-08 21:17:20,223 [Worker-34: Launching controle-gastos] INFO  o.eclipse.m2e.core.internal.Bundles - 	Entry: C:\Users\willian\.p2\pool\plugins\jakarta.inject.jakarta.inject-api_1.0.5.jar
2026-06-08 21:17:20,223 [Worker-34: Launching controle-gastos] INFO  o.eclipse.m2e.core.internal.Bundles - getClasspathEntries(Bundle=javax.annotation_1.3.5.v20200909-1856 [24])
2026-06-08 21:17:20,223 [Worker-34: Launching controle-gastos] INFO  o.eclipse.m2e.core.internal.Bundles - 	Entry: C:\Users\willian\.p2\pool\plugins\javax.annotation_1.3.5.v20200909-1856.jar
2026-06-08 21:17:20,223 [Worker-34: Launching controle-gastos] INFO  o.eclipse.m2e.core.internal.Bundles - getClasspathEntries(Bundle=org.apache.commons.cli_1.8.0 [47])
2026-06-08 21:17:20,223 [Worker-34: Launching controle-gastos] INFO  o.eclipse.m2e.core.internal.Bundles - 	Entry: C:\Users\willian\.p2\pool\plugins\org.apache.commons.cli_1.8.0.jar
2026-06-08 21:17:20,224 [Worker-34: Launching controle-gastos] INFO  o.eclipse.m2e.core.internal.Bundles - getClasspathEntries(Bundle=org.apache.commons.commons-codec_1.16.0 [48])
2026-06-08 21:17:20,224 [Worker-34: Launching controle-gastos] INFO  o.eclipse.m2e.core.internal.Bundles - 	Entry: C:\Users\willian\.p2\pool\plugins\org.apache.commons.commons-codec_1.16.0.jar
2026-06-08 21:17:20,224 [Worker-34: Launching controle-gastos] INFO  o.eclipse.m2e.core.internal.Bundles - getClasspathEntries(Bundle=org.apache.commons.lang3_3.14.0 [54])
2026-06-08 21:17:20,224 [Worker-34: Launching controle-gastos] INFO  o.eclipse.m2e.core.internal.Bundles - 	Entry: C:\Users\willian\.p2\pool\plugins\org.apache.commons.lang3_3.14.0.jar
2026-06-08 21:17:20,224 [Worker-34: Launching controle-gastos] INFO  o.eclipse.m2e.core.internal.Bundles - getClasspathEntries(Bundle=com.google.guava.failureaccess_1.0.2 [11])
2026-06-08 21:17:20,224 [Worker-34: Launching controle-gastos] INFO  o.eclipse.m2e.core.internal.Bundles - 	Entry: C:\Users\willian\.p2\pool\plugins\com.google.guava.failureaccess_1.0.2.jar
2026-06-08 21:17:20,227 [Worker-34: Launching controle-gastos] INFO  o.e.m.i.launch.MavenLaunchDelegate - Run build in "C:\Users\willian\Desktop\Projeto-app-controle-de-gastos-programa-o-para-resolu-o-de-problemas-2\controle-gastos":
2026-06-08 21:17:20,228 [Worker-34: Launching controle-gastos] INFO  o.e.m.i.launch.MavenLaunchDelegate -  mvn  -B -Dstyle.color=always 
2026-06-08 21:18:20,033 [main] INFO  o.e.m2e.actions.ExecutePomAction - Creating new launch configuration
2026-06-08 21:18:37,867 [Worker-7: Launching controle-gastos (1)] INFO  o.eclipse.m2e.core.internal.Bundles - getClasspathEntries(Bundle=org.eclipse.m2e.maven.runtime_3.9.700.20240602-2313 [299])
2026-06-08 21:18:37,868 [Worker-7: Launching controle-gastos (1)] INFO  o.eclipse.m2e.core.internal.Bundles - 	Entry: C:\Users\willian\.p2\pool\plugins\org.eclipse.m2e.maven.runtime_3.9.700.20240602-2313
2026-06-08 21:18:37,868 [Worker-7: Launching controle-gastos (1)] INFO  o.eclipse.m2e.core.internal.Bundles - 	Entry: C:\Users\willian\.p2\pool\plugins\org.eclipse.m2e.maven.runtime_3.9.700.20240602-2313\jars\aopalliance-1.0.jar
2026-06-08 21:18:37,868 [Worker-7: Launching controle-gastos (1)] INFO  o.eclipse.m2e.core.internal.Bundles - 	Entry: C:\Users\willian\.p2\pool\plugins\org.eclipse.m2e.maven.runtime_3.9.700.20240602-2313\jars\guice-5.1.0.jar
2026-06-08 21:18:37,868 [Worker-7: Launching controle-gastos (1)] INFO  o.eclipse.m2e.core.internal.Bundles - 	Entry: C:\Users\willian\.p2\pool\plugins\org.eclipse.m2e.maven.runtime_3.9.700.20240602-2313\jars\httpclient-4.5.14.jar
2026-06-08 21:18:37,868 [Worker-7: Launching controle-gastos (1)] INFO  o.eclipse.m2e.core.internal.Bundles - 	Entry: C:\Users\willian\.p2\pool\plugins\org.eclipse.m2e.maven.runtime_3.9.700.20240602-2313\jars\httpcore-4.4.16.jar
2026-06-08 21:18:37,869 [Worker-7: Launching controle-gastos (1)] INFO  o.eclipse.m2e.core.internal.Bundles - 	Entry: C:\Users\willian\.p2\pool\plugins\org.eclipse.m2e.maven.runtime_3.9.700.20240602-2313\jars\jansi-2.4.1.jar
2026-06-08 21:18:37,869 [Worker-7: Launching controle-gastos (1)] INFO  o.eclipse.m2e.core.internal.Bundles - 	Entry: C:\Users\willian\.p2\pool\plugins\org.eclipse.m2e.maven.runtime_3.9.700.20240602-2313\jars\jcl-over-slf4j-1.7.36.jar
2026-06-08 21:18:37,869 [Worker-7: Launching controle-gastos (1)] INFO  o.eclipse.m2e.core.internal.Bundles - 	Entry: C:\Users\willian\.p2\pool\plugins\org.eclipse.m2e.maven.runtime_3.9.700.20240602-2313\jars\maven-artifact-3.9.7.jar
2026-06-08 21:18:37,869 [Worker-7: Launching controle-gastos (1)] INFO  o.eclipse.m2e.core.internal.Bundles - 	Entry: C:\Users\willian\.p2\pool\plugins\org.eclipse.m2e.maven.runtime_3.9.700.20240602-2313\jars\maven-builder-support-3.9.7.jar
2026-06-08 21:18:37,869 [Worker-7: Launching controle-gastos (1)] INFO  o.eclipse.m2e.core.internal.Bundles - 	Entry: C:\Users\willian\.p2\pool\plugins\org.eclipse.m2e.maven.runtime_3.9.700.20240602-2313\jars\maven-compat-3.9.7.jar
2026-06-08 21:18:37,869 [Worker-7: Launching controle-gastos (1)] INFO  o.eclipse.m2e.core.internal.Bundles - 	Entry: C:\Users\willian\.p2\pool\plugins\org.eclipse.m2e.maven.runtime_3.9.700.20240602-2313\jars\maven-core-3.9.7.jar
2026-06-08 21:18:37,869 [Worker-7: Launching controle-gastos (1)] INFO  o.eclipse.m2e.core.internal.Bundles - 	Entry: C:\Users\willian\.p2\pool\plugins\org.eclipse.m2e.maven.runtime_3.9.700.20240602-2313\jars\maven-embedder-3.9.7.jar
2026-06-08 21:18:37,869 [Worker-7: Launching controle-gastos (1)] INFO  o.eclipse.m2e.core.internal.Bundles - 	Entry: C:\Users\willian\.p2\pool\plugins\org.eclipse.m2e.maven.runtime_3.9.700.20240602-2313\jars\maven-model-3.9.7.jar
2026-06-08 21:18:37,869 [Worker-7: Launching controle-gastos (1)] INFO  o.eclipse.m2e.core.internal.Bundles - 	Entry: C:\Users\willian\.p2\pool\plugins\org.eclipse.m2e.maven.runtime_3.9.700.20240602-2313\jars\maven-model-builder-3.9.7.jar
2026-06-08 21:18:37,870 [Worker-7: Launching controle-gastos (1)] INFO  o.eclipse.m2e.core.internal.Bundles - 	Entry: C:\Users\willian\.p2\pool\plugins\org.eclipse.m2e.maven.runtime_3.9.700.20240602-2313\jars\maven-plugin-api-3.9.7.jar
2026-06-08 21:18:37,870 [Worker-7: Launching controle-gastos (1)] INFO  o.eclipse.m2e.core.internal.Bundles - 	Entry: C:\Users\willian\.p2\pool\plugins\org.eclipse.m2e.maven.runtime_3.9.700.20240602-2313\jars\maven-repository-metadata-3.9.7.jar
2026-06-08 21:18:37,870 [Worker-7: Launching controle-gastos (1)] INFO  o.eclipse.m2e.core.internal.Bundles - 	Entry: C:\Users\willian\.p2\pool\plugins\org.eclipse.m2e.maven.runtime_3.9.700.20240602-2313\jars\maven-resolver-api-1.9.20.jar
2026-06-08 21:18:37,870 [Worker-7: Launching controle-gastos (1)] INFO  o.eclipse.m2e.core.internal.Bundles - 	Entry: C:\Users\willian\.p2\pool\plugins\org.eclipse.m2e.maven.runtime_3.9.700.20240602-2313\jars\maven-resolver-connector-basic-1.9.20.jar
2026-06-08 21:18:37,870 [Worker-7: Launching controle-gastos (1)] INFO  o.eclipse.m2e.core.internal.Bundles - 	Entry: C:\Users\willian\.p2\pool\plugins\org.eclipse.m2e.maven.runtime_3.9.700.20240602-2313\jars\maven-resolver-impl-1.9.20.jar
2026-06-08 21:18:37,870 [Worker-7: Launching controle-gastos (1)] INFO  o.eclipse.m2e.core.internal.Bundles - 	Entry: C:\Users\willian\.p2\pool\plugins\org.eclipse.m2e.maven.runtime_3.9.700.20240602-2313\jars\maven-resolver-named-locks-1.9.20.jar
2026-06-08 21:18:37,870 [Worker-7: Launching controle-gastos (1)] INFO  o.eclipse.m2e.core.internal.Bundles - 	Entry: C:\Users\willian\.p2\pool\plugins\org.eclipse.m2e.maven.runtime_3.9.700.20240602-2313\jars\maven-resolver-provider-3.9.7.jar
2026-06-08 21:18:37,871 [Worker-7: Launching controle-gastos (1)] INFO  o.eclipse.m2e.core.internal.Bundles - 	Entry: C:\Users\willian\.p2\pool\plugins\org.eclipse.m2e.maven.runtime_3.9.700.20240602-2313\jars\maven-resolver-spi-1.9.20.jar
2026-06-08 21:18:37,871 [Worker-7: Launching controle-gastos (1)] INFO  o.eclipse.m2e.core.internal.Bundles - 	Entry: C:\Users\willian\.p2\pool\plugins\org.eclipse.m2e.maven.runtime_3.9.700.20240602-2313\jars\maven-resolver-transport-file-1.9.20.jar
2026-06-08 21:18:37,871 [Worker-7: Launching controle-gastos (1)] INFO  o.eclipse.m2e.core.internal.Bundles - 	Entry: C:\Users\willian\.p2\pool\plugins\org.eclipse.m2e.maven.runtime_3.9.700.20240602-2313\jars\maven-resolver-transport-http-1.9.20.jar
2026-06-08 21:18:37,871 [Worker-7: Launching controle-gastos (1)] INFO  o.eclipse.m2e.core.internal.Bundles - 	Entry: C:\Users\willian\.p2\pool\plugins\org.eclipse.m2e.maven.runtime_3.9.700.20240602-2313\jars\maven-resolver-transport-wagon-1.9.20.jar
2026-06-08 21:18:37,871 [Worker-7: Launching controle-gastos (1)] INFO  o.eclipse.m2e.core.internal.Bundles - 	Entry: C:\Users\willian\.p2\pool\plugins\org.eclipse.m2e.maven.runtime_3.9.700.20240602-2313\jars\maven-resolver-util-1.9.20.jar
2026-06-08 21:18:37,871 [Worker-7: Launching controle-gastos (1)] INFO  o.eclipse.m2e.core.internal.Bundles - 	Entry: C:\Users\willian\.p2\pool\plugins\org.eclipse.m2e.maven.runtime_3.9.700.20240602-2313\jars\maven-settings-3.9.7.jar
2026-06-08 21:18:37,871 [Worker-7: Launching controle-gastos (1)] INFO  o.eclipse.m2e.core.internal.Bundles - 	Entry: C:\Users\willian\.p2\pool\plugins\org.eclipse.m2e.maven.runtime_3.9.700.20240602-2313\jars\maven-settings-builder-3.9.7.jar
2026-06-08 21:18:37,872 [Worker-7: Launching controle-gastos (1)] INFO  o.eclipse.m2e.core.internal.Bundles - 	Entry: C:\Users\willian\.p2\pool\plugins\org.eclipse.m2e.maven.runtime_3.9.700.20240602-2313\jars\maven-shared-utils-3.4.2.jar
2026-06-08 21:18:37,872 [Worker-7: Launching controle-gastos (1)] INFO  o.eclipse.m2e.core.internal.Bundles - 	Entry: C:\Users\willian\.p2\pool\plugins\org.eclipse.m2e.maven.runtime_3.9.700.20240602-2313\jars\org.eclipse.sisu.inject-0.9.0.M2.jar
2026-06-08 21:18:37,872 [Worker-7: Launching controle-gastos (1)] INFO  o.eclipse.m2e.core.internal.Bundles - 	Entry: C:\Users\willian\.p2\pool\plugins\org.eclipse.m2e.maven.runtime_3.9.700.20240602-2313\jars\org.eclipse.sisu.plexus-0.9.0.M2.jar
2026-06-08 21:18:37,872 [Worker-7: Launching controle-gastos (1)] INFO  o.eclipse.m2e.core.internal.Bundles - 	Entry: C:\Users\willian\.p2\pool\plugins\org.eclipse.m2e.maven.runtime_3.9.700.20240602-2313\jars\plexus-build-api-0.0.7.jar
2026-06-08 21:18:37,872 [Worker-7: Launching controle-gastos (1)] INFO  o.eclipse.m2e.core.internal.Bundles - 	Entry: C:\Users\willian\.p2\pool\plugins\org.eclipse.m2e.maven.runtime_3.9.700.20240602-2313\jars\plexus-build-api-1.2.0.jar
2026-06-08 21:18:37,872 [Worker-7: Launching controle-gastos (1)] INFO  o.eclipse.m2e.core.internal.Bundles - 	Entry: C:\Users\willian\.p2\pool\plugins\org.eclipse.m2e.maven.runtime_3.9.700.20240602-2313\jars\plexus-cipher-2.0.jar
2026-06-08 21:18:37,872 [Worker-7: Launching controle-gastos (1)] INFO  o.eclipse.m2e.core.internal.Bundles - 	Entry: C:\Users\willian\.p2\pool\plugins\org.eclipse.m2e.maven.runtime_3.9.700.20240602-2313\jars\plexus-classworlds-2.8.0.jar
2026-06-08 21:18:37,873 [Worker-7: Launching controle-gastos (1)] INFO  o.eclipse.m2e.core.internal.Bundles - 	Entry: C:\Users\willian\.p2\pool\plugins\org.eclipse.m2e.maven.runtime_3.9.700.20240602-2313\jars\plexus-component-annotations-2.1.0.jar
2026-06-08 21:18:37,873 [Worker-7: Launching controle-gastos (1)] INFO  o.eclipse.m2e.core.internal.Bundles - 	Entry: C:\Users\willian\.p2\pool\plugins\org.eclipse.m2e.maven.runtime_3.9.700.20240602-2313\jars\plexus-interpolation-1.27.jar
2026-06-08 21:18:37,873 [Worker-7: Launching controle-gastos (1)] INFO  o.eclipse.m2e.core.internal.Bundles - 	Entry: C:\Users\willian\.p2\pool\plugins\org.eclipse.m2e.maven.runtime_3.9.700.20240602-2313\jars\plexus-sec-dispatcher-2.0.jar
2026-06-08 21:18:37,873 [Worker-7: Launching controle-gastos (1)] INFO  o.eclipse.m2e.core.internal.Bundles - 	Entry: C:\Users\willian\.p2\pool\plugins\org.eclipse.m2e.maven.runtime_3.9.700.20240602-2313\jars\plexus-utils-3.5.1.jar
2026-06-08 21:18:37,873 [Worker-7: Launching controle-gastos (1)] INFO  o.eclipse.m2e.core.internal.Bundles - 	Entry: C:\Users\willian\.p2\pool\plugins\org.eclipse.m2e.maven.runtime_3.9.700.20240602-2313\jars\wagon-file-3.5.3.jar
2026-06-08 21:18:37,873 [Worker-7: Launching controle-gastos (1)] INFO  o.eclipse.m2e.core.internal.Bundles - 	Entry: C:\Users\willian\.p2\pool\plugins\org.eclipse.m2e.maven.runtime_3.9.700.20240602-2313\jars\wagon-http-3.5.3.jar
2026-06-08 21:18:37,873 [Worker-7: Launching controle-gastos (1)] INFO  o.eclipse.m2e.core.internal.Bundles - 	Entry: C:\Users\willian\.p2\pool\plugins\org.eclipse.m2e.maven.runtime_3.9.700.20240602-2313\jars\wagon-http-shared-3.5.3.jar
2026-06-08 21:18:37,873 [Worker-7: Launching controle-gastos (1)] INFO  o.eclipse.m2e.core.internal.Bundles - 	Entry: C:\Users\willian\.p2\pool\plugins\org.eclipse.m2e.maven.runtime_3.9.700.20240602-2313\jars\wagon-provider-api-3.5.3.jar
2026-06-08 21:18:37,874 [Worker-7: Launching controle-gastos (1)] INFO  o.eclipse.m2e.core.internal.Bundles - getClasspathEntries(Bundle=com.google.guava_33.2.0.jre [10])
2026-06-08 21:18:37,874 [Worker-7: Launching controle-gastos (1)] INFO  o.eclipse.m2e.core.internal.Bundles - 	Entry: C:\Users\willian\.p2\pool\plugins\com.google.guava_33.2.0.jre.jar
2026-06-08 21:18:37,874 [Worker-7: Launching controle-gastos (1)] INFO  o.eclipse.m2e.core.internal.Bundles - getClasspathEntries(Bundle=slf4j.api_2.0.13 [520])
2026-06-08 21:18:37,874 [Worker-7: Launching controle-gastos (1)] INFO  o.eclipse.m2e.core.internal.Bundles - 	Entry: C:\Users\willian\.p2\pool\plugins\slf4j.api_2.0.13.jar
2026-06-08 21:18:37,874 [Worker-7: Launching controle-gastos (1)] INFO  o.eclipse.m2e.core.internal.Bundles - getClasspathEntries(Bundle=jakarta.inject.jakarta.inject-api_1.0.5 [21])
2026-06-08 21:18:37,874 [Worker-7: Launching controle-gastos (1)] INFO  o.eclipse.m2e.core.internal.Bundles - 	Entry: C:\Users\willian\.p2\pool\plugins\jakarta.inject.jakarta.inject-api_1.0.5.jar
2026-06-08 21:18:37,875 [Worker-7: Launching controle-gastos (1)] INFO  o.eclipse.m2e.core.internal.Bundles - getClasspathEntries(Bundle=javax.annotation_1.3.5.v20200909-1856 [24])
2026-06-08 21:18:37,875 [Worker-7: Launching controle-gastos (1)] INFO  o.eclipse.m2e.core.internal.Bundles - 	Entry: C:\Users\willian\.p2\pool\plugins\javax.annotation_1.3.5.v20200909-1856.jar
2026-06-08 21:18:37,875 [Worker-7: Launching controle-gastos (1)] INFO  o.eclipse.m2e.core.internal.Bundles - getClasspathEntries(Bundle=org.apache.commons.cli_1.8.0 [47])
2026-06-08 21:18:37,875 [Worker-7: Launching controle-gastos (1)] INFO  o.eclipse.m2e.core.internal.Bundles - 	Entry: C:\Users\willian\.p2\pool\plugins\org.apache.commons.cli_1.8.0.jar
2026-06-08 21:18:37,875 [Worker-7: Launching controle-gastos (1)] INFO  o.eclipse.m2e.core.internal.Bundles - getClasspathEntries(Bundle=org.apache.commons.commons-codec_1.16.0 [48])
2026-06-08 21:18:37,875 [Worker-7: Launching controle-gastos (1)] INFO  o.eclipse.m2e.core.internal.Bundles - 	Entry: C:\Users\willian\.p2\pool\plugins\org.apache.commons.commons-codec_1.16.0.jar
2026-06-08 21:18:37,875 [Worker-7: Launching controle-gastos (1)] INFO  o.eclipse.m2e.core.internal.Bundles - getClasspathEntries(Bundle=org.apache.commons.lang3_3.14.0 [54])
2026-06-08 21:18:37,876 [Worker-7: Launching controle-gastos (1)] INFO  o.eclipse.m2e.core.internal.Bundles - 	Entry: C:\Users\willian\.p2\pool\plugins\org.apache.commons.lang3_3.14.0.jar
2026-06-08 21:18:37,876 [Worker-7: Launching controle-gastos (1)] INFO  o.eclipse.m2e.core.internal.Bundles - getClasspathEntries(Bundle=com.google.guava.failureaccess_1.0.2 [11])
2026-06-08 21:18:37,876 [Worker-7: Launching controle-gastos (1)] INFO  o.eclipse.m2e.core.internal.Bundles - 	Entry: C:\Users\willian\.p2\pool\plugins\com.google.guava.failureaccess_1.0.2.jar
2026-06-08 21:18:37,877 [Worker-7: Launching controle-gastos (1)] INFO  o.e.m.i.launch.MavenLaunchDelegate - Run build in "C:\Users\willian\Desktop\Projeto-app-controle-de-gastos-programa-o-para-resolu-o-de-problemas-2\controle-gastos":
2026-06-08 21:18:37,877 [Worker-7: Launching controle-gastos (1)] INFO  o.e.m.i.launch.MavenLaunchDelegate -  mvn  -B -Dstyle.color=always javafx:run
2026-06-08 21:21:11,798 [Worker-6: Loading available Gradle versions] INFO  o.e.b.c.i.u.g.PublishedGradleVersions - Gradle version information cache is up-to-date. Trying to read.
2026-06-08 21:27:43,447 [Worker-26: Building Workspace] INFO  o.a.m.s.f.DefaultMavenResourcesFiltering - Copying 0 resource from src\main\resources to target\classes
2026-06-08 21:27:43,452 [Worker-26: Building Workspace] INFO  o.a.m.s.f.DefaultMavenResourcesFiltering - Copying 0 resource from src\test\resources to target\test-classes
2026-06-08 21:27:54,524 [Worker-26: Building] INFO  o.a.m.s.f.DefaultMavenResourcesFiltering - Copying 0 resource from src\main\resources to target\classes
2026-06-08 21:27:54,527 [Worker-26: Building] INFO  o.a.m.s.f.DefaultMavenResourcesFiltering - Copying 0 resource from src\test\resources to target\test-classes
2026-06-08 21:27:55,554 [Worker-32: Building] INFO  o.a.m.s.f.DefaultMavenResourcesFiltering - Copying 0 resource from src\main\resources to target\classes
2026-06-08 21:27:55,556 [Worker-32: Building] INFO  o.a.m.s.f.DefaultMavenResourcesFiltering - Copying 0 resource from src\test\resources to target\test-classes
2026-06-08 21:28:02,574 [Worker-33: Building] INFO  o.a.m.s.f.DefaultMavenResourcesFiltering - Copying 0 resource from src\main\resources to target\classes
2026-06-08 21:28:02,575 [Worker-33: Building] INFO  o.a.m.s.f.DefaultMavenResourcesFiltering - Copying 0 resource from src\test\resources to target\test-classes
2026-06-08 21:28:03,623 [Worker-26: Building] INFO  o.a.m.s.f.DefaultMavenResourcesFiltering - Copying 0 resource from src\main\resources to target\classes
2026-06-08 21:28:03,625 [Worker-26: Building] INFO  o.a.m.s.f.DefaultMavenResourcesFiltering - Copying 0 resource from src\test\resources to target\test-classes
2026-06-08 21:28:13,949 [main] INFO  o.e.m2e.actions.ExecutePomAction - Creating new launch configuration
2026-06-08 21:28:47,701 [main] INFO  o.e.m2e.actions.ExecutePomAction - Creating new launch configuration
2026-06-08 21:28:54,836 [Worker-26: Launching controle-gastos (3)] INFO  o.eclipse.m2e.core.internal.Bundles - getClasspathEntries(Bundle=org.eclipse.m2e.maven.runtime_3.9.700.20240602-2313 [299])
2026-06-08 21:28:54,838 [Worker-26: Launching controle-gastos (3)] INFO  o.eclipse.m2e.core.internal.Bundles - 	Entry: C:\Users\willian\.p2\pool\plugins\org.eclipse.m2e.maven.runtime_3.9.700.20240602-2313
2026-06-08 21:28:54,838 [Worker-26: Launching controle-gastos (3)] INFO  o.eclipse.m2e.core.internal.Bundles - 	Entry: C:\Users\willian\.p2\pool\plugins\org.eclipse.m2e.maven.runtime_3.9.700.20240602-2313\jars\aopalliance-1.0.jar
2026-06-08 21:28:54,838 [Worker-26: Launching controle-gastos (3)] INFO  o.eclipse.m2e.core.internal.Bundles - 	Entry: C:\Users\willian\.p2\pool\plugins\org.eclipse.m2e.maven.runtime_3.9.700.20240602-2313\jars\guice-5.1.0.jar
2026-06-08 21:28:54,839 [Worker-26: Launching controle-gastos (3)] INFO  o.eclipse.m2e.core.internal.Bundles - 	Entry: C:\Users\willian\.p2\pool\plugins\org.eclipse.m2e.maven.runtime_3.9.700.20240602-2313\jars\httpclient-4.5.14.jar
2026-06-08 21:28:54,839 [Worker-26: Launching controle-gastos (3)] INFO  o.eclipse.m2e.core.internal.Bundles - 	Entry: C:\Users\willian\.p2\pool\plugins\org.eclipse.m2e.maven.runtime_3.9.700.20240602-2313\jars\httpcore-4.4.16.jar
2026-06-08 21:28:54,839 [Worker-26: Launching controle-gastos (3)] INFO  o.eclipse.m2e.core.internal.Bundles - 	Entry: C:\Users\willian\.p2\pool\plugins\org.eclipse.m2e.maven.runtime_3.9.700.20240602-2313\jars\jansi-2.4.1.jar
2026-06-08 21:28:54,839 [Worker-26: Launching controle-gastos (3)] INFO  o.eclipse.m2e.core.internal.Bundles - 	Entry: C:\Users\willian\.p2\pool\plugins\org.eclipse.m2e.maven.runtime_3.9.700.20240602-2313\jars\jcl-over-slf4j-1.7.36.jar
2026-06-08 21:28:54,839 [Worker-26: Launching controle-gastos (3)] INFO  o.eclipse.m2e.core.internal.Bundles - 	Entry: C:\Users\willian\.p2\pool\plugins\org.eclipse.m2e.maven.runtime_3.9.700.20240602-2313\jars\maven-artifact-3.9.7.jar
2026-06-08 21:28:54,839 [Worker-26: Launching controle-gastos (3)] INFO  o.eclipse.m2e.core.internal.Bundles - 	Entry: C:\Users\willian\.p2\pool\plugins\org.eclipse.m2e.maven.runtime_3.9.700.20240602-2313\jars\maven-builder-support-3.9.7.jar
2026-06-08 21:28:54,839 [Worker-26: Launching controle-gastos (3)] INFO  o.eclipse.m2e.core.internal.Bundles - 	Entry: C:\Users\willian\.p2\pool\plugins\org.eclipse.m2e.maven.runtime_3.9.700.20240602-2313\jars\maven-compat-3.9.7.jar
2026-06-08 21:28:54,840 [Worker-26: Launching controle-gastos (3)] INFO  o.eclipse.m2e.core.internal.Bundles - 	Entry: C:\Users\willian\.p2\pool\plugins\org.eclipse.m2e.maven.runtime_3.9.700.20240602-2313\jars\maven-core-3.9.7.jar
2026-06-08 21:28:54,840 [Worker-26: Launching controle-gastos (3)] INFO  o.eclipse.m2e.core.internal.Bundles - 	Entry: C:\Users\willian\.p2\pool\plugins\org.eclipse.m2e.maven.runtime_3.9.700.20240602-2313\jars\maven-embedder-3.9.7.jar
2026-06-08 21:28:54,840 [Worker-26: Launching controle-gastos (3)] INFO  o.eclipse.m2e.core.internal.Bundles - 	Entry: C:\Users\willian\.p2\pool\plugins\org.eclipse.m2e.maven.runtime_3.9.700.20240602-2313\jars\maven-model-3.9.7.jar
2026-06-08 21:28:54,840 [Worker-26: Launching controle-gastos (3)] INFO  o.eclipse.m2e.core.internal.Bundles - 	Entry: C:\Users\willian\.p2\pool\plugins\org.eclipse.m2e.maven.runtime_3.9.700.20240602-2313\jars\maven-model-builder-3.9.7.jar
2026-06-08 21:28:54,840 [Worker-26: Launching controle-gastos (3)] INFO  o.eclipse.m2e.core.internal.Bundles - 	Entry: C:\Users\willian\.p2\pool\plugins\org.eclipse.m2e.maven.runtime_3.9.700.20240602-2313\jars\maven-plugin-api-3.9.7.jar
2026-06-08 21:28:54,840 [Worker-26: Launching controle-gastos (3)] INFO  o.eclipse.m2e.core.internal.Bundles - 	Entry: C:\Users\willian\.p2\pool\plugins\org.eclipse.m2e.maven.runtime_3.9.700.20240602-2313\jars\maven-repository-metadata-3.9.7.jar
2026-06-08 21:28:54,840 [Worker-26: Launching controle-gastos (3)] INFO  o.eclipse.m2e.core.internal.Bundles - 	Entry: C:\Users\willian\.p2\pool\plugins\org.eclipse.m2e.maven.runtime_3.9.700.20240602-2313\jars\maven-resolver-api-1.9.20.jar
2026-06-08 21:28:54,841 [Worker-26: Launching controle-gastos (3)] INFO  o.eclipse.m2e.core.internal.Bundles - 	Entry: C:\Users\willian\.p2\pool\plugins\org.eclipse.m2e.maven.runtime_3.9.700.20240602-2313\jars\maven-resolver-connector-basic-1.9.20.jar
2026-06-08 21:28:54,841 [Worker-26: Launching controle-gastos (3)] INFO  o.eclipse.m2e.core.internal.Bundles - 	Entry: C:\Users\willian\.p2\pool\plugins\org.eclipse.m2e.maven.runtime_3.9.700.20240602-2313\jars\maven-resolver-impl-1.9.20.jar
2026-06-08 21:28:54,841 [Worker-26: Launching controle-gastos (3)] INFO  o.eclipse.m2e.core.internal.Bundles - 	Entry: C:\Users\willian\.p2\pool\plugins\org.eclipse.m2e.maven.runtime_3.9.700.20240602-2313\jars\maven-resolver-named-locks-1.9.20.jar
2026-06-08 21:28:54,841 [Worker-26: Launching controle-gastos (3)] INFO  o.eclipse.m2e.core.internal.Bundles - 	Entry: C:\Users\willian\.p2\pool\plugins\org.eclipse.m2e.maven.runtime_3.9.700.20240602-2313\jars\maven-resolver-provider-3.9.7.jar
2026-06-08 21:28:54,841 [Worker-26: Launching controle-gastos (3)] INFO  o.eclipse.m2e.core.internal.Bundles - 	Entry: C:\Users\willian\.p2\pool\plugins\org.eclipse.m2e.maven.runtime_3.9.700.20240602-2313\jars\maven-resolver-spi-1.9.20.jar
2026-06-08 21:28:54,841 [Worker-26: Launching controle-gastos (3)] INFO  o.eclipse.m2e.core.internal.Bundles - 	Entry: C:\Users\willian\.p2\pool\plugins\org.eclipse.m2e.maven.runtime_3.9.700.20240602-2313\jars\maven-resolver-transport-file-1.9.20.jar
2026-06-08 21:28:54,842 [Worker-26: Launching controle-gastos (3)] INFO  o.eclipse.m2e.core.internal.Bundles - 	Entry: C:\Users\willian\.p2\pool\plugins\org.eclipse.m2e.maven.runtime_3.9.700.20240602-2313\jars\maven-resolver-transport-http-1.9.20.jar
2026-06-08 21:28:54,842 [Worker-26: Launching controle-gastos (3)] INFO  o.eclipse.m2e.core.internal.Bundles - 	Entry: C:\Users\willian\.p2\pool\plugins\org.eclipse.m2e.maven.runtime_3.9.700.20240602-2313\jars\maven-resolver-transport-wagon-1.9.20.jar
2026-06-08 21:28:54,842 [Worker-26: Launching controle-gastos (3)] INFO  o.eclipse.m2e.core.internal.Bundles - 	Entry: C:\Users\willian\.p2\pool\plugins\org.eclipse.m2e.maven.runtime_3.9.700.20240602-2313\jars\maven-resolver-util-1.9.20.jar
2026-06-08 21:28:54,842 [Worker-26: Launching controle-gastos (3)] INFO  o.eclipse.m2e.core.internal.Bundles - 	Entry: C:\Users\willian\.p2\pool\plugins\org.eclipse.m2e.maven.runtime_3.9.700.20240602-2313\jars\maven-settings-3.9.7.jar
2026-06-08 21:28:54,842 [Worker-26: Launching controle-gastos (3)] INFO  o.eclipse.m2e.core.internal.Bundles - 	Entry: C:\Users\willian\.p2\pool\plugins\org.eclipse.m2e.maven.runtime_3.9.700.20240602-2313\jars\maven-settings-builder-3.9.7.jar
2026-06-08 21:28:54,843 [Worker-26: Launching controle-gastos (3)] INFO  o.eclipse.m2e.core.internal.Bundles - 	Entry: C:\Users\willian\.p2\pool\plugins\org.eclipse.m2e.maven.runtime_3.9.700.20240602-2313\jars\maven-shared-utils-3.4.2.jar
2026-06-08 21:28:54,843 [Worker-26: Launching controle-gastos (3)] INFO  o.eclipse.m2e.core.internal.Bundles - 	Entry: C:\Users\willian\.p2\pool\plugins\org.eclipse.m2e.maven.runtime_3.9.700.20240602-2313\jars\org.eclipse.sisu.inject-0.9.0.M2.jar
2026-06-08 21:28:54,843 [Worker-26: Launching controle-gastos (3)] INFO  o.eclipse.m2e.core.internal.Bundles - 	Entry: C:\Users\willian\.p2\pool\plugins\org.eclipse.m2e.maven.runtime_3.9.700.20240602-2313\jars\org.eclipse.sisu.plexus-0.9.0.M2.jar
2026-06-08 21:28:54,843 [Worker-26: Launching controle-gastos (3)] INFO  o.eclipse.m2e.core.internal.Bundles - 	Entry: C:\Users\willian\.p2\pool\plugins\org.eclipse.m2e.maven.runtime_3.9.700.20240602-2313\jars\plexus-build-api-0.0.7.jar
2026-06-08 21:28:54,844 [Worker-26: Launching controle-gastos (3)] INFO  o.eclipse.m2e.core.internal.Bundles - 	Entry: C:\Users\willian\.p2\pool\plugins\org.eclipse.m2e.maven.runtime_3.9.700.20240602-2313\jars\plexus-build-api-1.2.0.jar
2026-06-08 21:28:54,844 [Worker-26: Launching controle-gastos (3)] INFO  o.eclipse.m2e.core.internal.Bundles - 	Entry: C:\Users\willian\.p2\pool\plugins\org.eclipse.m2e.maven.runtime_3.9.700.20240602-2313\jars\plexus-cipher-2.0.jar
2026-06-08 21:28:54,844 [Worker-26: Launching controle-gastos (3)] INFO  o.eclipse.m2e.core.internal.Bundles - 	Entry: C:\Users\willian\.p2\pool\plugins\org.eclipse.m2e.maven.runtime_3.9.700.20240602-2313\jars\plexus-classworlds-2.8.0.jar
2026-06-08 21:28:54,844 [Worker-26: Launching controle-gastos (3)] INFO  o.eclipse.m2e.core.internal.Bundles - 	Entry: C:\Users\willian\.p2\pool\plugins\org.eclipse.m2e.maven.runtime_3.9.700.20240602-2313\jars\plexus-component-annotations-2.1.0.jar
2026-06-08 21:28:54,845 [Worker-26: Launching controle-gastos (3)] INFO  o.eclipse.m2e.core.internal.Bundles - 	Entry: C:\Users\willian\.p2\pool\plugins\org.eclipse.m2e.maven.runtime_3.9.700.20240602-2313\jars\plexus-interpolation-1.27.jar
2026-06-08 21:28:54,845 [Worker-26: Launching controle-gastos (3)] INFO  o.eclipse.m2e.core.internal.Bundles - 	Entry: C:\Users\willian\.p2\pool\plugins\org.eclipse.m2e.maven.runtime_3.9.700.20240602-2313\jars\plexus-sec-dispatcher-2.0.jar
2026-06-08 21:28:54,845 [Worker-26: Launching controle-gastos (3)] INFO  o.eclipse.m2e.core.internal.Bundles - 	Entry: C:\Users\willian\.p2\pool\plugins\org.eclipse.m2e.maven.runtime_3.9.700.20240602-2313\jars\plexus-utils-3.5.1.jar
2026-06-08 21:28:54,845 [Worker-26: Launching controle-gastos (3)] INFO  o.eclipse.m2e.core.internal.Bundles - 	Entry: C:\Users\willian\.p2\pool\plugins\org.eclipse.m2e.maven.runtime_3.9.700.20240602-2313\jars\wagon-file-3.5.3.jar
2026-06-08 21:28:54,845 [Worker-26: Launching controle-gastos (3)] INFO  o.eclipse.m2e.core.internal.Bundles - 	Entry: C:\Users\willian\.p2\pool\plugins\org.eclipse.m2e.maven.runtime_3.9.700.20240602-2313\jars\wagon-http-3.5.3.jar
2026-06-08 21:28:54,845 [Worker-26: Launching controle-gastos (3)] INFO  o.eclipse.m2e.core.internal.Bundles - 	Entry: C:\Users\willian\.p2\pool\plugins\org.eclipse.m2e.maven.runtime_3.9.700.20240602-2313\jars\wagon-http-shared-3.5.3.jar
2026-06-08 21:28:54,846 [Worker-26: Launching controle-gastos (3)] INFO  o.eclipse.m2e.core.internal.Bundles - 	Entry: C:\Users\willian\.p2\pool\plugins\org.eclipse.m2e.maven.runtime_3.9.700.20240602-2313\jars\wagon-provider-api-3.5.3.jar
2026-06-08 21:28:54,847 [Worker-26: Launching controle-gastos (3)] INFO  o.eclipse.m2e.core.internal.Bundles - getClasspathEntries(Bundle=com.google.guava_33.2.0.jre [10])
2026-06-08 21:28:54,847 [Worker-26: Launching controle-gastos (3)] INFO  o.eclipse.m2e.core.internal.Bundles - 	Entry: C:\Users\willian\.p2\pool\plugins\com.google.guava_33.2.0.jre.jar
2026-06-08 21:28:54,847 [Worker-26: Launching controle-gastos (3)] INFO  o.eclipse.m2e.core.internal.Bundles - getClasspathEntries(Bundle=slf4j.api_2.0.13 [520])
2026-06-08 21:28:54,847 [Worker-26: Launching controle-gastos (3)] INFO  o.eclipse.m2e.core.internal.Bundles - 	Entry: C:\Users\willian\.p2\pool\plugins\slf4j.api_2.0.13.jar
2026-06-08 21:28:54,847 [Worker-26: Launching controle-gastos (3)] INFO  o.eclipse.m2e.core.internal.Bundles - getClasspathEntries(Bundle=jakarta.inject.jakarta.inject-api_1.0.5 [21])
2026-06-08 21:28:54,848 [Worker-26: Launching controle-gastos (3)] INFO  o.eclipse.m2e.core.internal.Bundles - 	Entry: C:\Users\willian\.p2\pool\plugins\jakarta.inject.jakarta.inject-api_1.0.5.jar
2026-06-08 21:28:54,848 [Worker-26: Launching controle-gastos (3)] INFO  o.eclipse.m2e.core.internal.Bundles - getClasspathEntries(Bundle=javax.annotation_1.3.5.v20200909-1856 [24])
2026-06-08 21:28:54,848 [Worker-26: Launching controle-gastos (3)] INFO  o.eclipse.m2e.core.internal.Bundles - 	Entry: C:\Users\willian\.p2\pool\plugins\javax.annotation_1.3.5.v20200909-1856.jar
2026-06-08 21:28:54,848 [Worker-26: Launching controle-gastos (3)] INFO  o.eclipse.m2e.core.internal.Bundles - getClasspathEntries(Bundle=org.apache.commons.cli_1.8.0 [47])
2026-06-08 21:28:54,848 [Worker-26: Launching controle-gastos (3)] INFO  o.eclipse.m2e.core.internal.Bundles - 	Entry: C:\Users\willian\.p2\pool\plugins\org.apache.commons.cli_1.8.0.jar
2026-06-08 21:28:54,848 [Worker-26: Launching controle-gastos (3)] INFO  o.eclipse.m2e.core.internal.Bundles - getClasspathEntries(Bundle=org.apache.commons.commons-codec_1.16.0 [48])
2026-06-08 21:28:54,849 [Worker-26: Launching controle-gastos (3)] INFO  o.eclipse.m2e.core.internal.Bundles - 	Entry: C:\Users\willian\.p2\pool\plugins\org.apache.commons.commons-codec_1.16.0.jar
2026-06-08 21:28:54,849 [Worker-26: Launching controle-gastos (3)] INFO  o.eclipse.m2e.core.internal.Bundles - getClasspathEntries(Bundle=org.apache.commons.lang3_3.14.0 [54])
2026-06-08 21:28:54,849 [Worker-26: Launching controle-gastos (3)] INFO  o.eclipse.m2e.core.internal.Bundles - 	Entry: C:\Users\willian\.p2\pool\plugins\org.apache.commons.lang3_3.14.0.jar
2026-06-08 21:28:54,849 [Worker-26: Launching controle-gastos (3)] INFO  o.eclipse.m2e.core.internal.Bundles - getClasspathEntries(Bundle=com.google.guava.failureaccess_1.0.2 [11])
2026-06-08 21:28:54,849 [Worker-26: Launching controle-gastos (3)] INFO  o.eclipse.m2e.core.internal.Bundles - 	Entry: C:\Users\willian\.p2\pool\plugins\com.google.guava.failureaccess_1.0.2.jar
2026-06-08 21:28:54,851 [Worker-26: Launching controle-gastos (3)] INFO  o.e.m.i.launch.MavenLaunchDelegate - Run build in "C:\Users\willian\Desktop\Projeto-app-controle-de-gastos-programa-o-para-resolu-o-de-problemas-2\controle-gastos":
2026-06-08 21:28:54,851 [Worker-26: Launching controle-gastos (3)] INFO  o.e.m.i.launch.MavenLaunchDelegate -  mvn  -B -Dstyle.color=always javafx:run
2026-06-08 21:34:46,986 [Worker-35: Building] INFO  o.a.m.s.f.DefaultMavenResourcesFiltering - Copying 0 resource from src\main\resources to target\classes
2026-06-08 21:34:46,988 [Worker-35: Building] INFO  o.a.m.s.f.DefaultMavenResourcesFiltering - Copying 0 resource from src\test\resources to target\test-classes
2026-06-08 21:35:23,428 [main] INFO  o.e.m2e.actions.ExecutePomAction - Creating new launch configuration
2026-06-08 21:35:32,687 [Worker-26: Launching controle-gastos (4)] INFO  o.eclipse.m2e.core.internal.Bundles - getClasspathEntries(Bundle=org.eclipse.m2e.maven.runtime_3.9.700.20240602-2313 [299])
2026-06-08 21:35:32,687 [Worker-26: Launching controle-gastos (4)] INFO  o.eclipse.m2e.core.internal.Bundles - 	Entry: C:\Users\willian\.p2\pool\plugins\org.eclipse.m2e.maven.runtime_3.9.700.20240602-2313
2026-06-08 21:35:32,687 [Worker-26: Launching controle-gastos (4)] INFO  o.eclipse.m2e.core.internal.Bundles - 	Entry: C:\Users\willian\.p2\pool\plugins\org.eclipse.m2e.maven.runtime_3.9.700.20240602-2313\jars\aopalliance-1.0.jar
2026-06-08 21:35:32,688 [Worker-26: Launching controle-gastos (4)] INFO  o.eclipse.m2e.core.internal.Bundles - 	Entry: C:\Users\willian\.p2\pool\plugins\org.eclipse.m2e.maven.runtime_3.9.700.20240602-2313\jars\guice-5.1.0.jar
2026-06-08 21:35:32,688 [Worker-26: Launching controle-gastos (4)] INFO  o.eclipse.m2e.core.internal.Bundles - 	Entry: C:\Users\willian\.p2\pool\plugins\org.eclipse.m2e.maven.runtime_3.9.700.20240602-2313\jars\httpclient-4.5.14.jar
2026-06-08 21:35:32,688 [Worker-26: Launching controle-gastos (4)] INFO  o.eclipse.m2e.core.internal.Bundles - 	Entry: C:\Users\willian\.p2\pool\plugins\org.eclipse.m2e.maven.runtime_3.9.700.20240602-2313\jars\httpcore-4.4.16.jar
2026-06-08 21:35:32,688 [Worker-26: Launching controle-gastos (4)] INFO  o.eclipse.m2e.core.internal.Bundles - 	Entry: C:\Users\willian\.p2\pool\plugins\org.eclipse.m2e.maven.runtime_3.9.700.20240602-2313\jars\jansi-2.4.1.jar
2026-06-08 21:35:32,688 [Worker-26: Launching controle-gastos (4)] INFO  o.eclipse.m2e.core.internal.Bundles - 	Entry: C:\Users\willian\.p2\pool\plugins\org.eclipse.m2e.maven.runtime_3.9.700.20240602-2313\jars\jcl-over-slf4j-1.7.36.jar
2026-06-08 21:35:32,688 [Worker-26: Launching controle-gastos (4)] INFO  o.eclipse.m2e.core.internal.Bundles - 	Entry: C:\Users\willian\.p2\pool\plugins\org.eclipse.m2e.maven.runtime_3.9.700.20240602-2313\jars\maven-artifact-3.9.7.jar
2026-06-08 21:35:32,688 [Worker-26: Launching controle-gastos (4)] INFO  o.eclipse.m2e.core.internal.Bundles - 	Entry: C:\Users\willian\.p2\pool\plugins\org.eclipse.m2e.maven.runtime_3.9.700.20240602-2313\jars\maven-builder-support-3.9.7.jar
2026-06-08 21:35:32,689 [Worker-26: Launching controle-gastos (4)] INFO  o.eclipse.m2e.core.internal.Bundles - 	Entry: C:\Users\willian\.p2\pool\plugins\org.eclipse.m2e.maven.runtime_3.9.700.20240602-2313\jars\maven-compat-3.9.7.jar
2026-06-08 21:35:32,689 [Worker-26: Launching controle-gastos (4)] INFO  o.eclipse.m2e.core.internal.Bundles - 	Entry: C:\Users\willian\.p2\pool\plugins\org.eclipse.m2e.maven.runtime_3.9.700.20240602-2313\jars\maven-core-3.9.7.jar
2026-06-08 21:35:32,689 [Worker-26: Launching controle-gastos (4)] INFO  o.eclipse.m2e.core.internal.Bundles - 	Entry: C:\Users\willian\.p2\pool\plugins\org.eclipse.m2e.maven.runtime_3.9.700.20240602-2313\jars\maven-embedder-3.9.7.jar
2026-06-08 21:35:32,689 [Worker-26: Launching controle-gastos (4)] INFO  o.eclipse.m2e.core.internal.Bundles - 	Entry: C:\Users\willian\.p2\pool\plugins\org.eclipse.m2e.maven.runtime_3.9.700.20240602-2313\jars\maven-model-3.9.7.jar
2026-06-08 21:35:32,689 [Worker-26: Launching controle-gastos (4)] INFO  o.eclipse.m2e.core.internal.Bundles - 	Entry: C:\Users\willian\.p2\pool\plugins\org.eclipse.m2e.maven.runtime_3.9.700.20240602-2313\jars\maven-model-builder-3.9.7.jar
2026-06-08 21:35:32,690 [Worker-26: Launching controle-gastos (4)] INFO  o.eclipse.m2e.core.internal.Bundles - 	Entry: C:\Users\willian\.p2\pool\plugins\org.eclipse.m2e.maven.runtime_3.9.700.20240602-2313\jars\maven-plugin-api-3.9.7.jar
2026-06-08 21:35:32,690 [Worker-26: Launching controle-gastos (4)] INFO  o.eclipse.m2e.core.internal.Bundles - 	Entry: C:\Users\willian\.p2\pool\plugins\org.eclipse.m2e.maven.runtime_3.9.700.20240602-2313\jars\maven-repository-metadata-3.9.7.jar
2026-06-08 21:35:32,690 [Worker-26: Launching controle-gastos (4)] INFO  o.eclipse.m2e.core.internal.Bundles - 	Entry: C:\Users\willian\.p2\pool\plugins\org.eclipse.m2e.maven.runtime_3.9.700.20240602-2313\jars\maven-resolver-api-1.9.20.jar
2026-06-08 21:35:32,690 [Worker-26: Launching controle-gastos (4)] INFO  o.eclipse.m2e.core.internal.Bundles - 	Entry: C:\Users\willian\.p2\pool\plugins\org.eclipse.m2e.maven.runtime_3.9.700.20240602-2313\jars\maven-resolver-connector-basic-1.9.20.jar
2026-06-08 21:35:32,690 [Worker-26: Launching controle-gastos (4)] INFO  o.eclipse.m2e.core.internal.Bundles - 	Entry: C:\Users\willian\.p2\pool\plugins\org.eclipse.m2e.maven.runtime_3.9.700.20240602-2313\jars\maven-resolver-impl-1.9.20.jar
2026-06-08 21:35:32,690 [Worker-26: Launching controle-gastos (4)] INFO  o.eclipse.m2e.core.internal.Bundles - 	Entry: C:\Users\willian\.p2\pool\plugins\org.eclipse.m2e.maven.runtime_3.9.700.20240602-2313\jars\maven-resolver-named-locks-1.9.20.jar
2026-06-08 21:35:32,690 [Worker-26: Launching controle-gastos (4)] INFO  o.eclipse.m2e.core.internal.Bundles - 	Entry: C:\Users\willian\.p2\pool\plugins\org.eclipse.m2e.maven.runtime_3.9.700.20240602-2313\jars\maven-resolver-provider-3.9.7.jar
2026-06-08 21:35:32,691 [Worker-26: Launching controle-gastos (4)] INFO  o.eclipse.m2e.core.internal.Bundles - 	Entry: C:\Users\willian\.p2\pool\plugins\org.eclipse.m2e.maven.runtime_3.9.700.20240602-2313\jars\maven-resolver-spi-1.9.20.jar
2026-06-08 21:35:32,691 [Worker-26: Launching controle-gastos (4)] INFO  o.eclipse.m2e.core.internal.Bundles - 	Entry: C:\Users\willian\.p2\pool\plugins\org.eclipse.m2e.maven.runtime_3.9.700.20240602-2313\jars\maven-resolver-transport-file-1.9.20.jar
2026-06-08 21:35:32,691 [Worker-26: Launching controle-gastos (4)] INFO  o.eclipse.m2e.core.internal.Bundles - 	Entry: C:\Users\willian\.p2\pool\plugins\org.eclipse.m2e.maven.runtime_3.9.700.20240602-2313\jars\maven-resolver-transport-http-1.9.20.jar
2026-06-08 21:35:32,691 [Worker-26: Launching controle-gastos (4)] INFO  o.eclipse.m2e.core.internal.Bundles - 	Entry: C:\Users\willian\.p2\pool\plugins\org.eclipse.m2e.maven.runtime_3.9.700.20240602-2313\jars\maven-resolver-transport-wagon-1.9.20.jar
2026-06-08 21:35:32,691 [Worker-26: Launching controle-gastos (4)] INFO  o.eclipse.m2e.core.internal.Bundles - 	Entry: C:\Users\willian\.p2\pool\plugins\org.eclipse.m2e.maven.runtime_3.9.700.20240602-2313\jars\maven-resolver-util-1.9.20.jar
2026-06-08 21:35:32,691 [Worker-26: Launching controle-gastos (4)] INFO  o.eclipse.m2e.core.internal.Bundles - 	Entry: C:\Users\willian\.p2\pool\plugins\org.eclipse.m2e.maven.runtime_3.9.700.20240602-2313\jars\maven-settings-3.9.7.jar
2026-06-08 21:35:32,691 [Worker-26: Launching controle-gastos (4)] INFO  o.eclipse.m2e.core.internal.Bundles - 	Entry: C:\Users\willian\.p2\pool\plugins\org.eclipse.m2e.maven.runtime_3.9.700.20240602-2313\jars\maven-settings-builder-3.9.7.jar
2026-06-08 21:35:32,691 [Worker-26: Launching controle-gastos (4)] INFO  o.eclipse.m2e.core.internal.Bundles - 	Entry: C:\Users\willian\.p2\pool\plugins\org.eclipse.m2e.maven.runtime_3.9.700.20240602-2313\jars\maven-shared-utils-3.4.2.jar
2026-06-08 21:35:32,692 [Worker-26: Launching controle-gastos (4)] INFO  o.eclipse.m2e.core.internal.Bundles - 	Entry: C:\Users\willian\.p2\pool\plugins\org.eclipse.m2e.maven.runtime_3.9.700.20240602-2313\jars\org.eclipse.sisu.inject-0.9.0.M2.jar
2026-06-08 21:35:32,692 [Worker-26: Launching controle-gastos (4)] INFO  o.eclipse.m2e.core.internal.Bundles - 	Entry: C:\Users\willian\.p2\pool\plugins\org.eclipse.m2e.maven.runtime_3.9.700.20240602-2313\jars\org.eclipse.sisu.plexus-0.9.0.M2.jar
2026-06-08 21:35:32,692 [Worker-26: Launching controle-gastos (4)] INFO  o.eclipse.m2e.core.internal.Bundles - 	Entry: C:\Users\willian\.p2\pool\plugins\org.eclipse.m2e.maven.runtime_3.9.700.20240602-2313\jars\plexus-build-api-0.0.7.jar
2026-06-08 21:35:32,692 [Worker-26: Launching controle-gastos (4)] INFO  o.eclipse.m2e.core.internal.Bundles - 	Entry: C:\Users\willian\.p2\pool\plugins\org.eclipse.m2e.maven.runtime_3.9.700.20240602-2313\jars\plexus-build-api-1.2.0.jar
2026-06-08 21:35:32,692 [Worker-26: Launching controle-gastos (4)] INFO  o.eclipse.m2e.core.internal.Bundles - 	Entry: C:\Users\willian\.p2\pool\plugins\org.eclipse.m2e.maven.runtime_3.9.700.20240602-2313\jars\plexus-cipher-2.0.jar
2026-06-08 21:35:32,692 [Worker-26: Launching controle-gastos (4)] INFO  o.eclipse.m2e.core.internal.Bundles - 	Entry: C:\Users\willian\.p2\pool\plugins\org.eclipse.m2e.maven.runtime_3.9.700.20240602-2313\jars\plexus-classworlds-2.8.0.jar
2026-06-08 21:35:32,692 [Worker-26: Launching controle-gastos (4)] INFO  o.eclipse.m2e.core.internal.Bundles - 	Entry: C:\Users\willian\.p2\pool\plugins\org.eclipse.m2e.maven.runtime_3.9.700.20240602-2313\jars\plexus-component-annotations-2.1.0.jar
2026-06-08 21:35:32,693 [Worker-26: Launching controle-gastos (4)] INFO  o.eclipse.m2e.core.internal.Bundles - 	Entry: C:\Users\willian\.p2\pool\plugins\org.eclipse.m2e.maven.runtime_3.9.700.20240602-2313\jars\plexus-interpolation-1.27.jar
2026-06-08 21:35:32,693 [Worker-26: Launching controle-gastos (4)] INFO  o.eclipse.m2e.core.internal.Bundles - 	Entry: C:\Users\willian\.p2\pool\plugins\org.eclipse.m2e.maven.runtime_3.9.700.20240602-2313\jars\plexus-sec-dispatcher-2.0.jar
2026-06-08 21:35:32,693 [Worker-26: Launching controle-gastos (4)] INFO  o.eclipse.m2e.core.internal.Bundles - 	Entry: C:\Users\willian\.p2\pool\plugins\org.eclipse.m2e.maven.runtime_3.9.700.20240602-2313\jars\plexus-utils-3.5.1.jar
2026-06-08 21:35:32,693 [Worker-26: Launching controle-gastos (4)] INFO  o.eclipse.m2e.core.internal.Bundles - 	Entry: C:\Users\willian\.p2\pool\plugins\org.eclipse.m2e.maven.runtime_3.9.700.20240602-2313\jars\wagon-file-3.5.3.jar
2026-06-08 21:35:32,693 [Worker-26: Launching controle-gastos (4)] INFO  o.eclipse.m2e.core.internal.Bundles - 	Entry: C:\Users\willian\.p2\pool\plugins\org.eclipse.m2e.maven.runtime_3.9.700.20240602-2313\jars\wagon-http-3.5.3.jar
2026-06-08 21:35:32,693 [Worker-26: Launching controle-gastos (4)] INFO  o.eclipse.m2e.core.internal.Bundles - 	Entry: C:\Users\willian\.p2\pool\plugins\org.eclipse.m2e.maven.runtime_3.9.700.20240602-2313\jars\wagon-http-shared-3.5.3.jar
2026-06-08 21:35:32,693 [Worker-26: Launching controle-gastos (4)] INFO  o.eclipse.m2e.core.internal.Bundles - 	Entry: C:\Users\willian\.p2\pool\plugins\org.eclipse.m2e.maven.runtime_3.9.700.20240602-2313\jars\wagon-provider-api-3.5.3.jar
2026-06-08 21:35:32,694 [Worker-26: Launching controle-gastos (4)] INFO  o.eclipse.m2e.core.internal.Bundles - getClasspathEntries(Bundle=com.google.guava_33.2.0.jre [10])
2026-06-08 21:35:32,694 [Worker-26: Launching controle-gastos (4)] INFO  o.eclipse.m2e.core.internal.Bundles - 	Entry: C:\Users\willian\.p2\pool\plugins\com.google.guava_33.2.0.jre.jar
2026-06-08 21:35:32,694 [Worker-26: Launching controle-gastos (4)] INFO  o.eclipse.m2e.core.internal.Bundles - getClasspathEntries(Bundle=slf4j.api_2.0.13 [520])
2026-06-08 21:35:32,694 [Worker-26: Launching controle-gastos (4)] INFO  o.eclipse.m2e.core.internal.Bundles - 	Entry: C:\Users\willian\.p2\pool\plugins\slf4j.api_2.0.13.jar
2026-06-08 21:35:32,694 [Worker-26: Launching controle-gastos (4)] INFO  o.eclipse.m2e.core.internal.Bundles - getClasspathEntries(Bundle=jakarta.inject.jakarta.inject-api_1.0.5 [21])
2026-06-08 21:35:32,695 [Worker-26: Launching controle-gastos (4)] INFO  o.eclipse.m2e.core.internal.Bundles - 	Entry: C:\Users\willian\.p2\pool\plugins\jakarta.inject.jakarta.inject-api_1.0.5.jar
2026-06-08 21:35:32,695 [Worker-26: Launching controle-gastos (4)] INFO  o.eclipse.m2e.core.internal.Bundles - getClasspathEntries(Bundle=javax.annotation_1.3.5.v20200909-1856 [24])
2026-06-08 21:35:32,695 [Worker-26: Launching controle-gastos (4)] INFO  o.eclipse.m2e.core.internal.Bundles - 	Entry: C:\Users\willian\.p2\pool\plugins\javax.annotation_1.3.5.v20200909-1856.jar
2026-06-08 21:35:32,695 [Worker-26: Launching controle-gastos (4)] INFO  o.eclipse.m2e.core.internal.Bundles - getClasspathEntries(Bundle=org.apache.commons.cli_1.8.0 [47])
2026-06-08 21:35:32,695 [Worker-26: Launching controle-gastos (4)] INFO  o.eclipse.m2e.core.internal.Bundles - 	Entry: C:\Users\willian\.p2\pool\plugins\org.apache.commons.cli_1.8.0.jar
2026-06-08 21:35:32,695 [Worker-26: Launching controle-gastos (4)] INFO  o.eclipse.m2e.core.internal.Bundles - getClasspathEntries(Bundle=org.apache.commons.commons-codec_1.16.0 [48])
2026-06-08 21:35:32,695 [Worker-26: Launching controle-gastos (4)] INFO  o.eclipse.m2e.core.internal.Bundles - 	Entry: C:\Users\willian\.p2\pool\plugins\org.apache.commons.commons-codec_1.16.0.jar
2026-06-08 21:35:32,695 [Worker-26: Launching controle-gastos (4)] INFO  o.eclipse.m2e.core.internal.Bundles - getClasspathEntries(Bundle=org.apache.commons.lang3_3.14.0 [54])
2026-06-08 21:35:32,696 [Worker-26: Launching controle-gastos (4)] INFO  o.eclipse.m2e.core.internal.Bundles - 	Entry: C:\Users\willian\.p2\pool\plugins\org.apache.commons.lang3_3.14.0.jar
2026-06-08 21:35:32,696 [Worker-26: Launching controle-gastos (4)] INFO  o.eclipse.m2e.core.internal.Bundles - getClasspathEntries(Bundle=com.google.guava.failureaccess_1.0.2 [11])
2026-06-08 21:35:32,696 [Worker-26: Launching controle-gastos (4)] INFO  o.eclipse.m2e.core.internal.Bundles - 	Entry: C:\Users\willian\.p2\pool\plugins\com.google.guava.failureaccess_1.0.2.jar
2026-06-08 21:35:32,697 [Worker-26: Launching controle-gastos (4)] INFO  o.e.m.i.launch.MavenLaunchDelegate - Run build in "C:\Users\willian\Desktop\Projeto-app-controle-de-gastos-programa-o-para-resolu-o-de-problemas-2\controle-gastos":
2026-06-08 21:35:32,697 [Worker-26: Launching controle-gastos (4)] INFO  o.e.m.i.launch.MavenLaunchDelegate -  mvn  -B -Dstyle.color=always javafx:run
2026-06-08 21:35:32,842 [Worker-37: Building] INFO  o.a.m.s.f.DefaultMavenResourcesFiltering - Copying 0 resource from src\main\resources to target\classes
2026-06-08 21:35:32,844 [Worker-37: Building] INFO  o.a.m.s.f.DefaultMavenResourcesFiltering - Copying 0 resource from src\test\resources to target\test-classes
2026-06-08 21:35:50,892 [main] INFO  o.e.m2e.actions.ExecutePomAction - Creating new launch configuration
2026-06-08 21:35:58,384 [Worker-38: Launching controle-gastos (5)] INFO  o.eclipse.m2e.core.internal.Bundles - getClasspathEntries(Bundle=org.eclipse.m2e.maven.runtime_3.9.700.20240602-2313 [299])
2026-06-08 21:35:58,385 [Worker-38: Launching controle-gastos (5)] INFO  o.eclipse.m2e.core.internal.Bundles - 	Entry: C:\Users\willian\.p2\pool\plugins\org.eclipse.m2e.maven.runtime_3.9.700.20240602-2313
2026-06-08 21:35:58,385 [Worker-38: Launching controle-gastos (5)] INFO  o.eclipse.m2e.core.internal.Bundles - 	Entry: C:\Users\willian\.p2\pool\plugins\org.eclipse.m2e.maven.runtime_3.9.700.20240602-2313\jars\aopalliance-1.0.jar
2026-06-08 21:35:58,385 [Worker-38: Launching controle-gastos (5)] INFO  o.eclipse.m2e.core.internal.Bundles - 	Entry: C:\Users\willian\.p2\pool\plugins\org.eclipse.m2e.maven.runtime_3.9.700.20240602-2313\jars\guice-5.1.0.jar
2026-06-08 21:35:58,385 [Worker-38: Launching controle-gastos (5)] INFO  o.eclipse.m2e.core.internal.Bundles - 	Entry: C:\Users\willian\.p2\pool\plugins\org.eclipse.m2e.maven.runtime_3.9.700.20240602-2313\jars\httpclient-4.5.14.jar
2026-06-08 21:35:58,386 [Worker-38: Launching controle-gastos (5)] INFO  o.eclipse.m2e.core.internal.Bundles - 	Entry: C:\Users\willian\.p2\pool\plugins\org.eclipse.m2e.maven.runtime_3.9.700.20240602-2313\jars\httpcore-4.4.16.jar
2026-06-08 21:35:58,386 [Worker-38: Launching controle-gastos (5)] INFO  o.eclipse.m2e.core.internal.Bundles - 	Entry: C:\Users\willian\.p2\pool\plugins\org.eclipse.m2e.maven.runtime_3.9.700.20240602-2313\jars\jansi-2.4.1.jar
2026-06-08 21:35:58,386 [Worker-38: Launching controle-gastos (5)] INFO  o.eclipse.m2e.core.internal.Bundles - 	Entry: C:\Users\willian\.p2\pool\plugins\org.eclipse.m2e.maven.runtime_3.9.700.20240602-2313\jars\jcl-over-slf4j-1.7.36.jar
2026-06-08 21:35:58,406 [Worker-38: Launching controle-gastos (5)] INFO  o.eclipse.m2e.core.internal.Bundles - 	Entry: C:\Users\willian\.p2\pool\plugins\org.eclipse.m2e.maven.runtime_3.9.700.20240602-2313\jars\maven-artifact-3.9.7.jar
2026-06-08 21:35:58,407 [Worker-38: Launching controle-gastos (5)] INFO  o.eclipse.m2e.core.internal.Bundles - 	Entry: C:\Users\willian\.p2\pool\plugins\org.eclipse.m2e.maven.runtime_3.9.700.20240602-2313\jars\maven-builder-support-3.9.7.jar
2026-06-08 21:35:58,407 [Worker-38: Launching controle-gastos (5)] INFO  o.eclipse.m2e.core.internal.Bundles - 	Entry: C:\Users\willian\.p2\pool\plugins\org.eclipse.m2e.maven.runtime_3.9.700.20240602-2313\jars\maven-compat-3.9.7.jar
2026-06-08 21:35:58,407 [Worker-38: Launching controle-gastos (5)] INFO  o.eclipse.m2e.core.internal.Bundles - 	Entry: C:\Users\willian\.p2\pool\plugins\org.eclipse.m2e.maven.runtime_3.9.700.20240602-2313\jars\maven-core-3.9.7.jar
2026-06-08 21:35:58,407 [Worker-38: Launching controle-gastos (5)] INFO  o.eclipse.m2e.core.internal.Bundles - 	Entry: C:\Users\willian\.p2\pool\plugins\org.eclipse.m2e.maven.runtime_3.9.700.20240602-2313\jars\maven-embedder-3.9.7.jar
2026-06-08 21:35:58,408 [Worker-38: Launching controle-gastos (5)] INFO  o.eclipse.m2e.core.internal.Bundles - 	Entry: C:\Users\willian\.p2\pool\plugins\org.eclipse.m2e.maven.runtime_3.9.700.20240602-2313\jars\maven-model-3.9.7.jar
2026-06-08 21:35:58,408 [Worker-38: Launching controle-gastos (5)] INFO  o.eclipse.m2e.core.internal.Bundles - 	Entry: C:\Users\willian\.p2\pool\plugins\org.eclipse.m2e.maven.runtime_3.9.700.20240602-2313\jars\maven-model-builder-3.9.7.jar
2026-06-08 21:35:58,408 [Worker-38: Launching controle-gastos (5)] INFO  o.eclipse.m2e.core.internal.Bundles - 	Entry: C:\Users\willian\.p2\pool\plugins\org.eclipse.m2e.maven.runtime_3.9.700.20240602-2313\jars\maven-plugin-api-3.9.7.jar
2026-06-08 21:35:58,408 [Worker-38: Launching controle-gastos (5)] INFO  o.eclipse.m2e.core.internal.Bundles - 	Entry: C:\Users\willian\.p2\pool\plugins\org.eclipse.m2e.maven.runtime_3.9.700.20240602-2313\jars\maven-repository-metadata-3.9.7.jar
2026-06-08 21:35:58,408 [Worker-38: Launching controle-gastos (5)] INFO  o.eclipse.m2e.core.internal.Bundles - 	Entry: C:\Users\willian\.p2\pool\plugins\org.eclipse.m2e.maven.runtime_3.9.700.20240602-2313\jars\maven-resolver-api-1.9.20.jar
2026-06-08 21:35:58,409 [Worker-38: Launching controle-gastos (5)] INFO  o.eclipse.m2e.core.internal.Bundles - 	Entry: C:\Users\willian\.p2\pool\plugins\org.eclipse.m2e.maven.runtime_3.9.700.20240602-2313\jars\maven-resolver-connector-basic-1.9.20.jar
2026-06-08 21:35:58,409 [Worker-38: Launching controle-gastos (5)] INFO  o.eclipse.m2e.core.internal.Bundles - 	Entry: C:\Users\willian\.p2\pool\plugins\org.eclipse.m2e.maven.runtime_3.9.700.20240602-2313\jars\maven-resolver-impl-1.9.20.jar
2026-06-08 21:35:58,409 [Worker-38: Launching controle-gastos (5)] INFO  o.eclipse.m2e.core.internal.Bundles - 	Entry: C:\Users\willian\.p2\pool\plugins\org.eclipse.m2e.maven.runtime_3.9.700.20240602-2313\jars\maven-resolver-named-locks-1.9.20.jar
2026-06-08 21:35:58,409 [Worker-38: Launching controle-gastos (5)] INFO  o.eclipse.m2e.core.internal.Bundles - 	Entry: C:\Users\willian\.p2\pool\plugins\org.eclipse.m2e.maven.runtime_3.9.700.20240602-2313\jars\maven-resolver-provider-3.9.7.jar
2026-06-08 21:35:58,409 [Worker-38: Launching controle-gastos (5)] INFO  o.eclipse.m2e.core.internal.Bundles - 	Entry: C:\Users\willian\.p2\pool\plugins\org.eclipse.m2e.maven.runtime_3.9.700.20240602-2313\jars\maven-resolver-spi-1.9.20.jar
2026-06-08 21:35:58,410 [Worker-38: Launching controle-gastos (5)] INFO  o.eclipse.m2e.core.internal.Bundles - 	Entry: C:\Users\willian\.p2\pool\plugins\org.eclipse.m2e.maven.runtime_3.9.700.20240602-2313\jars\maven-resolver-transport-file-1.9.20.jar
2026-06-08 21:35:58,410 [Worker-38: Launching controle-gastos (5)] INFO  o.eclipse.m2e.core.internal.Bundles - 	Entry: C:\Users\willian\.p2\pool\plugins\org.eclipse.m2e.maven.runtime_3.9.700.20240602-2313\jars\maven-resolver-transport-http-1.9.20.jar
2026-06-08 21:35:58,410 [Worker-38: Launching controle-gastos (5)] INFO  o.eclipse.m2e.core.internal.Bundles - 	Entry: C:\Users\willian\.p2\pool\plugins\org.eclipse.m2e.maven.runtime_3.9.700.20240602-2313\jars\maven-resolver-transport-wagon-1.9.20.jar
2026-06-08 21:35:58,410 [Worker-38: Launching controle-gastos (5)] INFO  o.eclipse.m2e.core.internal.Bundles - 	Entry: C:\Users\willian\.p2\pool\plugins\org.eclipse.m2e.maven.runtime_3.9.700.20240602-2313\jars\maven-resolver-util-1.9.20.jar
2026-06-08 21:35:58,410 [Worker-38: Launching controle-gastos (5)] INFO  o.eclipse.m2e.core.internal.Bundles - 	Entry: C:\Users\willian\.p2\pool\plugins\org.eclipse.m2e.maven.runtime_3.9.700.20240602-2313\jars\maven-settings-3.9.7.jar
2026-06-08 21:35:58,410 [Worker-38: Launching controle-gastos (5)] INFO  o.eclipse.m2e.core.internal.Bundles - 	Entry: C:\Users\willian\.p2\pool\plugins\org.eclipse.m2e.maven.runtime_3.9.700.20240602-2313\jars\maven-settings-builder-3.9.7.jar
2026-06-08 21:35:58,410 [Worker-38: Launching controle-gastos (5)] INFO  o.eclipse.m2e.core.internal.Bundles - 	Entry: C:\Users\willian\.p2\pool\plugins\org.eclipse.m2e.maven.runtime_3.9.700.20240602-2313\jars\maven-shared-utils-3.4.2.jar
2026-06-08 21:35:58,411 [Worker-38: Launching controle-gastos (5)] INFO  o.eclipse.m2e.core.internal.Bundles - 	Entry: C:\Users\willian\.p2\pool\plugins\org.eclipse.m2e.maven.runtime_3.9.700.20240602-2313\jars\org.eclipse.sisu.inject-0.9.0.M2.jar
2026-06-08 21:35:58,411 [Worker-38: Launching controle-gastos (5)] INFO  o.eclipse.m2e.core.internal.Bundles - 	Entry: C:\Users\willian\.p2\pool\plugins\org.eclipse.m2e.maven.runtime_3.9.700.20240602-2313\jars\org.eclipse.sisu.plexus-0.9.0.M2.jar
2026-06-08 21:35:58,411 [Worker-38: Launching controle-gastos (5)] INFO  o.eclipse.m2e.core.internal.Bundles - 	Entry: C:\Users\willian\.p2\pool\plugins\org.eclipse.m2e.maven.runtime_3.9.700.20240602-2313\jars\plexus-build-api-0.0.7.jar
2026-06-08 21:35:58,411 [Worker-38: Launching controle-gastos (5)] INFO  o.eclipse.m2e.core.internal.Bundles - 	Entry: C:\Users\willian\.p2\pool\plugins\org.eclipse.m2e.maven.runtime_3.9.700.20240602-2313\jars\plexus-build-api-1.2.0.jar
2026-06-08 21:35:58,411 [Worker-38: Launching controle-gastos (5)] INFO  o.eclipse.m2e.core.internal.Bundles - 	Entry: C:\Users\willian\.p2\pool\plugins\org.eclipse.m2e.maven.runtime_3.9.700.20240602-2313\jars\plexus-cipher-2.0.jar
2026-06-08 21:35:58,411 [Worker-38: Launching controle-gastos (5)] INFO  o.eclipse.m2e.core.internal.Bundles - 	Entry: C:\Users\willian\.p2\pool\plugins\org.eclipse.m2e.maven.runtime_3.9.700.20240602-2313\jars\plexus-classworlds-2.8.0.jar
2026-06-08 21:35:58,411 [Worker-38: Launching controle-gastos (5)] INFO  o.eclipse.m2e.core.internal.Bundles - 	Entry: C:\Users\willian\.p2\pool\plugins\org.eclipse.m2e.maven.runtime_3.9.700.20240602-2313\jars\plexus-component-annotations-2.1.0.jar
2026-06-08 21:35:58,411 [Worker-38: Launching controle-gastos (5)] INFO  o.eclipse.m2e.core.internal.Bundles - 	Entry: C:\Users\willian\.p2\pool\plugins\org.eclipse.m2e.maven.runtime_3.9.700.20240602-2313\jars\plexus-interpolation-1.27.jar
2026-06-08 21:35:58,412 [Worker-38: Launching controle-gastos (5)] INFO  o.eclipse.m2e.core.internal.Bundles - 	Entry: C:\Users\willian\.p2\pool\plugins\org.eclipse.m2e.maven.runtime_3.9.700.20240602-2313\jars\plexus-sec-dispatcher-2.0.jar
2026-06-08 21:35:58,412 [Worker-38: Launching controle-gastos (5)] INFO  o.eclipse.m2e.core.internal.Bundles - 	Entry: C:\Users\willian\.p2\pool\plugins\org.eclipse.m2e.maven.runtime_3.9.700.20240602-2313\jars\plexus-utils-3.5.1.jar
2026-06-08 21:35:58,412 [Worker-38: Launching controle-gastos (5)] INFO  o.eclipse.m2e.core.internal.Bundles - 	Entry: C:\Users\willian\.p2\pool\plugins\org.eclipse.m2e.maven.runtime_3.9.700.20240602-2313\jars\wagon-file-3.5.3.jar
2026-06-08 21:35:58,412 [Worker-38: Launching controle-gastos (5)] INFO  o.eclipse.m2e.core.internal.Bundles - 	Entry: C:\Users\willian\.p2\pool\plugins\org.eclipse.m2e.maven.runtime_3.9.700.20240602-2313\jars\wagon-http-3.5.3.jar
2026-06-08 21:35:58,412 [Worker-38: Launching controle-gastos (5)] INFO  o.eclipse.m2e.core.internal.Bundles - 	Entry: C:\Users\willian\.p2\pool\plugins\org.eclipse.m2e.maven.runtime_3.9.700.20240602-2313\jars\wagon-http-shared-3.5.3.jar
2026-06-08 21:35:58,412 [Worker-38: Launching controle-gastos (5)] INFO  o.eclipse.m2e.core.internal.Bundles - 	Entry: C:\Users\willian\.p2\pool\plugins\org.eclipse.m2e.maven.runtime_3.9.700.20240602-2313\jars\wagon-provider-api-3.5.3.jar
2026-06-08 21:35:58,413 [Worker-38: Launching controle-gastos (5)] INFO  o.eclipse.m2e.core.internal.Bundles - getClasspathEntries(Bundle=com.google.guava_33.2.0.jre [10])
2026-06-08 21:35:58,413 [Worker-38: Launching controle-gastos (5)] INFO  o.eclipse.m2e.core.internal.Bundles - 	Entry: C:\Users\willian\.p2\pool\plugins\com.google.guava_33.2.0.jre.jar
2026-06-08 21:35:58,413 [Worker-38: Launching controle-gastos (5)] INFO  o.eclipse.m2e.core.internal.Bundles - getClasspathEntries(Bundle=slf4j.api_2.0.13 [520])
2026-06-08 21:35:58,413 [Worker-38: Launching controle-gastos (5)] INFO  o.eclipse.m2e.core.internal.Bundles - 	Entry: C:\Users\willian\.p2\pool\plugins\slf4j.api_2.0.13.jar
2026-06-08 21:35:58,413 [Worker-38: Launching controle-gastos (5)] INFO  o.eclipse.m2e.core.internal.Bundles - getClasspathEntries(Bundle=jakarta.inject.jakarta.inject-api_1.0.5 [21])
2026-06-08 21:35:58,414 [Worker-38: Launching controle-gastos (5)] INFO  o.eclipse.m2e.core.internal.Bundles - 	Entry: C:\Users\willian\.p2\pool\plugins\jakarta.inject.jakarta.inject-api_1.0.5.jar
2026-06-08 21:35:58,414 [Worker-38: Launching controle-gastos (5)] INFO  o.eclipse.m2e.core.internal.Bundles - getClasspathEntries(Bundle=javax.annotation_1.3.5.v20200909-1856 [24])
2026-06-08 21:35:58,414 [Worker-38: Launching controle-gastos (5)] INFO  o.eclipse.m2e.core.internal.Bundles - 	Entry: C:\Users\willian\.p2\pool\plugins\javax.annotation_1.3.5.v20200909-1856.jar
2026-06-08 21:35:58,414 [Worker-38: Launching controle-gastos (5)] INFO  o.eclipse.m2e.core.internal.Bundles - getClasspathEntries(Bundle=org.apache.commons.cli_1.8.0 [47])
2026-06-08 21:35:58,414 [Worker-38: Launching controle-gastos (5)] INFO  o.eclipse.m2e.core.internal.Bundles - 	Entry: C:\Users\willian\.p2\pool\plugins\org.apache.commons.cli_1.8.0.jar
2026-06-08 21:35:58,414 [Worker-38: Launching controle-gastos (5)] INFO  o.eclipse.m2e.core.internal.Bundles - getClasspathEntries(Bundle=org.apache.commons.commons-codec_1.16.0 [48])
2026-06-08 21:35:58,415 [Worker-38: Launching controle-gastos (5)] INFO  o.eclipse.m2e.core.internal.Bundles - 	Entry: C:\Users\willian\.p2\pool\plugins\org.apache.commons.commons-codec_1.16.0.jar
2026-06-08 21:35:58,415 [Worker-38: Launching controle-gastos (5)] INFO  o.eclipse.m2e.core.internal.Bundles - getClasspathEntries(Bundle=org.apache.commons.lang3_3.14.0 [54])
2026-06-08 21:35:58,415 [Worker-38: Launching controle-gastos (5)] INFO  o.eclipse.m2e.core.internal.Bundles - 	Entry: C:\Users\willian\.p2\pool\plugins\org.apache.commons.lang3_3.14.0.jar
2026-06-08 21:35:58,415 [Worker-38: Launching controle-gastos (5)] INFO  o.eclipse.m2e.core.internal.Bundles - getClasspathEntries(Bundle=com.google.guava.failureaccess_1.0.2 [11])
2026-06-08 21:35:58,415 [Worker-38: Launching controle-gastos (5)] INFO  o.eclipse.m2e.core.internal.Bundles - 	Entry: C:\Users\willian\.p2\pool\plugins\com.google.guava.failureaccess_1.0.2.jar
2026-06-08 21:35:58,416 [Worker-38: Launching controle-gastos (5)] INFO  o.e.m.i.launch.MavenLaunchDelegate - Run build in "C:\Users\willian\Desktop\Projeto-app-controle-de-gastos-programa-o-para-resolu-o-de-problemas-2\controle-gastos":
2026-06-08 21:35:58,417 [Worker-38: Launching controle-gastos (5)] INFO  o.e.m.i.launch.MavenLaunchDelegate -  mvn  -B -Dstyle.color=always javafx:run
2026-06-08 21:35:58,502 [Worker-36: Building] INFO  o.a.m.s.f.DefaultMavenResourcesFiltering - Copying 0 resource from src\main\resources to target\classes
2026-06-08 21:35:58,505 [Worker-36: Building] INFO  o.a.m.s.f.DefaultMavenResourcesFiltering - Copying 0 resource from src\test\resources to target\test-classes
2026-06-08 21:47:34,609 [Worker-35: Building] INFO  o.a.m.s.f.DefaultMavenResourcesFiltering - Copying 0 resource from src\main\resources to target\classes
2026-06-08 21:47:34,611 [Worker-35: Building] INFO  o.a.m.s.f.DefaultMavenResourcesFiltering - Copying 0 resource from src\test\resources to target\test-classes
2026-06-08 21:51:37,032 [main] INFO  o.e.m2e.actions.ExecutePomAction - Creating new launch configuration
2026-06-08 21:51:44,688 [Worker-26: Launching controle-gastos (6)] INFO  o.eclipse.m2e.core.internal.Bundles - getClasspathEntries(Bundle=org.eclipse.m2e.maven.runtime_3.9.700.20240602-2313 [299])
2026-06-08 21:51:44,689 [Worker-26: Launching controle-gastos (6)] INFO  o.eclipse.m2e.core.internal.Bundles - 	Entry: C:\Users\willian\.p2\pool\plugins\org.eclipse.m2e.maven.runtime_3.9.700.20240602-2313
2026-06-08 21:51:44,689 [Worker-26: Launching controle-gastos (6)] INFO  o.eclipse.m2e.core.internal.Bundles - 	Entry: C:\Users\willian\.p2\pool\plugins\org.eclipse.m2e.maven.runtime_3.9.700.20240602-2313\jars\aopalliance-1.0.jar
2026-06-08 21:51:44,689 [Worker-26: Launching controle-gastos (6)] INFO  o.eclipse.m2e.core.internal.Bundles - 	Entry: C:\Users\willian\.p2\pool\plugins\org.eclipse.m2e.maven.runtime_3.9.700.20240602-2313\jars\guice-5.1.0.jar
2026-06-08 21:51:44,689 [Worker-26: Launching controle-gastos (6)] INFO  o.eclipse.m2e.core.internal.Bundles - 	Entry: C:\Users\willian\.p2\pool\plugins\org.eclipse.m2e.maven.runtime_3.9.700.20240602-2313\jars\httpclient-4.5.14.jar
2026-06-08 21:51:44,689 [Worker-26: Launching controle-gastos (6)] INFO  o.eclipse.m2e.core.internal.Bundles - 	Entry: C:\Users\willian\.p2\pool\plugins\org.eclipse.m2e.maven.runtime_3.9.700.20240602-2313\jars\httpcore-4.4.16.jar
2026-06-08 21:51:44,689 [Worker-26: Launching controle-gastos (6)] INFO  o.eclipse.m2e.core.internal.Bundles - 	Entry: C:\Users\willian\.p2\pool\plugins\org.eclipse.m2e.maven.runtime_3.9.700.20240602-2313\jars\jansi-2.4.1.jar
2026-06-08 21:51:44,690 [Worker-26: Launching controle-gastos (6)] INFO  o.eclipse.m2e.core.internal.Bundles - 	Entry: C:\Users\willian\.p2\pool\plugins\org.eclipse.m2e.maven.runtime_3.9.700.20240602-2313\jars\jcl-over-slf4j-1.7.36.jar
2026-06-08 21:51:44,690 [Worker-26: Launching controle-gastos (6)] INFO  o.eclipse.m2e.core.internal.Bundles - 	Entry: C:\Users\willian\.p2\pool\plugins\org.eclipse.m2e.maven.runtime_3.9.700.20240602-2313\jars\maven-artifact-3.9.7.jar
2026-06-08 21:51:44,690 [Worker-26: Launching controle-gastos (6)] INFO  o.eclipse.m2e.core.internal.Bundles - 	Entry: C:\Users\willian\.p2\pool\plugins\org.eclipse.m2e.maven.runtime_3.9.700.20240602-2313\jars\maven-builder-support-3.9.7.jar
2026-06-08 21:51:44,690 [Worker-26: Launching controle-gastos (6)] INFO  o.eclipse.m2e.core.internal.Bundles - 	Entry: C:\Users\willian\.p2\pool\plugins\org.eclipse.m2e.maven.runtime_3.9.700.20240602-2313\jars\maven-compat-3.9.7.jar
2026-06-08 21:51:44,691 [Worker-26: Launching controle-gastos (6)] INFO  o.eclipse.m2e.core.internal.Bundles - 	Entry: C:\Users\willian\.p2\pool\plugins\org.eclipse.m2e.maven.runtime_3.9.700.20240602-2313\jars\maven-core-3.9.7.jar
2026-06-08 21:51:44,691 [Worker-26: Launching controle-gastos (6)] INFO  o.eclipse.m2e.core.internal.Bundles - 	Entry: C:\Users\willian\.p2\pool\plugins\org.eclipse.m2e.maven.runtime_3.9.700.20240602-2313\jars\maven-embedder-3.9.7.jar
2026-06-08 21:51:44,691 [Worker-26: Launching controle-gastos (6)] INFO  o.eclipse.m2e.core.internal.Bundles - 	Entry: C:\Users\willian\.p2\pool\plugins\org.eclipse.m2e.maven.runtime_3.9.700.20240602-2313\jars\maven-model-3.9.7.jar
2026-06-08 21:51:44,691 [Worker-26: Launching controle-gastos (6)] INFO  o.eclipse.m2e.core.internal.Bundles - 	Entry: C:\Users\willian\.p2\pool\plugins\org.eclipse.m2e.maven.runtime_3.9.700.20240602-2313\jars\maven-model-builder-3.9.7.jar
2026-06-08 21:51:44,691 [Worker-26: Launching controle-gastos (6)] INFO  o.eclipse.m2e.core.internal.Bundles - 	Entry: C:\Users\willian\.p2\pool\plugins\org.eclipse.m2e.maven.runtime_3.9.700.20240602-2313\jars\maven-plugin-api-3.9.7.jar
2026-06-08 21:51:44,691 [Worker-26: Launching controle-gastos (6)] INFO  o.eclipse.m2e.core.internal.Bundles - 	Entry: C:\Users\willian\.p2\pool\plugins\org.eclipse.m2e.maven.runtime_3.9.700.20240602-2313\jars\maven-repository-metadata-3.9.7.jar
2026-06-08 21:51:44,692 [Worker-26: Launching controle-gastos (6)] INFO  o.eclipse.m2e.core.internal.Bundles - 	Entry: C:\Users\willian\.p2\pool\plugins\org.eclipse.m2e.maven.runtime_3.9.700.20240602-2313\jars\maven-resolver-api-1.9.20.jar
2026-06-08 21:51:44,692 [Worker-26: Launching controle-gastos (6)] INFO  o.eclipse.m2e.core.internal.Bundles - 	Entry: C:\Users\willian\.p2\pool\plugins\org.eclipse.m2e.maven.runtime_3.9.700.20240602-2313\jars\maven-resolver-connector-basic-1.9.20.jar
2026-06-08 21:51:44,692 [Worker-26: Launching controle-gastos (6)] INFO  o.eclipse.m2e.core.internal.Bundles - 	Entry: C:\Users\willian\.p2\pool\plugins\org.eclipse.m2e.maven.runtime_3.9.700.20240602-2313\jars\maven-resolver-impl-1.9.20.jar
2026-06-08 21:51:44,692 [Worker-26: Launching controle-gastos (6)] INFO  o.eclipse.m2e.core.internal.Bundles - 	Entry: C:\Users\willian\.p2\pool\plugins\org.eclipse.m2e.maven.runtime_3.9.700.20240602-2313\jars\maven-resolver-named-locks-1.9.20.jar
2026-06-08 21:51:44,692 [Worker-26: Launching controle-gastos (6)] INFO  o.eclipse.m2e.core.internal.Bundles - 	Entry: C:\Users\willian\.p2\pool\plugins\org.eclipse.m2e.maven.runtime_3.9.700.20240602-2313\jars\maven-resolver-provider-3.9.7.jar
2026-06-08 21:51:44,693 [Worker-26: Launching controle-gastos (6)] INFO  o.eclipse.m2e.core.internal.Bundles - 	Entry: C:\Users\willian\.p2\pool\plugins\org.eclipse.m2e.maven.runtime_3.9.700.20240602-2313\jars\maven-resolver-spi-1.9.20.jar
2026-06-08 21:51:44,693 [Worker-26: Launching controle-gastos (6)] INFO  o.eclipse.m2e.core.internal.Bundles - 	Entry: C:\Users\willian\.p2\pool\plugins\org.eclipse.m2e.maven.runtime_3.9.700.20240602-2313\jars\maven-resolver-transport-file-1.9.20.jar
2026-06-08 21:51:44,693 [Worker-26: Launching controle-gastos (6)] INFO  o.eclipse.m2e.core.internal.Bundles - 	Entry: C:\Users\willian\.p2\pool\plugins\org.eclipse.m2e.maven.runtime_3.9.700.20240602-2313\jars\maven-resolver-transport-http-1.9.20.jar
2026-06-08 21:51:44,693 [Worker-26: Launching controle-gastos (6)] INFO  o.eclipse.m2e.core.internal.Bundles - 	Entry: C:\Users\willian\.p2\pool\plugins\org.eclipse.m2e.maven.runtime_3.9.700.20240602-2313\jars\maven-resolver-transport-wagon-1.9.20.jar
2026-06-08 21:51:44,693 [Worker-26: Launching controle-gastos (6)] INFO  o.eclipse.m2e.core.internal.Bundles - 	Entry: C:\Users\willian\.p2\pool\plugins\org.eclipse.m2e.maven.runtime_3.9.700.20240602-2313\jars\maven-resolver-util-1.9.20.jar
2026-06-08 21:51:44,693 [Worker-26: Launching controle-gastos (6)] INFO  o.eclipse.m2e.core.internal.Bundles - 	Entry: C:\Users\willian\.p2\pool\plugins\org.eclipse.m2e.maven.runtime_3.9.700.20240602-2313\jars\maven-settings-3.9.7.jar
2026-06-08 21:51:44,694 [Worker-26: Launching controle-gastos (6)] INFO  o.eclipse.m2e.core.internal.Bundles - 	Entry: C:\Users\willian\.p2\pool\plugins\org.eclipse.m2e.maven.runtime_3.9.700.20240602-2313\jars\maven-settings-builder-3.9.7.jar
2026-06-08 21:51:44,694 [Worker-26: Launching controle-gastos (6)] INFO  o.eclipse.m2e.core.internal.Bundles - 	Entry: C:\Users\willian\.p2\pool\plugins\org.eclipse.m2e.maven.runtime_3.9.700.20240602-2313\jars\maven-shared-utils-3.4.2.jar
2026-06-08 21:51:44,694 [Worker-26: Launching controle-gastos (6)] INFO  o.eclipse.m2e.core.internal.Bundles - 	Entry: C:\Users\willian\.p2\pool\plugins\org.eclipse.m2e.maven.runtime_3.9.700.20240602-2313\jars\org.eclipse.sisu.inject-0.9.0.M2.jar
2026-06-08 21:51:44,694 [Worker-26: Launching controle-gastos (6)] INFO  o.eclipse.m2e.core.internal.Bundles - 	Entry: C:\Users\willian\.p2\pool\plugins\org.eclipse.m2e.maven.runtime_3.9.700.20240602-2313\jars\org.eclipse.sisu.plexus-0.9.0.M2.jar
2026-06-08 21:51:44,694 [Worker-26: Launching controle-gastos (6)] INFO  o.eclipse.m2e.core.internal.Bundles - 	Entry: C:\Users\willian\.p2\pool\plugins\org.eclipse.m2e.maven.runtime_3.9.700.20240602-2313\jars\plexus-build-api-0.0.7.jar
2026-06-08 21:51:44,694 [Worker-26: Launching controle-gastos (6)] INFO  o.eclipse.m2e.core.internal.Bundles - 	Entry: C:\Users\willian\.p2\pool\plugins\org.eclipse.m2e.maven.runtime_3.9.700.20240602-2313\jars\plexus-build-api-1.2.0.jar
2026-06-08 21:51:44,694 [Worker-26: Launching controle-gastos (6)] INFO  o.eclipse.m2e.core.internal.Bundles - 	Entry: C:\Users\willian\.p2\pool\plugins\org.eclipse.m2e.maven.runtime_3.9.700.20240602-2313\jars\plexus-cipher-2.0.jar
2026-06-08 21:51:44,695 [Worker-26: Launching controle-gastos (6)] INFO  o.eclipse.m2e.core.internal.Bundles - 	Entry: C:\Users\willian\.p2\pool\plugins\org.eclipse.m2e.maven.runtime_3.9.700.20240602-2313\jars\plexus-classworlds-2.8.0.jar
2026-06-08 21:51:44,695 [Worker-26: Launching controle-gastos (6)] INFO  o.eclipse.m2e.core.internal.Bundles - 	Entry: C:\Users\willian\.p2\pool\plugins\org.eclipse.m2e.maven.runtime_3.9.700.20240602-2313\jars\plexus-component-annotations-2.1.0.jar
2026-06-08 21:51:44,695 [Worker-26: Launching controle-gastos (6)] INFO  o.eclipse.m2e.core.internal.Bundles - 	Entry: C:\Users\willian\.p2\pool\plugins\org.eclipse.m2e.maven.runtime_3.9.700.20240602-2313\jars\plexus-interpolation-1.27.jar
2026-06-08 21:51:44,695 [Worker-26: Launching controle-gastos (6)] INFO  o.eclipse.m2e.core.internal.Bundles - 	Entry: C:\Users\willian\.p2\pool\plugins\org.eclipse.m2e.maven.runtime_3.9.700.20240602-2313\jars\plexus-sec-dispatcher-2.0.jar
2026-06-08 21:51:44,695 [Worker-26: Launching controle-gastos (6)] INFO  o.eclipse.m2e.core.internal.Bundles - 	Entry: C:\Users\willian\.p2\pool\plugins\org.eclipse.m2e.maven.runtime_3.9.700.20240602-2313\jars\plexus-utils-3.5.1.jar
2026-06-08 21:51:44,695 [Worker-26: Launching controle-gastos (6)] INFO  o.eclipse.m2e.core.internal.Bundles - 	Entry: C:\Users\willian\.p2\pool\plugins\org.eclipse.m2e.maven.runtime_3.9.700.20240602-2313\jars\wagon-file-3.5.3.jar
2026-06-08 21:51:44,696 [Worker-26: Launching controle-gastos (6)] INFO  o.eclipse.m2e.core.internal.Bundles - 	Entry: C:\Users\willian\.p2\pool\plugins\org.eclipse.m2e.maven.runtime_3.9.700.20240602-2313\jars\wagon-http-3.5.3.jar
2026-06-08 21:51:44,696 [Worker-26: Launching controle-gastos (6)] INFO  o.eclipse.m2e.core.internal.Bundles - 	Entry: C:\Users\willian\.p2\pool\plugins\org.eclipse.m2e.maven.runtime_3.9.700.20240602-2313\jars\wagon-http-shared-3.5.3.jar
2026-06-08 21:51:44,696 [Worker-26: Launching controle-gastos (6)] INFO  o.eclipse.m2e.core.internal.Bundles - 	Entry: C:\Users\willian\.p2\pool\plugins\org.eclipse.m2e.maven.runtime_3.9.700.20240602-2313\jars\wagon-provider-api-3.5.3.jar
2026-06-08 21:51:44,696 [Worker-26: Launching controle-gastos (6)] INFO  o.eclipse.m2e.core.internal.Bundles - getClasspathEntries(Bundle=com.google.guava_33.2.0.jre [10])
2026-06-08 21:51:44,696 [Worker-26: Launching controle-gastos (6)] INFO  o.eclipse.m2e.core.internal.Bundles - 	Entry: C:\Users\willian\.p2\pool\plugins\com.google.guava_33.2.0.jre.jar
2026-06-08 21:51:44,697 [Worker-26: Launching controle-gastos (6)] INFO  o.eclipse.m2e.core.internal.Bundles - getClasspathEntries(Bundle=slf4j.api_2.0.13 [520])
2026-06-08 21:51:44,697 [Worker-26: Launching controle-gastos (6)] INFO  o.eclipse.m2e.core.internal.Bundles - 	Entry: C:\Users\willian\.p2\pool\plugins\slf4j.api_2.0.13.jar
2026-06-08 21:51:44,697 [Worker-26: Launching controle-gastos (6)] INFO  o.eclipse.m2e.core.internal.Bundles - getClasspathEntries(Bundle=jakarta.inject.jakarta.inject-api_1.0.5 [21])
2026-06-08 21:51:44,697 [Worker-26: Launching controle-gastos (6)] INFO  o.eclipse.m2e.core.internal.Bundles - 	Entry: C:\Users\willian\.p2\pool\plugins\jakarta.inject.jakarta.inject-api_1.0.5.jar
2026-06-08 21:51:44,697 [Worker-26: Launching controle-gastos (6)] INFO  o.eclipse.m2e.core.internal.Bundles - getClasspathEntries(Bundle=javax.annotation_1.3.5.v20200909-1856 [24])
2026-06-08 21:51:44,697 [Worker-26: Launching controle-gastos (6)] INFO  o.eclipse.m2e.core.internal.Bundles - 	Entry: C:\Users\willian\.p2\pool\plugins\javax.annotation_1.3.5.v20200909-1856.jar
2026-06-08 21:51:44,697 [Worker-26: Launching controle-gastos (6)] INFO  o.eclipse.m2e.core.internal.Bundles - getClasspathEntries(Bundle=org.apache.commons.cli_1.8.0 [47])
2026-06-08 21:51:44,698 [Worker-26: Launching controle-gastos (6)] INFO  o.eclipse.m2e.core.internal.Bundles - 	Entry: C:\Users\willian\.p2\pool\plugins\org.apache.commons.cli_1.8.0.jar
2026-06-08 21:51:44,698 [Worker-26: Launching controle-gastos (6)] INFO  o.eclipse.m2e.core.internal.Bundles - getClasspathEntries(Bundle=org.apache.commons.commons-codec_1.16.0 [48])
2026-06-08 21:51:44,698 [Worker-26: Launching controle-gastos (6)] INFO  o.eclipse.m2e.core.internal.Bundles - 	Entry: C:\Users\willian\.p2\pool\plugins\org.apache.commons.commons-codec_1.16.0.jar
2026-06-08 21:51:44,698 [Worker-26: Launching controle-gastos (6)] INFO  o.eclipse.m2e.core.internal.Bundles - getClasspathEntries(Bundle=org.apache.commons.lang3_3.14.0 [54])
2026-06-08 21:51:44,698 [Worker-26: Launching controle-gastos (6)] INFO  o.eclipse.m2e.core.internal.Bundles - 	Entry: C:\Users\willian\.p2\pool\plugins\org.apache.commons.lang3_3.14.0.jar
2026-06-08 21:51:44,698 [Worker-26: Launching controle-gastos (6)] INFO  o.eclipse.m2e.core.internal.Bundles - getClasspathEntries(Bundle=com.google.guava.failureaccess_1.0.2 [11])
2026-06-08 21:51:44,698 [Worker-26: Launching controle-gastos (6)] INFO  o.eclipse.m2e.core.internal.Bundles - 	Entry: C:\Users\willian\.p2\pool\plugins\com.google.guava.failureaccess_1.0.2.jar
2026-06-08 21:51:44,700 [Worker-26: Launching controle-gastos (6)] INFO  o.e.m.i.launch.MavenLaunchDelegate - Run build in "C:\Users\willian\Desktop\Projeto-app-controle-de-gastos-programa-o-para-resolu-o-de-problemas-2\controle-gastos":
2026-06-08 21:51:44,700 [Worker-26: Launching controle-gastos (6)] INFO  o.e.m.i.launch.MavenLaunchDelegate -  mvn  -B -Dstyle.color=always javafx:run
2026-06-08 21:51:44,808 [Worker-41: Building] INFO  o.a.m.s.f.DefaultMavenResourcesFiltering - Copying 0 resource from src\main\resources to target\classes
2026-06-08 21:51:44,811 [Worker-41: Building] INFO  o.a.m.s.f.DefaultMavenResourcesFiltering - Copying 0 resource from src\test\resources to target\test-classes
2026-06-08 21:53:27,267 [main] INFO  o.e.m2e.actions.ExecutePomAction - Creating new launch configuration
2026-06-08 21:53:34,179 [Worker-39: Launching controle-gastos (7)] INFO  o.eclipse.m2e.core.internal.Bundles - getClasspathEntries(Bundle=org.eclipse.m2e.maven.runtime_3.9.700.20240602-2313 [299])
2026-06-08 21:53:34,179 [Worker-39: Launching controle-gastos (7)] INFO  o.eclipse.m2e.core.internal.Bundles - 	Entry: C:\Users\willian\.p2\pool\plugins\org.eclipse.m2e.maven.runtime_3.9.700.20240602-2313
2026-06-08 21:53:34,179 [Worker-39: Launching controle-gastos (7)] INFO  o.eclipse.m2e.core.internal.Bundles - 	Entry: C:\Users\willian\.p2\pool\plugins\org.eclipse.m2e.maven.runtime_3.9.700.20240602-2313\jars\aopalliance-1.0.jar
2026-06-08 21:53:34,180 [Worker-39: Launching controle-gastos (7)] INFO  o.eclipse.m2e.core.internal.Bundles - 	Entry: C:\Users\willian\.p2\pool\plugins\org.eclipse.m2e.maven.runtime_3.9.700.20240602-2313\jars\guice-5.1.0.jar
2026-06-08 21:53:34,180 [Worker-39: Launching controle-gastos (7)] INFO  o.eclipse.m2e.core.internal.Bundles - 	Entry: C:\Users\willian\.p2\pool\plugins\org.eclipse.m2e.maven.runtime_3.9.700.20240602-2313\jars\httpclient-4.5.14.jar
2026-06-08 21:53:34,180 [Worker-39: Launching controle-gastos (7)] INFO  o.eclipse.m2e.core.internal.Bundles - 	Entry: C:\Users\willian\.p2\pool\plugins\org.eclipse.m2e.maven.runtime_3.9.700.20240602-2313\jars\httpcore-4.4.16.jar
2026-06-08 21:53:34,180 [Worker-39: Launching controle-gastos (7)] INFO  o.eclipse.m2e.core.internal.Bundles - 	Entry: C:\Users\willian\.p2\pool\plugins\org.eclipse.m2e.maven.runtime_3.9.700.20240602-2313\jars\jansi-2.4.1.jar
2026-06-08 21:53:34,180 [Worker-39: Launching controle-gastos (7)] INFO  o.eclipse.m2e.core.internal.Bundles - 	Entry: C:\Users\willian\.p2\pool\plugins\org.eclipse.m2e.maven.runtime_3.9.700.20240602-2313\jars\jcl-over-slf4j-1.7.36.jar
2026-06-08 21:53:34,180 [Worker-39: Launching controle-gastos (7)] INFO  o.eclipse.m2e.core.internal.Bundles - 	Entry: C:\Users\willian\.p2\pool\plugins\org.eclipse.m2e.maven.runtime_3.9.700.20240602-2313\jars\maven-artifact-3.9.7.jar
2026-06-08 21:53:34,180 [Worker-39: Launching controle-gastos (7)] INFO  o.eclipse.m2e.core.internal.Bundles - 	Entry: C:\Users\willian\.p2\pool\plugins\org.eclipse.m2e.maven.runtime_3.9.700.20240602-2313\jars\maven-builder-support-3.9.7.jar
2026-06-08 21:53:34,180 [Worker-39: Launching controle-gastos (7)] INFO  o.eclipse.m2e.core.internal.Bundles - 	Entry: C:\Users\willian\.p2\pool\plugins\org.eclipse.m2e.maven.runtime_3.9.700.20240602-2313\jars\maven-compat-3.9.7.jar
2026-06-08 21:53:34,181 [Worker-39: Launching controle-gastos (7)] INFO  o.eclipse.m2e.core.internal.Bundles - 	Entry: C:\Users\willian\.p2\pool\plugins\org.eclipse.m2e.maven.runtime_3.9.700.20240602-2313\jars\maven-core-3.9.7.jar
2026-06-08 21:53:34,181 [Worker-39: Launching controle-gastos (7)] INFO  o.eclipse.m2e.core.internal.Bundles - 	Entry: C:\Users\willian\.p2\pool\plugins\org.eclipse.m2e.maven.runtime_3.9.700.20240602-2313\jars\maven-embedder-3.9.7.jar
2026-06-08 21:53:34,181 [Worker-39: Launching controle-gastos (7)] INFO  o.eclipse.m2e.core.internal.Bundles - 	Entry: C:\Users\willian\.p2\pool\plugins\org.eclipse.m2e.maven.runtime_3.9.700.20240602-2313\jars\maven-model-3.9.7.jar
2026-06-08 21:53:34,181 [Worker-39: Launching controle-gastos (7)] INFO  o.eclipse.m2e.core.internal.Bundles - 	Entry: C:\Users\willian\.p2\pool\plugins\org.eclipse.m2e.maven.runtime_3.9.700.20240602-2313\jars\maven-model-builder-3.9.7.jar
2026-06-08 21:53:34,181 [Worker-39: Launching controle-gastos (7)] INFO  o.eclipse.m2e.core.internal.Bundles - 	Entry: C:\Users\willian\.p2\pool\plugins\org.eclipse.m2e.maven.runtime_3.9.700.20240602-2313\jars\maven-plugin-api-3.9.7.jar
2026-06-08 21:53:34,182 [Worker-39: Launching controle-gastos (7)] INFO  o.eclipse.m2e.core.internal.Bundles - 	Entry: C:\Users\willian\.p2\pool\plugins\org.eclipse.m2e.maven.runtime_3.9.700.20240602-2313\jars\maven-repository-metadata-3.9.7.jar
2026-06-08 21:53:34,182 [Worker-39: Launching controle-gastos (7)] INFO  o.eclipse.m2e.core.internal.Bundles - 	Entry: C:\Users\willian\.p2\pool\plugins\org.eclipse.m2e.maven.runtime_3.9.700.20240602-2313\jars\maven-resolver-api-1.9.20.jar
2026-06-08 21:53:34,182 [Worker-39: Launching controle-gastos (7)] INFO  o.eclipse.m2e.core.internal.Bundles - 	Entry: C:\Users\willian\.p2\pool\plugins\org.eclipse.m2e.maven.runtime_3.9.700.20240602-2313\jars\maven-resolver-connector-basic-1.9.20.jar
2026-06-08 21:53:34,182 [Worker-39: Launching controle-gastos (7)] INFO  o.eclipse.m2e.core.internal.Bundles - 	Entry: C:\Users\willian\.p2\pool\plugins\org.eclipse.m2e.maven.runtime_3.9.700.20240602-2313\jars\maven-resolver-impl-1.9.20.jar
2026-06-08 21:53:34,182 [Worker-39: Launching controle-gastos (7)] INFO  o.eclipse.m2e.core.internal.Bundles - 	Entry: C:\Users\willian\.p2\pool\plugins\org.eclipse.m2e.maven.runtime_3.9.700.20240602-2313\jars\maven-resolver-named-locks-1.9.20.jar
2026-06-08 21:53:34,182 [Worker-39: Launching controle-gastos (7)] INFO  o.eclipse.m2e.core.internal.Bundles - 	Entry: C:\Users\willian\.p2\pool\plugins\org.eclipse.m2e.maven.runtime_3.9.700.20240602-2313\jars\maven-resolver-provider-3.9.7.jar
2026-06-08 21:53:34,183 [Worker-39: Launching controle-gastos (7)] INFO  o.eclipse.m2e.core.internal.Bundles - 	Entry: C:\Users\willian\.p2\pool\plugins\org.eclipse.m2e.maven.runtime_3.9.700.20240602-2313\jars\maven-resolver-spi-1.9.20.jar
2026-06-08 21:53:34,183 [Worker-39: Launching controle-gastos (7)] INFO  o.eclipse.m2e.core.internal.Bundles - 	Entry: C:\Users\willian\.p2\pool\plugins\org.eclipse.m2e.maven.runtime_3.9.700.20240602-2313\jars\maven-resolver-transport-file-1.9.20.jar
2026-06-08 21:53:34,183 [Worker-39: Launching controle-gastos (7)] INFO  o.eclipse.m2e.core.internal.Bundles - 	Entry: C:\Users\willian\.p2\pool\plugins\org.eclipse.m2e.maven.runtime_3.9.700.20240602-2313\jars\maven-resolver-transport-http-1.9.20.jar
2026-06-08 21:53:34,183 [Worker-39: Launching controle-gastos (7)] INFO  o.eclipse.m2e.core.internal.Bundles - 	Entry: C:\Users\willian\.p2\pool\plugins\org.eclipse.m2e.maven.runtime_3.9.700.20240602-2313\jars\maven-resolver-transport-wagon-1.9.20.jar
2026-06-08 21:53:34,183 [Worker-39: Launching controle-gastos (7)] INFO  o.eclipse.m2e.core.internal.Bundles - 	Entry: C:\Users\willian\.p2\pool\plugins\org.eclipse.m2e.maven.runtime_3.9.700.20240602-2313\jars\maven-resolver-util-1.9.20.jar
2026-06-08 21:53:34,183 [Worker-39: Launching controle-gastos (7)] INFO  o.eclipse.m2e.core.internal.Bundles - 	Entry: C:\Users\willian\.p2\pool\plugins\org.eclipse.m2e.maven.runtime_3.9.700.20240602-2313\jars\maven-settings-3.9.7.jar
2026-06-08 21:53:34,184 [Worker-39: Launching controle-gastos (7)] INFO  o.eclipse.m2e.core.internal.Bundles - 	Entry: C:\Users\willian\.p2\pool\plugins\org.eclipse.m2e.maven.runtime_3.9.700.20240602-2313\jars\maven-settings-builder-3.9.7.jar
2026-06-08 21:53:34,184 [Worker-39: Launching controle-gastos (7)] INFO  o.eclipse.m2e.core.internal.Bundles - 	Entry: C:\Users\willian\.p2\pool\plugins\org.eclipse.m2e.maven.runtime_3.9.700.20240602-2313\jars\maven-shared-utils-3.4.2.jar
2026-06-08 21:53:34,184 [Worker-39: Launching controle-gastos (7)] INFO  o.eclipse.m2e.core.internal.Bundles - 	Entry: C:\Users\willian\.p2\pool\plugins\org.eclipse.m2e.maven.runtime_3.9.700.20240602-2313\jars\org.eclipse.sisu.inject-0.9.0.M2.jar
2026-06-08 21:53:34,184 [Worker-39: Launching controle-gastos (7)] INFO  o.eclipse.m2e.core.internal.Bundles - 	Entry: C:\Users\willian\.p2\pool\plugins\org.eclipse.m2e.maven.runtime_3.9.700.20240602-2313\jars\org.eclipse.sisu.plexus-0.9.0.M2.jar
2026-06-08 21:53:34,184 [Worker-39: Launching controle-gastos (7)] INFO  o.eclipse.m2e.core.internal.Bundles - 	Entry: C:\Users\willian\.p2\pool\plugins\org.eclipse.m2e.maven.runtime_3.9.700.20240602-2313\jars\plexus-build-api-0.0.7.jar
2026-06-08 21:53:34,184 [Worker-39: Launching controle-gastos (7)] INFO  o.eclipse.m2e.core.internal.Bundles - 	Entry: C:\Users\willian\.p2\pool\plugins\org.eclipse.m2e.maven.runtime_3.9.700.20240602-2313\jars\plexus-build-api-1.2.0.jar
2026-06-08 21:53:34,184 [Worker-39: Launching controle-gastos (7)] INFO  o.eclipse.m2e.core.internal.Bundles - 	Entry: C:\Users\willian\.p2\pool\plugins\org.eclipse.m2e.maven.runtime_3.9.700.20240602-2313\jars\plexus-cipher-2.0.jar
2026-06-08 21:53:34,185 [Worker-39: Launching controle-gastos (7)] INFO  o.eclipse.m2e.core.internal.Bundles - 	Entry: C:\Users\willian\.p2\pool\plugins\org.eclipse.m2e.maven.runtime_3.9.700.20240602-2313\jars\plexus-classworlds-2.8.0.jar
2026-06-08 21:53:34,185 [Worker-39: Launching controle-gastos (7)] INFO  o.eclipse.m2e.core.internal.Bundles - 	Entry: C:\Users\willian\.p2\pool\plugins\org.eclipse.m2e.maven.runtime_3.9.700.20240602-2313\jars\plexus-component-annotations-2.1.0.jar
2026-06-08 21:53:34,185 [Worker-39: Launching controle-gastos (7)] INFO  o.eclipse.m2e.core.internal.Bundles - 	Entry: C:\Users\willian\.p2\pool\plugins\org.eclipse.m2e.maven.runtime_3.9.700.20240602-2313\jars\plexus-interpolation-1.27.jar
2026-06-08 21:53:34,185 [Worker-39: Launching controle-gastos (7)] INFO  o.eclipse.m2e.core.internal.Bundles - 	Entry: C:\Users\willian\.p2\pool\plugins\org.eclipse.m2e.maven.runtime_3.9.700.20240602-2313\jars\plexus-sec-dispatcher-2.0.jar
2026-06-08 21:53:34,185 [Worker-39: Launching controle-gastos (7)] INFO  o.eclipse.m2e.core.internal.Bundles - 	Entry: C:\Users\willian\.p2\pool\plugins\org.eclipse.m2e.maven.runtime_3.9.700.20240602-2313\jars\plexus-utils-3.5.1.jar
2026-06-08 21:53:34,185 [Worker-39: Launching controle-gastos (7)] INFO  o.eclipse.m2e.core.internal.Bundles - 	Entry: C:\Users\willian\.p2\pool\plugins\org.eclipse.m2e.maven.runtime_3.9.700.20240602-2313\jars\wagon-file-3.5.3.jar
2026-06-08 21:53:34,185 [Worker-39: Launching controle-gastos (7)] INFO  o.eclipse.m2e.core.internal.Bundles - 	Entry: C:\Users\willian\.p2\pool\plugins\org.eclipse.m2e.maven.runtime_3.9.700.20240602-2313\jars\wagon-http-3.5.3.jar
2026-06-08 21:53:34,185 [Worker-39: Launching controle-gastos (7)] INFO  o.eclipse.m2e.core.internal.Bundles - 	Entry: C:\Users\willian\.p2\pool\plugins\org.eclipse.m2e.maven.runtime_3.9.700.20240602-2313\jars\wagon-http-shared-3.5.3.jar
2026-06-08 21:53:34,186 [Worker-39: Launching controle-gastos (7)] INFO  o.eclipse.m2e.core.internal.Bundles - 	Entry: C:\Users\willian\.p2\pool\plugins\org.eclipse.m2e.maven.runtime_3.9.700.20240602-2313\jars\wagon-provider-api-3.5.3.jar
2026-06-08 21:53:34,186 [Worker-39: Launching controle-gastos (7)] INFO  o.eclipse.m2e.core.internal.Bundles - getClasspathEntries(Bundle=com.google.guava_33.2.0.jre [10])
2026-06-08 21:53:34,186 [Worker-39: Launching controle-gastos (7)] INFO  o.eclipse.m2e.core.internal.Bundles - 	Entry: C:\Users\willian\.p2\pool\plugins\com.google.guava_33.2.0.jre.jar
2026-06-08 21:53:34,186 [Worker-39: Launching controle-gastos (7)] INFO  o.eclipse.m2e.core.internal.Bundles - getClasspathEntries(Bundle=slf4j.api_2.0.13 [520])
2026-06-08 21:53:34,187 [Worker-39: Launching controle-gastos (7)] INFO  o.eclipse.m2e.core.internal.Bundles - 	Entry: C:\Users\willian\.p2\pool\plugins\slf4j.api_2.0.13.jar
2026-06-08 21:53:34,187 [Worker-39: Launching controle-gastos (7)] INFO  o.eclipse.m2e.core.internal.Bundles - getClasspathEntries(Bundle=jakarta.inject.jakarta.inject-api_1.0.5 [21])
2026-06-08 21:53:34,187 [Worker-39: Launching controle-gastos (7)] INFO  o.eclipse.m2e.core.internal.Bundles - 	Entry: C:\Users\willian\.p2\pool\plugins\jakarta.inject.jakarta.inject-api_1.0.5.jar
2026-06-08 21:53:34,187 [Worker-39: Launching controle-gastos (7)] INFO  o.eclipse.m2e.core.internal.Bundles - getClasspathEntries(Bundle=javax.annotation_1.3.5.v20200909-1856 [24])
2026-06-08 21:53:34,188 [Worker-39: Launching controle-gastos (7)] INFO  o.eclipse.m2e.core.internal.Bundles - 	Entry: C:\Users\willian\.p2\pool\plugins\javax.annotation_1.3.5.v20200909-1856.jar
2026-06-08 21:53:34,188 [Worker-39: Launching controle-gastos (7)] INFO  o.eclipse.m2e.core.internal.Bundles - getClasspathEntries(Bundle=org.apache.commons.cli_1.8.0 [47])
2026-06-08 21:53:34,188 [Worker-39: Launching controle-gastos (7)] INFO  o.eclipse.m2e.core.internal.Bundles - 	Entry: C:\Users\willian\.p2\pool\plugins\org.apache.commons.cli_1.8.0.jar
2026-06-08 21:53:34,188 [Worker-39: Launching controle-gastos (7)] INFO  o.eclipse.m2e.core.internal.Bundles - getClasspathEntries(Bundle=org.apache.commons.commons-codec_1.16.0 [48])
2026-06-08 21:53:34,188 [Worker-39: Launching controle-gastos (7)] INFO  o.eclipse.m2e.core.internal.Bundles - 	Entry: C:\Users\willian\.p2\pool\plugins\org.apache.commons.commons-codec_1.16.0.jar
2026-06-08 21:53:34,188 [Worker-39: Launching controle-gastos (7)] INFO  o.eclipse.m2e.core.internal.Bundles - getClasspathEntries(Bundle=org.apache.commons.lang3_3.14.0 [54])
2026-06-08 21:53:34,188 [Worker-39: Launching controle-gastos (7)] INFO  o.eclipse.m2e.core.internal.Bundles - 	Entry: C:\Users\willian\.p2\pool\plugins\org.apache.commons.lang3_3.14.0.jar
2026-06-08 21:53:34,188 [Worker-39: Launching controle-gastos (7)] INFO  o.eclipse.m2e.core.internal.Bundles - getClasspathEntries(Bundle=com.google.guava.failureaccess_1.0.2 [11])
2026-06-08 21:53:34,189 [Worker-39: Launching controle-gastos (7)] INFO  o.eclipse.m2e.core.internal.Bundles - 	Entry: C:\Users\willian\.p2\pool\plugins\com.google.guava.failureaccess_1.0.2.jar
2026-06-08 21:53:34,190 [Worker-39: Launching controle-gastos (7)] INFO  o.e.m.i.launch.MavenLaunchDelegate - Run build in "C:\Users\willian\Desktop\Projeto-app-controle-de-gastos-programa-o-para-resolu-o-de-problemas-2\controle-gastos":
2026-06-08 21:53:34,190 [Worker-39: Launching controle-gastos (7)] INFO  o.e.m.i.launch.MavenLaunchDelegate -  mvn  -B -Dstyle.color=always javafx:run
2026-06-08 21:53:34,298 [Worker-42: Building] INFO  o.a.m.s.f.DefaultMavenResourcesFiltering - Copying 0 resource from src\main\resources to target\classes
2026-06-08 21:53:34,301 [Worker-42: Building] INFO  o.a.m.s.f.DefaultMavenResourcesFiltering - Copying 0 resource from src\test\resources to target\test-classes
2026-06-08 21:55:47,264 [Worker-44: Building] INFO  o.a.m.s.f.DefaultMavenResourcesFiltering - Copying 0 resource from src\main\resources to target\classes
2026-06-08 21:55:47,266 [Worker-44: Building] INFO  o.a.m.s.f.DefaultMavenResourcesFiltering - Copying 0 resource from src\test\resources to target\test-classes
2026-06-08 21:55:52,577 [main] INFO  o.e.m2e.actions.ExecutePomAction - Creating new launch configuration
2026-06-08 21:55:59,777 [Worker-39: Launching controle-gastos (8)] INFO  o.eclipse.m2e.core.internal.Bundles - getClasspathEntries(Bundle=org.eclipse.m2e.maven.runtime_3.9.700.20240602-2313 [299])
2026-06-08 21:55:59,778 [Worker-39: Launching controle-gastos (8)] INFO  o.eclipse.m2e.core.internal.Bundles - 	Entry: C:\Users\willian\.p2\pool\plugins\org.eclipse.m2e.maven.runtime_3.9.700.20240602-2313
2026-06-08 21:55:59,778 [Worker-39: Launching controle-gastos (8)] INFO  o.eclipse.m2e.core.internal.Bundles - 	Entry: C:\Users\willian\.p2\pool\plugins\org.eclipse.m2e.maven.runtime_3.9.700.20240602-2313\jars\aopalliance-1.0.jar
2026-06-08 21:55:59,778 [Worker-39: Launching controle-gastos (8)] INFO  o.eclipse.m2e.core.internal.Bundles - 	Entry: C:\Users\willian\.p2\pool\plugins\org.eclipse.m2e.maven.runtime_3.9.700.20240602-2313\jars\guice-5.1.0.jar
2026-06-08 21:55:59,778 [Worker-39: Launching controle-gastos (8)] INFO  o.eclipse.m2e.core.internal.Bundles - 	Entry: C:\Users\willian\.p2\pool\plugins\org.eclipse.m2e.maven.runtime_3.9.700.20240602-2313\jars\httpclient-4.5.14.jar
2026-06-08 21:55:59,779 [Worker-39: Launching controle-gastos (8)] INFO  o.eclipse.m2e.core.internal.Bundles - 	Entry: C:\Users\willian\.p2\pool\plugins\org.eclipse.m2e.maven.runtime_3.9.700.20240602-2313\jars\httpcore-4.4.16.jar
2026-06-08 21:55:59,779 [Worker-39: Launching controle-gastos (8)] INFO  o.eclipse.m2e.core.internal.Bundles - 	Entry: C:\Users\willian\.p2\pool\plugins\org.eclipse.m2e.maven.runtime_3.9.700.20240602-2313\jars\jansi-2.4.1.jar
2026-06-08 21:55:59,779 [Worker-39: Launching controle-gastos (8)] INFO  o.eclipse.m2e.core.internal.Bundles - 	Entry: C:\Users\willian\.p2\pool\plugins\org.eclipse.m2e.maven.runtime_3.9.700.20240602-2313\jars\jcl-over-slf4j-1.7.36.jar
2026-06-08 21:55:59,779 [Worker-39: Launching controle-gastos (8)] INFO  o.eclipse.m2e.core.internal.Bundles - 	Entry: C:\Users\willian\.p2\pool\plugins\org.eclipse.m2e.maven.runtime_3.9.700.20240602-2313\jars\maven-artifact-3.9.7.jar
2026-06-08 21:55:59,779 [Worker-39: Launching controle-gastos (8)] INFO  o.eclipse.m2e.core.internal.Bundles - 	Entry: C:\Users\willian\.p2\pool\plugins\org.eclipse.m2e.maven.runtime_3.9.700.20240602-2313\jars\maven-builder-support-3.9.7.jar
2026-06-08 21:55:59,779 [Worker-39: Launching controle-gastos (8)] INFO  o.eclipse.m2e.core.internal.Bundles - 	Entry: C:\Users\willian\.p2\pool\plugins\org.eclipse.m2e.maven.runtime_3.9.700.20240602-2313\jars\maven-compat-3.9.7.jar
2026-06-08 21:55:59,779 [Worker-39: Launching controle-gastos (8)] INFO  o.eclipse.m2e.core.internal.Bundles - 	Entry: C:\Users\willian\.p2\pool\plugins\org.eclipse.m2e.maven.runtime_3.9.700.20240602-2313\jars\maven-core-3.9.7.jar
2026-06-08 21:55:59,779 [Worker-39: Launching controle-gastos (8)] INFO  o.eclipse.m2e.core.internal.Bundles - 	Entry: C:\Users\willian\.p2\pool\plugins\org.eclipse.m2e.maven.runtime_3.9.700.20240602-2313\jars\maven-embedder-3.9.7.jar
2026-06-08 21:55:59,780 [Worker-39: Launching controle-gastos (8)] INFO  o.eclipse.m2e.core.internal.Bundles - 	Entry: C:\Users\willian\.p2\pool\plugins\org.eclipse.m2e.maven.runtime_3.9.700.20240602-2313\jars\maven-model-3.9.7.jar
2026-06-08 21:55:59,780 [Worker-39: Launching controle-gastos (8)] INFO  o.eclipse.m2e.core.internal.Bundles - 	Entry: C:\Users\willian\.p2\pool\plugins\org.eclipse.m2e.maven.runtime_3.9.700.20240602-2313\jars\maven-model-builder-3.9.7.jar
2026-06-08 21:55:59,780 [Worker-39: Launching controle-gastos (8)] INFO  o.eclipse.m2e.core.internal.Bundles - 	Entry: C:\Users\willian\.p2\pool\plugins\org.eclipse.m2e.maven.runtime_3.9.700.20240602-2313\jars\maven-plugin-api-3.9.7.jar
2026-06-08 21:55:59,780 [Worker-39: Launching controle-gastos (8)] INFO  o.eclipse.m2e.core.internal.Bundles - 	Entry: C:\Users\willian\.p2\pool\plugins\org.eclipse.m2e.maven.runtime_3.9.700.20240602-2313\jars\maven-repository-metadata-3.9.7.jar
2026-06-08 21:55:59,780 [Worker-39: Launching controle-gastos (8)] INFO  o.eclipse.m2e.core.internal.Bundles - 	Entry: C:\Users\willian\.p2\pool\plugins\org.eclipse.m2e.maven.runtime_3.9.700.20240602-2313\jars\maven-resolver-api-1.9.20.jar
2026-06-08 21:55:59,780 [Worker-39: Launching controle-gastos (8)] INFO  o.eclipse.m2e.core.internal.Bundles - 	Entry: C:\Users\willian\.p2\pool\plugins\org.eclipse.m2e.maven.runtime_3.9.700.20240602-2313\jars\maven-resolver-connector-basic-1.9.20.jar
2026-06-08 21:55:59,780 [Worker-39: Launching controle-gastos (8)] INFO  o.eclipse.m2e.core.internal.Bundles - 	Entry: C:\Users\willian\.p2\pool\plugins\org.eclipse.m2e.maven.runtime_3.9.700.20240602-2313\jars\maven-resolver-impl-1.9.20.jar
2026-06-08 21:55:59,780 [Worker-39: Launching controle-gastos (8)] INFO  o.eclipse.m2e.core.internal.Bundles - 	Entry: C:\Users\willian\.p2\pool\plugins\org.eclipse.m2e.maven.runtime_3.9.700.20240602-2313\jars\maven-resolver-named-locks-1.9.20.jar
2026-06-08 21:55:59,780 [Worker-39: Launching controle-gastos (8)] INFO  o.eclipse.m2e.core.internal.Bundles - 	Entry: C:\Users\willian\.p2\pool\plugins\org.eclipse.m2e.maven.runtime_3.9.700.20240602-2313\jars\maven-resolver-provider-3.9.7.jar
2026-06-08 21:55:59,781 [Worker-39: Launching controle-gastos (8)] INFO  o.eclipse.m2e.core.internal.Bundles - 	Entry: C:\Users\willian\.p2\pool\plugins\org.eclipse.m2e.maven.runtime_3.9.700.20240602-2313\jars\maven-resolver-spi-1.9.20.jar
2026-06-08 21:55:59,781 [Worker-39: Launching controle-gastos (8)] INFO  o.eclipse.m2e.core.internal.Bundles - 	Entry: C:\Users\willian\.p2\pool\plugins\org.eclipse.m2e.maven.runtime_3.9.700.20240602-2313\jars\maven-resolver-transport-file-1.9.20.jar
2026-06-08 21:55:59,781 [Worker-39: Launching controle-gastos (8)] INFO  o.eclipse.m2e.core.internal.Bundles - 	Entry: C:\Users\willian\.p2\pool\plugins\org.eclipse.m2e.maven.runtime_3.9.700.20240602-2313\jars\maven-resolver-transport-http-1.9.20.jar
2026-06-08 21:55:59,781 [Worker-39: Launching controle-gastos (8)] INFO  o.eclipse.m2e.core.internal.Bundles - 	Entry: C:\Users\willian\.p2\pool\plugins\org.eclipse.m2e.maven.runtime_3.9.700.20240602-2313\jars\maven-resolver-transport-wagon-1.9.20.jar
2026-06-08 21:55:59,781 [Worker-39: Launching controle-gastos (8)] INFO  o.eclipse.m2e.core.internal.Bundles - 	Entry: C:\Users\willian\.p2\pool\plugins\org.eclipse.m2e.maven.runtime_3.9.700.20240602-2313\jars\maven-resolver-util-1.9.20.jar
2026-06-08 21:55:59,781 [Worker-39: Launching controle-gastos (8)] INFO  o.eclipse.m2e.core.internal.Bundles - 	Entry: C:\Users\willian\.p2\pool\plugins\org.eclipse.m2e.maven.runtime_3.9.700.20240602-2313\jars\maven-settings-3.9.7.jar
2026-06-08 21:55:59,781 [Worker-39: Launching controle-gastos (8)] INFO  o.eclipse.m2e.core.internal.Bundles - 	Entry: C:\Users\willian\.p2\pool\plugins\org.eclipse.m2e.maven.runtime_3.9.700.20240602-2313\jars\maven-settings-builder-3.9.7.jar
2026-06-08 21:55:59,781 [Worker-39: Launching controle-gastos (8)] INFO  o.eclipse.m2e.core.internal.Bundles - 	Entry: C:\Users\willian\.p2\pool\plugins\org.eclipse.m2e.maven.runtime_3.9.700.20240602-2313\jars\maven-shared-utils-3.4.2.jar
2026-06-08 21:55:59,782 [Worker-39: Launching controle-gastos (8)] INFO  o.eclipse.m2e.core.internal.Bundles - 	Entry: C:\Users\willian\.p2\pool\plugins\org.eclipse.m2e.maven.runtime_3.9.700.20240602-2313\jars\org.eclipse.sisu.inject-0.9.0.M2.jar
2026-06-08 21:55:59,782 [Worker-39: Launching controle-gastos (8)] INFO  o.eclipse.m2e.core.internal.Bundles - 	Entry: C:\Users\willian\.p2\pool\plugins\org.eclipse.m2e.maven.runtime_3.9.700.20240602-2313\jars\org.eclipse.sisu.plexus-0.9.0.M2.jar
2026-06-08 21:55:59,782 [Worker-39: Launching controle-gastos (8)] INFO  o.eclipse.m2e.core.internal.Bundles - 	Entry: C:\Users\willian\.p2\pool\plugins\org.eclipse.m2e.maven.runtime_3.9.700.20240602-2313\jars\plexus-build-api-0.0.7.jar
2026-06-08 21:55:59,782 [Worker-39: Launching controle-gastos (8)] INFO  o.eclipse.m2e.core.internal.Bundles - 	Entry: C:\Users\willian\.p2\pool\plugins\org.eclipse.m2e.maven.runtime_3.9.700.20240602-2313\jars\plexus-build-api-1.2.0.jar
2026-06-08 21:55:59,782 [Worker-39: Launching controle-gastos (8)] INFO  o.eclipse.m2e.core.internal.Bundles - 	Entry: C:\Users\willian\.p2\pool\plugins\org.eclipse.m2e.maven.runtime_3.9.700.20240602-2313\jars\plexus-cipher-2.0.jar
2026-06-08 21:55:59,782 [Worker-39: Launching controle-gastos (8)] INFO  o.eclipse.m2e.core.internal.Bundles - 	Entry: C:\Users\willian\.p2\pool\plugins\org.eclipse.m2e.maven.runtime_3.9.700.20240602-2313\jars\plexus-classworlds-2.8.0.jar
2026-06-08 21:55:59,782 [Worker-39: Launching controle-gastos (8)] INFO  o.eclipse.m2e.core.internal.Bundles - 	Entry: C:\Users\willian\.p2\pool\plugins\org.eclipse.m2e.maven.runtime_3.9.700.20240602-2313\jars\plexus-component-annotations-2.1.0.jar
2026-06-08 21:55:59,782 [Worker-39: Launching controle-gastos (8)] INFO  o.eclipse.m2e.core.internal.Bundles - 	Entry: C:\Users\willian\.p2\pool\plugins\org.eclipse.m2e.maven.runtime_3.9.700.20240602-2313\jars\plexus-interpolation-1.27.jar
2026-06-08 21:55:59,782 [Worker-39: Launching controle-gastos (8)] INFO  o.eclipse.m2e.core.internal.Bundles - 	Entry: C:\Users\willian\.p2\pool\plugins\org.eclipse.m2e.maven.runtime_3.9.700.20240602-2313\jars\plexus-sec-dispatcher-2.0.jar
2026-06-08 21:55:59,783 [Worker-39: Launching controle-gastos (8)] INFO  o.eclipse.m2e.core.internal.Bundles - 	Entry: C:\Users\willian\.p2\pool\plugins\org.eclipse.m2e.maven.runtime_3.9.700.20240602-2313\jars\plexus-utils-3.5.1.jar
2026-06-08 21:55:59,783 [Worker-39: Launching controle-gastos (8)] INFO  o.eclipse.m2e.core.internal.Bundles - 	Entry: C:\Users\willian\.p2\pool\plugins\org.eclipse.m2e.maven.runtime_3.9.700.20240602-2313\jars\wagon-file-3.5.3.jar
2026-06-08 21:55:59,783 [Worker-39: Launching controle-gastos (8)] INFO  o.eclipse.m2e.core.internal.Bundles - 	Entry: C:\Users\willian\.p2\pool\plugins\org.eclipse.m2e.maven.runtime_3.9.700.20240602-2313\jars\wagon-http-3.5.3.jar
2026-06-08 21:55:59,783 [Worker-39: Launching controle-gastos (8)] INFO  o.eclipse.m2e.core.internal.Bundles - 	Entry: C:\Users\willian\.p2\pool\plugins\org.eclipse.m2e.maven.runtime_3.9.700.20240602-2313\jars\wagon-http-shared-3.5.3.jar
2026-06-08 21:55:59,783 [Worker-39: Launching controle-gastos (8)] INFO  o.eclipse.m2e.core.internal.Bundles - 	Entry: C:\Users\willian\.p2\pool\plugins\org.eclipse.m2e.maven.runtime_3.9.700.20240602-2313\jars\wagon-provider-api-3.5.3.jar
2026-06-08 21:55:59,783 [Worker-39: Launching controle-gastos (8)] INFO  o.eclipse.m2e.core.internal.Bundles - getClasspathEntries(Bundle=com.google.guava_33.2.0.jre [10])
2026-06-08 21:55:59,784 [Worker-39: Launching controle-gastos (8)] INFO  o.eclipse.m2e.core.internal.Bundles - 	Entry: C:\Users\willian\.p2\pool\plugins\com.google.guava_33.2.0.jre.jar
2026-06-08 21:55:59,784 [Worker-39: Launching controle-gastos (8)] INFO  o.eclipse.m2e.core.internal.Bundles - getClasspathEntries(Bundle=slf4j.api_2.0.13 [520])
2026-06-08 21:55:59,784 [Worker-39: Launching controle-gastos (8)] INFO  o.eclipse.m2e.core.internal.Bundles - 	Entry: C:\Users\willian\.p2\pool\plugins\slf4j.api_2.0.13.jar
2026-06-08 21:55:59,784 [Worker-39: Launching controle-gastos (8)] INFO  o.eclipse.m2e.core.internal.Bundles - getClasspathEntries(Bundle=jakarta.inject.jakarta.inject-api_1.0.5 [21])
2026-06-08 21:55:59,784 [Worker-39: Launching controle-gastos (8)] INFO  o.eclipse.m2e.core.internal.Bundles - 	Entry: C:\Users\willian\.p2\pool\plugins\jakarta.inject.jakarta.inject-api_1.0.5.jar
2026-06-08 21:55:59,784 [Worker-39: Launching controle-gastos (8)] INFO  o.eclipse.m2e.core.internal.Bundles - getClasspathEntries(Bundle=javax.annotation_1.3.5.v20200909-1856 [24])
2026-06-08 21:55:59,784 [Worker-39: Launching controle-gastos (8)] INFO  o.eclipse.m2e.core.internal.Bundles - 	Entry: C:\Users\willian\.p2\pool\plugins\javax.annotation_1.3.5.v20200909-1856.jar
2026-06-08 21:55:59,784 [Worker-39: Launching controle-gastos (8)] INFO  o.eclipse.m2e.core.internal.Bundles - getClasspathEntries(Bundle=org.apache.commons.cli_1.8.0 [47])
2026-06-08 21:55:59,785 [Worker-39: Launching controle-gastos (8)] INFO  o.eclipse.m2e.core.internal.Bundles - 	Entry: C:\Users\willian\.p2\pool\plugins\org.apache.commons.cli_1.8.0.jar
2026-06-08 21:55:59,785 [Worker-39: Launching controle-gastos (8)] INFO  o.eclipse.m2e.core.internal.Bundles - getClasspathEntries(Bundle=org.apache.commons.commons-codec_1.16.0 [48])
2026-06-08 21:55:59,785 [Worker-39: Launching controle-gastos (8)] INFO  o.eclipse.m2e.core.internal.Bundles - 	Entry: C:\Users\willian\.p2\pool\plugins\org.apache.commons.commons-codec_1.16.0.jar
2026-06-08 21:55:59,785 [Worker-39: Launching controle-gastos (8)] INFO  o.eclipse.m2e.core.internal.Bundles - getClasspathEntries(Bundle=org.apache.commons.lang3_3.14.0 [54])
2026-06-08 21:55:59,785 [Worker-39: Launching controle-gastos (8)] INFO  o.eclipse.m2e.core.internal.Bundles - 	Entry: C:\Users\willian\.p2\pool\plugins\org.apache.commons.lang3_3.14.0.jar
2026-06-08 21:55:59,785 [Worker-39: Launching controle-gastos (8)] INFO  o.eclipse.m2e.core.internal.Bundles - getClasspathEntries(Bundle=com.google.guava.failureaccess_1.0.2 [11])
2026-06-08 21:55:59,786 [Worker-39: Launching controle-gastos (8)] INFO  o.eclipse.m2e.core.internal.Bundles - 	Entry: C:\Users\willian\.p2\pool\plugins\com.google.guava.failureaccess_1.0.2.jar
2026-06-08 21:55:59,787 [Worker-39: Launching controle-gastos (8)] INFO  o.e.m.i.launch.MavenLaunchDelegate - Run build in "C:\Users\willian\Desktop\Projeto-app-controle-de-gastos-programa-o-para-resolu-o-de-problemas-2\controle-gastos":
2026-06-08 21:55:59,787 [Worker-39: Launching controle-gastos (8)] INFO  o.e.m.i.launch.MavenLaunchDelegate -  mvn  -B -Dstyle.color=always javafx:run
2026-06-08 21:56:42,050 [main] INFO  o.e.m2e.actions.ExecutePomAction - Creating new launch configuration
2026-06-08 21:59:10,475 [Worker-44: Launching controle-gastos (8)] INFO  o.eclipse.m2e.core.internal.Bundles - getClasspathEntries(Bundle=org.eclipse.m2e.maven.runtime_3.9.700.20240602-2313 [299])
2026-06-08 21:59:10,476 [Worker-44: Launching controle-gastos (8)] INFO  o.eclipse.m2e.core.internal.Bundles - 	Entry: C:\Users\willian\.p2\pool\plugins\org.eclipse.m2e.maven.runtime_3.9.700.20240602-2313
2026-06-08 21:59:10,476 [Worker-44: Launching controle-gastos (8)] INFO  o.eclipse.m2e.core.internal.Bundles - 	Entry: C:\Users\willian\.p2\pool\plugins\org.eclipse.m2e.maven.runtime_3.9.700.20240602-2313\jars\aopalliance-1.0.jar
2026-06-08 21:59:10,476 [Worker-44: Launching controle-gastos (8)] INFO  o.eclipse.m2e.core.internal.Bundles - 	Entry: C:\Users\willian\.p2\pool\plugins\org.eclipse.m2e.maven.runtime_3.9.700.20240602-2313\jars\guice-5.1.0.jar
2026-06-08 21:59:10,476 [Worker-44: Launching controle-gastos (8)] INFO  o.eclipse.m2e.core.internal.Bundles - 	Entry: C:\Users\willian\.p2\pool\plugins\org.eclipse.m2e.maven.runtime_3.9.700.20240602-2313\jars\httpclient-4.5.14.jar
2026-06-08 21:59:10,476 [Worker-44: Launching controle-gastos (8)] INFO  o.eclipse.m2e.core.internal.Bundles - 	Entry: C:\Users\willian\.p2\pool\plugins\org.eclipse.m2e.maven.runtime_3.9.700.20240602-2313\jars\httpcore-4.4.16.jar
2026-06-08 21:59:10,476 [Worker-44: Launching controle-gastos (8)] INFO  o.eclipse.m2e.core.internal.Bundles - 	Entry: C:\Users\willian\.p2\pool\plugins\org.eclipse.m2e.maven.runtime_3.9.700.20240602-2313\jars\jansi-2.4.1.jar
2026-06-08 21:59:10,476 [Worker-44: Launching controle-gastos (8)] INFO  o.eclipse.m2e.core.internal.Bundles - 	Entry: C:\Users\willian\.p2\pool\plugins\org.eclipse.m2e.maven.runtime_3.9.700.20240602-2313\jars\jcl-over-slf4j-1.7.36.jar
2026-06-08 21:59:10,477 [Worker-44: Launching controle-gastos (8)] INFO  o.eclipse.m2e.core.internal.Bundles - 	Entry: C:\Users\willian\.p2\pool\plugins\org.eclipse.m2e.maven.runtime_3.9.700.20240602-2313\jars\maven-artifact-3.9.7.jar
2026-06-08 21:59:10,477 [Worker-44: Launching controle-gastos (8)] INFO  o.eclipse.m2e.core.internal.Bundles - 	Entry: C:\Users\willian\.p2\pool\plugins\org.eclipse.m2e.maven.runtime_3.9.700.20240602-2313\jars\maven-builder-support-3.9.7.jar
2026-06-08 21:59:10,477 [Worker-44: Launching controle-gastos (8)] INFO  o.eclipse.m2e.core.internal.Bundles - 	Entry: C:\Users\willian\.p2\pool\plugins\org.eclipse.m2e.maven.runtime_3.9.700.20240602-2313\jars\maven-compat-3.9.7.jar
2026-06-08 21:59:10,477 [Worker-44: Launching controle-gastos (8)] INFO  o.eclipse.m2e.core.internal.Bundles - 	Entry: C:\Users\willian\.p2\pool\plugins\org.eclipse.m2e.maven.runtime_3.9.700.20240602-2313\jars\maven-core-3.9.7.jar
2026-06-08 21:59:10,477 [Worker-44: Launching controle-gastos (8)] INFO  o.eclipse.m2e.core.internal.Bundles - 	Entry: C:\Users\willian\.p2\pool\plugins\org.eclipse.m2e.maven.runtime_3.9.700.20240602-2313\jars\maven-embedder-3.9.7.jar
2026-06-08 21:59:10,477 [Worker-44: Launching controle-gastos (8)] INFO  o.eclipse.m2e.core.internal.Bundles - 	Entry: C:\Users\willian\.p2\pool\plugins\org.eclipse.m2e.maven.runtime_3.9.700.20240602-2313\jars\maven-model-3.9.7.jar
2026-06-08 21:59:10,477 [Worker-44: Launching controle-gastos (8)] INFO  o.eclipse.m2e.core.internal.Bundles - 	Entry: C:\Users\willian\.p2\pool\plugins\org.eclipse.m2e.maven.runtime_3.9.700.20240602-2313\jars\maven-model-builder-3.9.7.jar
2026-06-08 21:59:10,477 [Worker-44: Launching controle-gastos (8)] INFO  o.eclipse.m2e.core.internal.Bundles - 	Entry: C:\Users\willian\.p2\pool\plugins\org.eclipse.m2e.maven.runtime_3.9.700.20240602-2313\jars\maven-plugin-api-3.9.7.jar
2026-06-08 21:59:10,477 [Worker-44: Launching controle-gastos (8)] INFO  o.eclipse.m2e.core.internal.Bundles - 	Entry: C:\Users\willian\.p2\pool\plugins\org.eclipse.m2e.maven.runtime_3.9.700.20240602-2313\jars\maven-repository-metadata-3.9.7.jar
2026-06-08 21:59:10,478 [Worker-44: Launching controle-gastos (8)] INFO  o.eclipse.m2e.core.internal.Bundles - 	Entry: C:\Users\willian\.p2\pool\plugins\org.eclipse.m2e.maven.runtime_3.9.700.20240602-2313\jars\maven-resolver-api-1.9.20.jar
2026-06-08 21:59:10,478 [Worker-44: Launching controle-gastos (8)] INFO  o.eclipse.m2e.core.internal.Bundles - 	Entry: C:\Users\willian\.p2\pool\plugins\org.eclipse.m2e.maven.runtime_3.9.700.20240602-2313\jars\maven-resolver-connector-basic-1.9.20.jar
2026-06-08 21:59:10,478 [Worker-44: Launching controle-gastos (8)] INFO  o.eclipse.m2e.core.internal.Bundles - 	Entry: C:\Users\willian\.p2\pool\plugins\org.eclipse.m2e.maven.runtime_3.9.700.20240602-2313\jars\maven-resolver-impl-1.9.20.jar
2026-06-08 21:59:10,478 [Worker-44: Launching controle-gastos (8)] INFO  o.eclipse.m2e.core.internal.Bundles - 	Entry: C:\Users\willian\.p2\pool\plugins\org.eclipse.m2e.maven.runtime_3.9.700.20240602-2313\jars\maven-resolver-named-locks-1.9.20.jar
2026-06-08 21:59:10,478 [Worker-44: Launching controle-gastos (8)] INFO  o.eclipse.m2e.core.internal.Bundles - 	Entry: C:\Users\willian\.p2\pool\plugins\org.eclipse.m2e.maven.runtime_3.9.700.20240602-2313\jars\maven-resolver-provider-3.9.7.jar
2026-06-08 21:59:10,478 [Worker-44: Launching controle-gastos (8)] INFO  o.eclipse.m2e.core.internal.Bundles - 	Entry: C:\Users\willian\.p2\pool\plugins\org.eclipse.m2e.maven.runtime_3.9.700.20240602-2313\jars\maven-resolver-spi-1.9.20.jar
2026-06-08 21:59:10,478 [Worker-44: Launching controle-gastos (8)] INFO  o.eclipse.m2e.core.internal.Bundles - 	Entry: C:\Users\willian\.p2\pool\plugins\org.eclipse.m2e.maven.runtime_3.9.700.20240602-2313\jars\maven-resolver-transport-file-1.9.20.jar
2026-06-08 21:59:10,478 [Worker-44: Launching controle-gastos (8)] INFO  o.eclipse.m2e.core.internal.Bundles - 	Entry: C:\Users\willian\.p2\pool\plugins\org.eclipse.m2e.maven.runtime_3.9.700.20240602-2313\jars\maven-resolver-transport-http-1.9.20.jar
2026-06-08 21:59:10,479 [Worker-44: Launching controle-gastos (8)] INFO  o.eclipse.m2e.core.internal.Bundles - 	Entry: C:\Users\willian\.p2\pool\plugins\org.eclipse.m2e.maven.runtime_3.9.700.20240602-2313\jars\maven-resolver-transport-wagon-1.9.20.jar
2026-06-08 21:59:10,479 [Worker-44: Launching controle-gastos (8)] INFO  o.eclipse.m2e.core.internal.Bundles - 	Entry: C:\Users\willian\.p2\pool\plugins\org.eclipse.m2e.maven.runtime_3.9.700.20240602-2313\jars\maven-resolver-util-1.9.20.jar
2026-06-08 21:59:10,479 [Worker-44: Launching controle-gastos (8)] INFO  o.eclipse.m2e.core.internal.Bundles - 	Entry: C:\Users\willian\.p2\pool\plugins\org.eclipse.m2e.maven.runtime_3.9.700.20240602-2313\jars\maven-settings-3.9.7.jar
2026-06-08 21:59:10,479 [Worker-44: Launching controle-gastos (8)] INFO  o.eclipse.m2e.core.internal.Bundles - 	Entry: C:\Users\willian\.p2\pool\plugins\org.eclipse.m2e.maven.runtime_3.9.700.20240602-2313\jars\maven-settings-builder-3.9.7.jar
2026-06-08 21:59:10,479 [Worker-44: Launching controle-gastos (8)] INFO  o.eclipse.m2e.core.internal.Bundles - 	Entry: C:\Users\willian\.p2\pool\plugins\org.eclipse.m2e.maven.runtime_3.9.700.20240602-2313\jars\maven-shared-utils-3.4.2.jar
2026-06-08 21:59:10,479 [Worker-44: Launching controle-gastos (8)] INFO  o.eclipse.m2e.core.internal.Bundles - 	Entry: C:\Users\willian\.p2\pool\plugins\org.eclipse.m2e.maven.runtime_3.9.700.20240602-2313\jars\org.eclipse.sisu.inject-0.9.0.M2.jar
2026-06-08 21:59:10,479 [Worker-44: Launching controle-gastos (8)] INFO  o.eclipse.m2e.core.internal.Bundles - 	Entry: C:\Users\willian\.p2\pool\plugins\org.eclipse.m2e.maven.runtime_3.9.700.20240602-2313\jars\org.eclipse.sisu.plexus-0.9.0.M2.jar
2026-06-08 21:59:10,479 [Worker-44: Launching controle-gastos (8)] INFO  o.eclipse.m2e.core.internal.Bundles - 	Entry: C:\Users\willian\.p2\pool\plugins\org.eclipse.m2e.maven.runtime_3.9.700.20240602-2313\jars\plexus-build-api-0.0.7.jar
2026-06-08 21:59:10,479 [Worker-44: Launching controle-gastos (8)] INFO  o.eclipse.m2e.core.internal.Bundles - 	Entry: C:\Users\willian\.p2\pool\plugins\org.eclipse.m2e.maven.runtime_3.9.700.20240602-2313\jars\plexus-build-api-1.2.0.jar
2026-06-08 21:59:10,480 [Worker-44: Launching controle-gastos (8)] INFO  o.eclipse.m2e.core.internal.Bundles - 	Entry: C:\Users\willian\.p2\pool\plugins\org.eclipse.m2e.maven.runtime_3.9.700.20240602-2313\jars\plexus-cipher-2.0.jar
2026-06-08 21:59:10,480 [Worker-44: Launching controle-gastos (8)] INFO  o.eclipse.m2e.core.internal.Bundles - 	Entry: C:\Users\willian\.p2\pool\plugins\org.eclipse.m2e.maven.runtime_3.9.700.20240602-2313\jars\plexus-classworlds-2.8.0.jar
2026-06-08 21:59:10,480 [Worker-44: Launching controle-gastos (8)] INFO  o.eclipse.m2e.core.internal.Bundles - 	Entry: C:\Users\willian\.p2\pool\plugins\org.eclipse.m2e.maven.runtime_3.9.700.20240602-2313\jars\plexus-component-annotations-2.1.0.jar
2026-06-08 21:59:10,480 [Worker-44: Launching controle-gastos (8)] INFO  o.eclipse.m2e.core.internal.Bundles - 	Entry: C:\Users\willian\.p2\pool\plugins\org.eclipse.m2e.maven.runtime_3.9.700.20240602-2313\jars\plexus-interpolation-1.27.jar
2026-06-08 21:59:10,480 [Worker-44: Launching controle-gastos (8)] INFO  o.eclipse.m2e.core.internal.Bundles - 	Entry: C:\Users\willian\.p2\pool\plugins\org.eclipse.m2e.maven.runtime_3.9.700.20240602-2313\jars\plexus-sec-dispatcher-2.0.jar
2026-06-08 21:59:10,480 [Worker-44: Launching controle-gastos (8)] INFO  o.eclipse.m2e.core.internal.Bundles - 	Entry: C:\Users\willian\.p2\pool\plugins\org.eclipse.m2e.maven.runtime_3.9.700.20240602-2313\jars\plexus-utils-3.5.1.jar
2026-06-08 21:59:10,480 [Worker-44: Launching controle-gastos (8)] INFO  o.eclipse.m2e.core.internal.Bundles - 	Entry: C:\Users\willian\.p2\pool\plugins\org.eclipse.m2e.maven.runtime_3.9.700.20240602-2313\jars\wagon-file-3.5.3.jar
2026-06-08 21:59:10,480 [Worker-44: Launching controle-gastos (8)] INFO  o.eclipse.m2e.core.internal.Bundles - 	Entry: C:\Users\willian\.p2\pool\plugins\org.eclipse.m2e.maven.runtime_3.9.700.20240602-2313\jars\wagon-http-3.5.3.jar
2026-06-08 21:59:10,480 [Worker-44: Launching controle-gastos (8)] INFO  o.eclipse.m2e.core.internal.Bundles - 	Entry: C:\Users\willian\.p2\pool\plugins\org.eclipse.m2e.maven.runtime_3.9.700.20240602-2313\jars\wagon-http-shared-3.5.3.jar
2026-06-08 21:59:10,481 [Worker-44: Launching controle-gastos (8)] INFO  o.eclipse.m2e.core.internal.Bundles - 	Entry: C:\Users\willian\.p2\pool\plugins\org.eclipse.m2e.maven.runtime_3.9.700.20240602-2313\jars\wagon-provider-api-3.5.3.jar
2026-06-08 21:59:10,481 [Worker-44: Launching controle-gastos (8)] INFO  o.eclipse.m2e.core.internal.Bundles - getClasspathEntries(Bundle=com.google.guava_33.2.0.jre [10])
2026-06-08 21:59:10,481 [Worker-44: Launching controle-gastos (8)] INFO  o.eclipse.m2e.core.internal.Bundles - 	Entry: C:\Users\willian\.p2\pool\plugins\com.google.guava_33.2.0.jre.jar
2026-06-08 21:59:10,481 [Worker-44: Launching controle-gastos (8)] INFO  o.eclipse.m2e.core.internal.Bundles - getClasspathEntries(Bundle=slf4j.api_2.0.13 [520])
2026-06-08 21:59:10,482 [Worker-44: Launching controle-gastos (8)] INFO  o.eclipse.m2e.core.internal.Bundles - 	Entry: C:\Users\willian\.p2\pool\plugins\slf4j.api_2.0.13.jar
2026-06-08 21:59:10,482 [Worker-44: Launching controle-gastos (8)] INFO  o.eclipse.m2e.core.internal.Bundles - getClasspathEntries(Bundle=jakarta.inject.jakarta.inject-api_1.0.5 [21])
2026-06-08 21:59:10,482 [Worker-44: Launching controle-gastos (8)] INFO  o.eclipse.m2e.core.internal.Bundles - 	Entry: C:\Users\willian\.p2\pool\plugins\jakarta.inject.jakarta.inject-api_1.0.5.jar
2026-06-08 21:59:10,482 [Worker-44: Launching controle-gastos (8)] INFO  o.eclipse.m2e.core.internal.Bundles - getClasspathEntries(Bundle=javax.annotation_1.3.5.v20200909-1856 [24])
2026-06-08 21:59:10,482 [Worker-44: Launching controle-gastos (8)] INFO  o.eclipse.m2e.core.internal.Bundles - 	Entry: C:\Users\willian\.p2\pool\plugins\javax.annotation_1.3.5.v20200909-1856.jar
2026-06-08 21:59:10,482 [Worker-44: Launching controle-gastos (8)] INFO  o.eclipse.m2e.core.internal.Bundles - getClasspathEntries(Bundle=org.apache.commons.cli_1.8.0 [47])
2026-06-08 21:59:10,483 [Worker-44: Launching controle-gastos (8)] INFO  o.eclipse.m2e.core.internal.Bundles - 	Entry: C:\Users\willian\.p2\pool\plugins\org.apache.commons.cli_1.8.0.jar
2026-06-08 21:59:10,483 [Worker-44: Launching controle-gastos (8)] INFO  o.eclipse.m2e.core.internal.Bundles - getClasspathEntries(Bundle=org.apache.commons.commons-codec_1.16.0 [48])
2026-06-08 21:59:10,483 [Worker-44: Launching controle-gastos (8)] INFO  o.eclipse.m2e.core.internal.Bundles - 	Entry: C:\Users\willian\.p2\pool\plugins\org.apache.commons.commons-codec_1.16.0.jar
2026-06-08 21:59:10,483 [Worker-44: Launching controle-gastos (8)] INFO  o.eclipse.m2e.core.internal.Bundles - getClasspathEntries(Bundle=org.apache.commons.lang3_3.14.0 [54])
2026-06-08 21:59:10,483 [Worker-44: Launching controle-gastos (8)] INFO  o.eclipse.m2e.core.internal.Bundles - 	Entry: C:\Users\willian\.p2\pool\plugins\org.apache.commons.lang3_3.14.0.jar
2026-06-08 21:59:10,483 [Worker-44: Launching controle-gastos (8)] INFO  o.eclipse.m2e.core.internal.Bundles - getClasspathEntries(Bundle=com.google.guava.failureaccess_1.0.2 [11])
2026-06-08 21:59:10,483 [Worker-44: Launching controle-gastos (8)] INFO  o.eclipse.m2e.core.internal.Bundles - 	Entry: C:\Users\willian\.p2\pool\plugins\com.google.guava.failureaccess_1.0.2.jar
2026-06-08 21:59:10,484 [Worker-44: Launching controle-gastos (8)] INFO  o.e.m.i.launch.MavenLaunchDelegate - Run build in "C:\Users\willian\Desktop\Projeto-app-controle-de-gastos-programa-o-para-resolu-o-de-problemas-2\controle-gastos":
2026-06-08 21:59:10,485 [Worker-44: Launching controle-gastos (8)] INFO  o.e.m.i.launch.MavenLaunchDelegate -  mvn  -B -Dstyle.color=always javafx:run
2026-06-08 21:59:17,537 [Worker-39: Launching controle-gastos (8)] INFO  o.eclipse.m2e.core.internal.Bundles - getClasspathEntries(Bundle=org.eclipse.m2e.maven.runtime_3.9.700.20240602-2313 [299])
2026-06-08 21:59:17,538 [Worker-39: Launching controle-gastos (8)] INFO  o.eclipse.m2e.core.internal.Bundles - 	Entry: C:\Users\willian\.p2\pool\plugins\org.eclipse.m2e.maven.runtime_3.9.700.20240602-2313
2026-06-08 21:59:17,538 [Worker-39: Launching controle-gastos (8)] INFO  o.eclipse.m2e.core.internal.Bundles - 	Entry: C:\Users\willian\.p2\pool\plugins\org.eclipse.m2e.maven.runtime_3.9.700.20240602-2313\jars\aopalliance-1.0.jar
2026-06-08 21:59:17,538 [Worker-39: Launching controle-gastos (8)] INFO  o.eclipse.m2e.core.internal.Bundles - 	Entry: C:\Users\willian\.p2\pool\plugins\org.eclipse.m2e.maven.runtime_3.9.700.20240602-2313\jars\guice-5.1.0.jar
2026-06-08 21:59:17,539 [Worker-39: Launching controle-gastos (8)] INFO  o.eclipse.m2e.core.internal.Bundles - 	Entry: C:\Users\willian\.p2\pool\plugins\org.eclipse.m2e.maven.runtime_3.9.700.20240602-2313\jars\httpclient-4.5.14.jar
2026-06-08 21:59:17,539 [Worker-39: Launching controle-gastos (8)] INFO  o.eclipse.m2e.core.internal.Bundles - 	Entry: C:\Users\willian\.p2\pool\plugins\org.eclipse.m2e.maven.runtime_3.9.700.20240602-2313\jars\httpcore-4.4.16.jar
2026-06-08 21:59:17,539 [Worker-39: Launching controle-gastos (8)] INFO  o.eclipse.m2e.core.internal.Bundles - 	Entry: C:\Users\willian\.p2\pool\plugins\org.eclipse.m2e.maven.runtime_3.9.700.20240602-2313\jars\jansi-2.4.1.jar
2026-06-08 21:59:17,539 [Worker-39: Launching controle-gastos (8)] INFO  o.eclipse.m2e.core.internal.Bundles - 	Entry: C:\Users\willian\.p2\pool\plugins\org.eclipse.m2e.maven.runtime_3.9.700.20240602-2313\jars\jcl-over-slf4j-1.7.36.jar
2026-06-08 21:59:17,539 [Worker-39: Launching controle-gastos (8)] INFO  o.eclipse.m2e.core.internal.Bundles - 	Entry: C:\Users\willian\.p2\pool\plugins\org.eclipse.m2e.maven.runtime_3.9.700.20240602-2313\jars\maven-artifact-3.9.7.jar
2026-06-08 21:59:17,539 [Worker-39: Launching controle-gastos (8)] INFO  o.eclipse.m2e.core.internal.Bundles - 	Entry: C:\Users\willian\.p2\pool\plugins\org.eclipse.m2e.maven.runtime_3.9.700.20240602-2313\jars\maven-builder-support-3.9.7.jar
2026-06-08 21:59:17,539 [Worker-39: Launching controle-gastos (8)] INFO  o.eclipse.m2e.core.internal.Bundles - 	Entry: C:\Users\willian\.p2\pool\plugins\org.eclipse.m2e.maven.runtime_3.9.700.20240602-2313\jars\maven-compat-3.9.7.jar
2026-06-08 21:59:17,539 [Worker-39: Launching controle-gastos (8)] INFO  o.eclipse.m2e.core.internal.Bundles - 	Entry: C:\Users\willian\.p2\pool\plugins\org.eclipse.m2e.maven.runtime_3.9.700.20240602-2313\jars\maven-core-3.9.7.jar
2026-06-08 21:59:17,540 [Worker-39: Launching controle-gastos (8)] INFO  o.eclipse.m2e.core.internal.Bundles - 	Entry: C:\Users\willian\.p2\pool\plugins\org.eclipse.m2e.maven.runtime_3.9.700.20240602-2313\jars\maven-embedder-3.9.7.jar
2026-06-08 21:59:17,540 [Worker-39: Launching controle-gastos (8)] INFO  o.eclipse.m2e.core.internal.Bundles - 	Entry: C:\Users\willian\.p2\pool\plugins\org.eclipse.m2e.maven.runtime_3.9.700.20240602-2313\jars\maven-model-3.9.7.jar
2026-06-08 21:59:17,540 [Worker-39: Launching controle-gastos (8)] INFO  o.eclipse.m2e.core.internal.Bundles - 	Entry: C:\Users\willian\.p2\pool\plugins\org.eclipse.m2e.maven.runtime_3.9.700.20240602-2313\jars\maven-model-builder-3.9.7.jar
2026-06-08 21:59:17,540 [Worker-39: Launching controle-gastos (8)] INFO  o.eclipse.m2e.core.internal.Bundles - 	Entry: C:\Users\willian\.p2\pool\plugins\org.eclipse.m2e.maven.runtime_3.9.700.20240602-2313\jars\maven-plugin-api-3.9.7.jar
2026-06-08 21:59:17,540 [Worker-39: Launching controle-gastos (8)] INFO  o.eclipse.m2e.core.internal.Bundles - 	Entry: C:\Users\willian\.p2\pool\plugins\org.eclipse.m2e.maven.runtime_3.9.700.20240602-2313\jars\maven-repository-metadata-3.9.7.jar
2026-06-08 21:59:17,540 [Worker-39: Launching controle-gastos (8)] INFO  o.eclipse.m2e.core.internal.Bundles - 	Entry: C:\Users\willian\.p2\pool\plugins\org.eclipse.m2e.maven.runtime_3.9.700.20240602-2313\jars\maven-resolver-api-1.9.20.jar
2026-06-08 21:59:17,540 [Worker-39: Launching controle-gastos (8)] INFO  o.eclipse.m2e.core.internal.Bundles - 	Entry: C:\Users\willian\.p2\pool\plugins\org.eclipse.m2e.maven.runtime_3.9.700.20240602-2313\jars\maven-resolver-connector-basic-1.9.20.jar
2026-06-08 21:59:17,541 [Worker-39: Launching controle-gastos (8)] INFO  o.eclipse.m2e.core.internal.Bundles - 	Entry: C:\Users\willian\.p2\pool\plugins\org.eclipse.m2e.maven.runtime_3.9.700.20240602-2313\jars\maven-resolver-impl-1.9.20.jar
2026-06-08 21:59:17,541 [Worker-39: Launching controle-gastos (8)] INFO  o.eclipse.m2e.core.internal.Bundles - 	Entry: C:\Users\willian\.p2\pool\plugins\org.eclipse.m2e.maven.runtime_3.9.700.20240602-2313\jars\maven-resolver-named-locks-1.9.20.jar
2026-06-08 21:59:17,541 [Worker-39: Launching controle-gastos (8)] INFO  o.eclipse.m2e.core.internal.Bundles - 	Entry: C:\Users\willian\.p2\pool\plugins\org.eclipse.m2e.maven.runtime_3.9.700.20240602-2313\jars\maven-resolver-provider-3.9.7.jar
2026-06-08 21:59:17,541 [Worker-39: Launching controle-gastos (8)] INFO  o.eclipse.m2e.core.internal.Bundles - 	Entry: C:\Users\willian\.p2\pool\plugins\org.eclipse.m2e.maven.runtime_3.9.700.20240602-2313\jars\maven-resolver-spi-1.9.20.jar
2026-06-08 21:59:17,541 [Worker-39: Launching controle-gastos (8)] INFO  o.eclipse.m2e.core.internal.Bundles - 	Entry: C:\Users\willian\.p2\pool\plugins\org.eclipse.m2e.maven.runtime_3.9.700.20240602-2313\jars\maven-resolver-transport-file-1.9.20.jar
2026-06-08 21:59:17,541 [Worker-39: Launching controle-gastos (8)] INFO  o.eclipse.m2e.core.internal.Bundles - 	Entry: C:\Users\willian\.p2\pool\plugins\org.eclipse.m2e.maven.runtime_3.9.700.20240602-2313\jars\maven-resolver-transport-http-1.9.20.jar
2026-06-08 21:59:17,541 [Worker-39: Launching controle-gastos (8)] INFO  o.eclipse.m2e.core.internal.Bundles - 	Entry: C:\Users\willian\.p2\pool\plugins\org.eclipse.m2e.maven.runtime_3.9.700.20240602-2313\jars\maven-resolver-transport-wagon-1.9.20.jar
2026-06-08 21:59:17,541 [Worker-39: Launching controle-gastos (8)] INFO  o.eclipse.m2e.core.internal.Bundles - 	Entry: C:\Users\willian\.p2\pool\plugins\org.eclipse.m2e.maven.runtime_3.9.700.20240602-2313\jars\maven-resolver-util-1.9.20.jar
2026-06-08 21:59:17,541 [Worker-39: Launching controle-gastos (8)] INFO  o.eclipse.m2e.core.internal.Bundles - 	Entry: C:\Users\willian\.p2\pool\plugins\org.eclipse.m2e.maven.runtime_3.9.700.20240602-2313\jars\maven-settings-3.9.7.jar
2026-06-08 21:59:17,542 [Worker-39: Launching controle-gastos (8)] INFO  o.eclipse.m2e.core.internal.Bundles - 	Entry: C:\Users\willian\.p2\pool\plugins\org.eclipse.m2e.maven.runtime_3.9.700.20240602-2313\jars\maven-settings-builder-3.9.7.jar
2026-06-08 21:59:17,542 [Worker-39: Launching controle-gastos (8)] INFO  o.eclipse.m2e.core.internal.Bundles - 	Entry: C:\Users\willian\.p2\pool\plugins\org.eclipse.m2e.maven.runtime_3.9.700.20240602-2313\jars\maven-shared-utils-3.4.2.jar
2026-06-08 21:59:17,542 [Worker-39: Launching controle-gastos (8)] INFO  o.eclipse.m2e.core.internal.Bundles - 	Entry: C:\Users\willian\.p2\pool\plugins\org.eclipse.m2e.maven.runtime_3.9.700.20240602-2313\jars\org.eclipse.sisu.inject-0.9.0.M2.jar
2026-06-08 21:59:17,542 [Worker-39: Launching controle-gastos (8)] INFO  o.eclipse.m2e.core.internal.Bundles - 	Entry: C:\Users\willian\.p2\pool\plugins\org.eclipse.m2e.maven.runtime_3.9.700.20240602-2313\jars\org.eclipse.sisu.plexus-0.9.0.M2.jar
2026-06-08 21:59:17,542 [Worker-39: Launching controle-gastos (8)] INFO  o.eclipse.m2e.core.internal.Bundles - 	Entry: C:\Users\willian\.p2\pool\plugins\org.eclipse.m2e.maven.runtime_3.9.700.20240602-2313\jars\plexus-build-api-0.0.7.jar
2026-06-08 21:59:17,542 [Worker-39: Launching controle-gastos (8)] INFO  o.eclipse.m2e.core.internal.Bundles - 	Entry: C:\Users\willian\.p2\pool\plugins\org.eclipse.m2e.maven.runtime_3.9.700.20240602-2313\jars\plexus-build-api-1.2.0.jar
2026-06-08 21:59:17,542 [Worker-39: Launching controle-gastos (8)] INFO  o.eclipse.m2e.core.internal.Bundles - 	Entry: C:\Users\willian\.p2\pool\plugins\org.eclipse.m2e.maven.runtime_3.9.700.20240602-2313\jars\plexus-cipher-2.0.jar
2026-06-08 21:59:17,543 [Worker-39: Launching controle-gastos (8)] INFO  o.eclipse.m2e.core.internal.Bundles - 	Entry: C:\Users\willian\.p2\pool\plugins\org.eclipse.m2e.maven.runtime_3.9.700.20240602-2313\jars\plexus-classworlds-2.8.0.jar
2026-06-08 21:59:17,543 [Worker-39: Launching controle-gastos (8)] INFO  o.eclipse.m2e.core.internal.Bundles - 	Entry: C:\Users\willian\.p2\pool\plugins\org.eclipse.m2e.maven.runtime_3.9.700.20240602-2313\jars\plexus-component-annotations-2.1.0.jar
2026-06-08 21:59:17,543 [Worker-39: Launching controle-gastos (8)] INFO  o.eclipse.m2e.core.internal.Bundles - 	Entry: C:\Users\willian\.p2\pool\plugins\org.eclipse.m2e.maven.runtime_3.9.700.20240602-2313\jars\plexus-interpolation-1.27.jar
2026-06-08 21:59:17,543 [Worker-39: Launching controle-gastos (8)] INFO  o.eclipse.m2e.core.internal.Bundles - 	Entry: C:\Users\willian\.p2\pool\plugins\org.eclipse.m2e.maven.runtime_3.9.700.20240602-2313\jars\plexus-sec-dispatcher-2.0.jar
2026-06-08 21:59:17,543 [Worker-39: Launching controle-gastos (8)] INFO  o.eclipse.m2e.core.internal.Bundles - 	Entry: C:\Users\willian\.p2\pool\plugins\org.eclipse.m2e.maven.runtime_3.9.700.20240602-2313\jars\plexus-utils-3.5.1.jar
2026-06-08 21:59:17,543 [Worker-39: Launching controle-gastos (8)] INFO  o.eclipse.m2e.core.internal.Bundles - 	Entry: C:\Users\willian\.p2\pool\plugins\org.eclipse.m2e.maven.runtime_3.9.700.20240602-2313\jars\wagon-file-3.5.3.jar
2026-06-08 21:59:17,543 [Worker-39: Launching controle-gastos (8)] INFO  o.eclipse.m2e.core.internal.Bundles - 	Entry: C:\Users\willian\.p2\pool\plugins\org.eclipse.m2e.maven.runtime_3.9.700.20240602-2313\jars\wagon-http-3.5.3.jar
2026-06-08 21:59:17,543 [Worker-39: Launching controle-gastos (8)] INFO  o.eclipse.m2e.core.internal.Bundles - 	Entry: C:\Users\willian\.p2\pool\plugins\org.eclipse.m2e.maven.runtime_3.9.700.20240602-2313\jars\wagon-http-shared-3.5.3.jar
2026-06-08 21:59:17,543 [Worker-39: Launching controle-gastos (8)] INFO  o.eclipse.m2e.core.internal.Bundles - 	Entry: C:\Users\willian\.p2\pool\plugins\org.eclipse.m2e.maven.runtime_3.9.700.20240602-2313\jars\wagon-provider-api-3.5.3.jar
2026-06-08 21:59:17,544 [Worker-39: Launching controle-gastos (8)] INFO  o.eclipse.m2e.core.internal.Bundles - getClasspathEntries(Bundle=com.google.guava_33.2.0.jre [10])
2026-06-08 21:59:17,544 [Worker-39: Launching controle-gastos (8)] INFO  o.eclipse.m2e.core.internal.Bundles - 	Entry: C:\Users\willian\.p2\pool\plugins\com.google.guava_33.2.0.jre.jar
2026-06-08 21:59:17,544 [Worker-39: Launching controle-gastos (8)] INFO  o.eclipse.m2e.core.internal.Bundles - getClasspathEntries(Bundle=slf4j.api_2.0.13 [520])
2026-06-08 21:59:17,544 [Worker-39: Launching controle-gastos (8)] INFO  o.eclipse.m2e.core.internal.Bundles - 	Entry: C:\Users\willian\.p2\pool\plugins\slf4j.api_2.0.13.jar
2026-06-08 21:59:17,544 [Worker-39: Launching controle-gastos (8)] INFO  o.eclipse.m2e.core.internal.Bundles - getClasspathEntries(Bundle=jakarta.inject.jakarta.inject-api_1.0.5 [21])
2026-06-08 21:59:17,545 [Worker-39: Launching controle-gastos (8)] INFO  o.eclipse.m2e.core.internal.Bundles - 	Entry: C:\Users\willian\.p2\pool\plugins\jakarta.inject.jakarta.inject-api_1.0.5.jar
2026-06-08 21:59:17,545 [Worker-39: Launching controle-gastos (8)] INFO  o.eclipse.m2e.core.internal.Bundles - getClasspathEntries(Bundle=javax.annotation_1.3.5.v20200909-1856 [24])
2026-06-08 21:59:17,545 [Worker-39: Launching controle-gastos (8)] INFO  o.eclipse.m2e.core.internal.Bundles - 	Entry: C:\Users\willian\.p2\pool\plugins\javax.annotation_1.3.5.v20200909-1856.jar
2026-06-08 21:59:17,545 [Worker-39: Launching controle-gastos (8)] INFO  o.eclipse.m2e.core.internal.Bundles - getClasspathEntries(Bundle=org.apache.commons.cli_1.8.0 [47])
2026-06-08 21:59:17,545 [Worker-39: Launching controle-gastos (8)] INFO  o.eclipse.m2e.core.internal.Bundles - 	Entry: C:\Users\willian\.p2\pool\plugins\org.apache.commons.cli_1.8.0.jar
2026-06-08 21:59:17,545 [Worker-39: Launching controle-gastos (8)] INFO  o.eclipse.m2e.core.internal.Bundles - getClasspathEntries(Bundle=org.apache.commons.commons-codec_1.16.0 [48])
2026-06-08 21:59:17,545 [Worker-39: Launching controle-gastos (8)] INFO  o.eclipse.m2e.core.internal.Bundles - 	Entry: C:\Users\willian\.p2\pool\plugins\org.apache.commons.commons-codec_1.16.0.jar
2026-06-08 21:59:17,545 [Worker-39: Launching controle-gastos (8)] INFO  o.eclipse.m2e.core.internal.Bundles - getClasspathEntries(Bundle=org.apache.commons.lang3_3.14.0 [54])
2026-06-08 21:59:17,546 [Worker-39: Launching controle-gastos (8)] INFO  o.eclipse.m2e.core.internal.Bundles - 	Entry: C:\Users\willian\.p2\pool\plugins\org.apache.commons.lang3_3.14.0.jar
2026-06-08 21:59:17,546 [Worker-39: Launching controle-gastos (8)] INFO  o.eclipse.m2e.core.internal.Bundles - getClasspathEntries(Bundle=com.google.guava.failureaccess_1.0.2 [11])
2026-06-08 21:59:17,546 [Worker-39: Launching controle-gastos (8)] INFO  o.eclipse.m2e.core.internal.Bundles - 	Entry: C:\Users\willian\.p2\pool\plugins\com.google.guava.failureaccess_1.0.2.jar
2026-06-08 21:59:17,547 [Worker-39: Launching controle-gastos (8)] INFO  o.e.m.i.launch.MavenLaunchDelegate - Run build in "C:\Users\willian\Desktop\Projeto-app-controle-de-gastos-programa-o-para-resolu-o-de-problemas-2\controle-gastos":
2026-06-08 21:59:17,547 [Worker-39: Launching controle-gastos (8)] INFO  o.e.m.i.launch.MavenLaunchDelegate -  mvn  -B -Dstyle.color=always javafx:run
2026-06-08 22:00:25,529 [Worker-46: Building] INFO  o.a.m.s.f.DefaultMavenResourcesFiltering - Copying 0 resource from src\main\resources to target\classes
2026-06-08 22:00:25,530 [Worker-46: Building] INFO  o.a.m.s.f.DefaultMavenResourcesFiltering - Copying 0 resource from src\test\resources to target\test-classes
2026-06-08 22:00:34,092 [Worker-46: Launching controle-gastos (8)] INFO  o.eclipse.m2e.core.internal.Bundles - getClasspathEntries(Bundle=org.eclipse.m2e.maven.runtime_3.9.700.20240602-2313 [299])
2026-06-08 22:00:34,092 [Worker-46: Launching controle-gastos (8)] INFO  o.eclipse.m2e.core.internal.Bundles - 	Entry: C:\Users\willian\.p2\pool\plugins\org.eclipse.m2e.maven.runtime_3.9.700.20240602-2313
2026-06-08 22:00:34,093 [Worker-46: Launching controle-gastos (8)] INFO  o.eclipse.m2e.core.internal.Bundles - 	Entry: C:\Users\willian\.p2\pool\plugins\org.eclipse.m2e.maven.runtime_3.9.700.20240602-2313\jars\aopalliance-1.0.jar
2026-06-08 22:00:34,093 [Worker-46: Launching controle-gastos (8)] INFO  o.eclipse.m2e.core.internal.Bundles - 	Entry: C:\Users\willian\.p2\pool\plugins\org.eclipse.m2e.maven.runtime_3.9.700.20240602-2313\jars\guice-5.1.0.jar
2026-06-08 22:00:34,093 [Worker-46: Launching controle-gastos (8)] INFO  o.eclipse.m2e.core.internal.Bundles - 	Entry: C:\Users\willian\.p2\pool\plugins\org.eclipse.m2e.maven.runtime_3.9.700.20240602-2313\jars\httpclient-4.5.14.jar
2026-06-08 22:00:34,093 [Worker-46: Launching controle-gastos (8)] INFO  o.eclipse.m2e.core.internal.Bundles - 	Entry: C:\Users\willian\.p2\pool\plugins\org.eclipse.m2e.maven.runtime_3.9.700.20240602-2313\jars\httpcore-4.4.16.jar
2026-06-08 22:00:34,093 [Worker-46: Launching controle-gastos (8)] INFO  o.eclipse.m2e.core.internal.Bundles - 	Entry: C:\Users\willian\.p2\pool\plugins\org.eclipse.m2e.maven.runtime_3.9.700.20240602-2313\jars\jansi-2.4.1.jar
2026-06-08 22:00:34,093 [Worker-46: Launching controle-gastos (8)] INFO  o.eclipse.m2e.core.internal.Bundles - 	Entry: C:\Users\willian\.p2\pool\plugins\org.eclipse.m2e.maven.runtime_3.9.700.20240602-2313\jars\jcl-over-slf4j-1.7.36.jar
2026-06-08 22:00:34,093 [Worker-46: Launching controle-gastos (8)] INFO  o.eclipse.m2e.core.internal.Bundles - 	Entry: C:\Users\willian\.p2\pool\plugins\org.eclipse.m2e.maven.runtime_3.9.700.20240602-2313\jars\maven-artifact-3.9.7.jar
2026-06-08 22:00:34,093 [Worker-46: Launching controle-gastos (8)] INFO  o.eclipse.m2e.core.internal.Bundles - 	Entry: C:\Users\willian\.p2\pool\plugins\org.eclipse.m2e.maven.runtime_3.9.700.20240602-2313\jars\maven-builder-support-3.9.7.jar
2026-06-08 22:00:34,094 [Worker-46: Launching controle-gastos (8)] INFO  o.eclipse.m2e.core.internal.Bundles - 	Entry: C:\Users\willian\.p2\pool\plugins\org.eclipse.m2e.maven.runtime_3.9.700.20240602-2313\jars\maven-compat-3.9.7.jar
2026-06-08 22:00:34,094 [Worker-46: Launching controle-gastos (8)] INFO  o.eclipse.m2e.core.internal.Bundles - 	Entry: C:\Users\willian\.p2\pool\plugins\org.eclipse.m2e.maven.runtime_3.9.700.20240602-2313\jars\maven-core-3.9.7.jar
2026-06-08 22:00:34,094 [Worker-46: Launching controle-gastos (8)] INFO  o.eclipse.m2e.core.internal.Bundles - 	Entry: C:\Users\willian\.p2\pool\plugins\org.eclipse.m2e.maven.runtime_3.9.700.20240602-2313\jars\maven-embedder-3.9.7.jar
2026-06-08 22:00:34,094 [Worker-46: Launching controle-gastos (8)] INFO  o.eclipse.m2e.core.internal.Bundles - 	Entry: C:\Users\willian\.p2\pool\plugins\org.eclipse.m2e.maven.runtime_3.9.700.20240602-2313\jars\maven-model-3.9.7.jar
2026-06-08 22:00:34,094 [Worker-46: Launching controle-gastos (8)] INFO  o.eclipse.m2e.core.internal.Bundles - 	Entry: C:\Users\willian\.p2\pool\plugins\org.eclipse.m2e.maven.runtime_3.9.700.20240602-2313\jars\maven-model-builder-3.9.7.jar
2026-06-08 22:00:34,094 [Worker-46: Launching controle-gastos (8)] INFO  o.eclipse.m2e.core.internal.Bundles - 	Entry: C:\Users\willian\.p2\pool\plugins\org.eclipse.m2e.maven.runtime_3.9.700.20240602-2313\jars\maven-plugin-api-3.9.7.jar
2026-06-08 22:00:34,094 [Worker-46: Launching controle-gastos (8)] INFO  o.eclipse.m2e.core.internal.Bundles - 	Entry: C:\Users\willian\.p2\pool\plugins\org.eclipse.m2e.maven.runtime_3.9.700.20240602-2313\jars\maven-repository-metadata-3.9.7.jar
2026-06-08 22:00:34,094 [Worker-46: Launching controle-gastos (8)] INFO  o.eclipse.m2e.core.internal.Bundles - 	Entry: C:\Users\willian\.p2\pool\plugins\org.eclipse.m2e.maven.runtime_3.9.700.20240602-2313\jars\maven-resolver-api-1.9.20.jar
2026-06-08 22:00:34,094 [Worker-46: Launching controle-gastos (8)] INFO  o.eclipse.m2e.core.internal.Bundles - 	Entry: C:\Users\willian\.p2\pool\plugins\org.eclipse.m2e.maven.runtime_3.9.700.20240602-2313\jars\maven-resolver-connector-basic-1.9.20.jar
2026-06-08 22:00:34,095 [Worker-46: Launching controle-gastos (8)] INFO  o.eclipse.m2e.core.internal.Bundles - 	Entry: C:\Users\willian\.p2\pool\plugins\org.eclipse.m2e.maven.runtime_3.9.700.20240602-2313\jars\maven-resolver-impl-1.9.20.jar
2026-06-08 22:00:34,095 [Worker-46: Launching controle-gastos (8)] INFO  o.eclipse.m2e.core.internal.Bundles - 	Entry: C:\Users\willian\.p2\pool\plugins\org.eclipse.m2e.maven.runtime_3.9.700.20240602-2313\jars\maven-resolver-named-locks-1.9.20.jar
2026-06-08 22:00:34,095 [Worker-46: Launching controle-gastos (8)] INFO  o.eclipse.m2e.core.internal.Bundles - 	Entry: C:\Users\willian\.p2\pool\plugins\org.eclipse.m2e.maven.runtime_3.9.700.20240602-2313\jars\maven-resolver-provider-3.9.7.jar
2026-06-08 22:00:34,095 [Worker-46: Launching controle-gastos (8)] INFO  o.eclipse.m2e.core.internal.Bundles - 	Entry: C:\Users\willian\.p2\pool\plugins\org.eclipse.m2e.maven.runtime_3.9.700.20240602-2313\jars\maven-resolver-spi-1.9.20.jar
2026-06-08 22:00:34,095 [Worker-46: Launching controle-gastos (8)] INFO  o.eclipse.m2e.core.internal.Bundles - 	Entry: C:\Users\willian\.p2\pool\plugins\org.eclipse.m2e.maven.runtime_3.9.700.20240602-2313\jars\maven-resolver-transport-file-1.9.20.jar
2026-06-08 22:00:34,095 [Worker-46: Launching controle-gastos (8)] INFO  o.eclipse.m2e.core.internal.Bundles - 	Entry: C:\Users\willian\.p2\pool\plugins\org.eclipse.m2e.maven.runtime_3.9.700.20240602-2313\jars\maven-resolver-transport-http-1.9.20.jar
2026-06-08 22:00:34,095 [Worker-46: Launching controle-gastos (8)] INFO  o.eclipse.m2e.core.internal.Bundles - 	Entry: C:\Users\willian\.p2\pool\plugins\org.eclipse.m2e.maven.runtime_3.9.700.20240602-2313\jars\maven-resolver-transport-wagon-1.9.20.jar
2026-06-08 22:00:34,095 [Worker-46: Launching controle-gastos (8)] INFO  o.eclipse.m2e.core.internal.Bundles - 	Entry: C:\Users\willian\.p2\pool\plugins\org.eclipse.m2e.maven.runtime_3.9.700.20240602-2313\jars\maven-resolver-util-1.9.20.jar
2026-06-08 22:00:34,095 [Worker-46: Launching controle-gastos (8)] INFO  o.eclipse.m2e.core.internal.Bundles - 	Entry: C:\Users\willian\.p2\pool\plugins\org.eclipse.m2e.maven.runtime_3.9.700.20240602-2313\jars\maven-settings-3.9.7.jar
2026-06-08 22:00:34,096 [Worker-46: Launching controle-gastos (8)] INFO  o.eclipse.m2e.core.internal.Bundles - 	Entry: C:\Users\willian\.p2\pool\plugins\org.eclipse.m2e.maven.runtime_3.9.700.20240602-2313\jars\maven-settings-builder-3.9.7.jar
2026-06-08 22:00:34,096 [Worker-46: Launching controle-gastos (8)] INFO  o.eclipse.m2e.core.internal.Bundles - 	Entry: C:\Users\willian\.p2\pool\plugins\org.eclipse.m2e.maven.runtime_3.9.700.20240602-2313\jars\maven-shared-utils-3.4.2.jar
2026-06-08 22:00:34,096 [Worker-46: Launching controle-gastos (8)] INFO  o.eclipse.m2e.core.internal.Bundles - 	Entry: C:\Users\willian\.p2\pool\plugins\org.eclipse.m2e.maven.runtime_3.9.700.20240602-2313\jars\org.eclipse.sisu.inject-0.9.0.M2.jar
2026-06-08 22:00:34,096 [Worker-46: Launching controle-gastos (8)] INFO  o.eclipse.m2e.core.internal.Bundles - 	Entry: C:\Users\willian\.p2\pool\plugins\org.eclipse.m2e.maven.runtime_3.9.700.20240602-2313\jars\org.eclipse.sisu.plexus-0.9.0.M2.jar
2026-06-08 22:00:34,096 [Worker-46: Launching controle-gastos (8)] INFO  o.eclipse.m2e.core.internal.Bundles - 	Entry: C:\Users\willian\.p2\pool\plugins\org.eclipse.m2e.maven.runtime_3.9.700.20240602-2313\jars\plexus-build-api-0.0.7.jar
2026-06-08 22:00:34,096 [Worker-46: Launching controle-gastos (8)] INFO  o.eclipse.m2e.core.internal.Bundles - 	Entry: C:\Users\willian\.p2\pool\plugins\org.eclipse.m2e.maven.runtime_3.9.700.20240602-2313\jars\plexus-build-api-1.2.0.jar
2026-06-08 22:00:34,096 [Worker-46: Launching controle-gastos (8)] INFO  o.eclipse.m2e.core.internal.Bundles - 	Entry: C:\Users\willian\.p2\pool\plugins\org.eclipse.m2e.maven.runtime_3.9.700.20240602-2313\jars\plexus-cipher-2.0.jar
2026-06-08 22:00:34,096 [Worker-46: Launching controle-gastos (8)] INFO  o.eclipse.m2e.core.internal.Bundles - 	Entry: C:\Users\willian\.p2\pool\plugins\org.eclipse.m2e.maven.runtime_3.9.700.20240602-2313\jars\plexus-classworlds-2.8.0.jar
2026-06-08 22:00:34,096 [Worker-46: Launching controle-gastos (8)] INFO  o.eclipse.m2e.core.internal.Bundles - 	Entry: C:\Users\willian\.p2\pool\plugins\org.eclipse.m2e.maven.runtime_3.9.700.20240602-2313\jars\plexus-component-annotations-2.1.0.jar
2026-06-08 22:00:34,097 [Worker-46: Launching controle-gastos (8)] INFO  o.eclipse.m2e.core.internal.Bundles - 	Entry: C:\Users\willian\.p2\pool\plugins\org.eclipse.m2e.maven.runtime_3.9.700.20240602-2313\jars\plexus-interpolation-1.27.jar
2026-06-08 22:00:34,097 [Worker-46: Launching controle-gastos (8)] INFO  o.eclipse.m2e.core.internal.Bundles - 	Entry: C:\Users\willian\.p2\pool\plugins\org.eclipse.m2e.maven.runtime_3.9.700.20240602-2313\jars\plexus-sec-dispatcher-2.0.jar
2026-06-08 22:00:34,097 [Worker-46: Launching controle-gastos (8)] INFO  o.eclipse.m2e.core.internal.Bundles - 	Entry: C:\Users\willian\.p2\pool\plugins\org.eclipse.m2e.maven.runtime_3.9.700.20240602-2313\jars\plexus-utils-3.5.1.jar
2026-06-08 22:00:34,097 [Worker-46: Launching controle-gastos (8)] INFO  o.eclipse.m2e.core.internal.Bundles - 	Entry: C:\Users\willian\.p2\pool\plugins\org.eclipse.m2e.maven.runtime_3.9.700.20240602-2313\jars\wagon-file-3.5.3.jar
2026-06-08 22:00:34,097 [Worker-46: Launching controle-gastos (8)] INFO  o.eclipse.m2e.core.internal.Bundles - 	Entry: C:\Users\willian\.p2\pool\plugins\org.eclipse.m2e.maven.runtime_3.9.700.20240602-2313\jars\wagon-http-3.5.3.jar
2026-06-08 22:00:34,097 [Worker-46: Launching controle-gastos (8)] INFO  o.eclipse.m2e.core.internal.Bundles - 	Entry: C:\Users\willian\.p2\pool\plugins\org.eclipse.m2e.maven.runtime_3.9.700.20240602-2313\jars\wagon-http-shared-3.5.3.jar
2026-06-08 22:00:34,097 [Worker-46: Launching controle-gastos (8)] INFO  o.eclipse.m2e.core.internal.Bundles - 	Entry: C:\Users\willian\.p2\pool\plugins\org.eclipse.m2e.maven.runtime_3.9.700.20240602-2313\jars\wagon-provider-api-3.5.3.jar
2026-06-08 22:00:34,097 [Worker-46: Launching controle-gastos (8)] INFO  o.eclipse.m2e.core.internal.Bundles - getClasspathEntries(Bundle=com.google.guava_33.2.0.jre [10])
2026-06-08 22:00:34,098 [Worker-46: Launching controle-gastos (8)] INFO  o.eclipse.m2e.core.internal.Bundles - 	Entry: C:\Users\willian\.p2\pool\plugins\com.google.guava_33.2.0.jre.jar
2026-06-08 22:00:34,098 [Worker-46: Launching controle-gastos (8)] INFO  o.eclipse.m2e.core.internal.Bundles - getClasspathEntries(Bundle=slf4j.api_2.0.13 [520])
2026-06-08 22:00:34,098 [Worker-46: Launching controle-gastos (8)] INFO  o.eclipse.m2e.core.internal.Bundles - 	Entry: C:\Users\willian\.p2\pool\plugins\slf4j.api_2.0.13.jar
2026-06-08 22:00:34,098 [Worker-46: Launching controle-gastos (8)] INFO  o.eclipse.m2e.core.internal.Bundles - getClasspathEntries(Bundle=jakarta.inject.jakarta.inject-api_1.0.5 [21])
2026-06-08 22:00:34,098 [Worker-46: Launching controle-gastos (8)] INFO  o.eclipse.m2e.core.internal.Bundles - 	Entry: C:\Users\willian\.p2\pool\plugins\jakarta.inject.jakarta.inject-api_1.0.5.jar
2026-06-08 22:00:34,098 [Worker-46: Launching controle-gastos (8)] INFO  o.eclipse.m2e.core.internal.Bundles - getClasspathEntries(Bundle=javax.annotation_1.3.5.v20200909-1856 [24])
2026-06-08 22:00:34,098 [Worker-46: Launching controle-gastos (8)] INFO  o.eclipse.m2e.core.internal.Bundles - 	Entry: C:\Users\willian\.p2\pool\plugins\javax.annotation_1.3.5.v20200909-1856.jar
2026-06-08 22:00:34,098 [Worker-46: Launching controle-gastos (8)] INFO  o.eclipse.m2e.core.internal.Bundles - getClasspathEntries(Bundle=org.apache.commons.cli_1.8.0 [47])
2026-06-08 22:00:34,099 [Worker-46: Launching controle-gastos (8)] INFO  o.eclipse.m2e.core.internal.Bundles - 	Entry: C:\Users\willian\.p2\pool\plugins\org.apache.commons.cli_1.8.0.jar
2026-06-08 22:00:34,099 [Worker-46: Launching controle-gastos (8)] INFO  o.eclipse.m2e.core.internal.Bundles - getClasspathEntries(Bundle=org.apache.commons.commons-codec_1.16.0 [48])
2026-06-08 22:00:34,099 [Worker-46: Launching controle-gastos (8)] INFO  o.eclipse.m2e.core.internal.Bundles - 	Entry: C:\Users\willian\.p2\pool\plugins\org.apache.commons.commons-codec_1.16.0.jar
2026-06-08 22:00:34,099 [Worker-46: Launching controle-gastos (8)] INFO  o.eclipse.m2e.core.internal.Bundles - getClasspathEntries(Bundle=org.apache.commons.lang3_3.14.0 [54])
2026-06-08 22:00:34,099 [Worker-46: Launching controle-gastos (8)] INFO  o.eclipse.m2e.core.internal.Bundles - 	Entry: C:\Users\willian\.p2\pool\plugins\org.apache.commons.lang3_3.14.0.jar
2026-06-08 22:00:34,099 [Worker-46: Launching controle-gastos (8)] INFO  o.eclipse.m2e.core.internal.Bundles - getClasspathEntries(Bundle=com.google.guava.failureaccess_1.0.2 [11])
2026-06-08 22:00:34,099 [Worker-46: Launching controle-gastos (8)] INFO  o.eclipse.m2e.core.internal.Bundles - 	Entry: C:\Users\willian\.p2\pool\plugins\com.google.guava.failureaccess_1.0.2.jar
2026-06-08 22:00:34,101 [Worker-46: Launching controle-gastos (8)] INFO  o.e.m.i.launch.MavenLaunchDelegate - Run build in "C:\Users\willian\Desktop\Projeto-app-controle-de-gastos-programa-o-para-resolu-o-de-problemas-2\controle-gastos":
2026-06-08 22:00:34,101 [Worker-46: Launching controle-gastos (8)] INFO  o.e.m.i.launch.MavenLaunchDelegate -  mvn  -B -Dstyle.color=always javafx:run
2026-06-08 22:07:42,655 [Worker-48: Building] INFO  o.a.m.s.f.DefaultMavenResourcesFiltering - Copying 0 resource from src\main\resources to target\classes
2026-06-08 22:07:42,656 [Worker-48: Building] INFO  o.a.m.s.f.DefaultMavenResourcesFiltering - Copying 0 resource from src\test\resources to target\test-classes
2026-06-08 22:07:48,721 [Worker-48: Launching controle-gastos (8)] INFO  o.eclipse.m2e.core.internal.Bundles - getClasspathEntries(Bundle=org.eclipse.m2e.maven.runtime_3.9.700.20240602-2313 [299])
2026-06-08 22:07:48,722 [Worker-48: Launching controle-gastos (8)] INFO  o.eclipse.m2e.core.internal.Bundles - 	Entry: C:\Users\willian\.p2\pool\plugins\org.eclipse.m2e.maven.runtime_3.9.700.20240602-2313
2026-06-08 22:07:48,722 [Worker-48: Launching controle-gastos (8)] INFO  o.eclipse.m2e.core.internal.Bundles - 	Entry: C:\Users\willian\.p2\pool\plugins\org.eclipse.m2e.maven.runtime_3.9.700.20240602-2313\jars\aopalliance-1.0.jar
2026-06-08 22:07:48,722 [Worker-48: Launching controle-gastos (8)] INFO  o.eclipse.m2e.core.internal.Bundles - 	Entry: C:\Users\willian\.p2\pool\plugins\org.eclipse.m2e.maven.runtime_3.9.700.20240602-2313\jars\guice-5.1.0.jar
2026-06-08 22:07:48,722 [Worker-48: Launching controle-gastos (8)] INFO  o.eclipse.m2e.core.internal.Bundles - 	Entry: C:\Users\willian\.p2\pool\plugins\org.eclipse.m2e.maven.runtime_3.9.700.20240602-2313\jars\httpclient-4.5.14.jar
2026-06-08 22:07:48,722 [Worker-48: Launching controle-gastos (8)] INFO  o.eclipse.m2e.core.internal.Bundles - 	Entry: C:\Users\willian\.p2\pool\plugins\org.eclipse.m2e.maven.runtime_3.9.700.20240602-2313\jars\httpcore-4.4.16.jar
2026-06-08 22:07:48,722 [Worker-48: Launching controle-gastos (8)] INFO  o.eclipse.m2e.core.internal.Bundles - 	Entry: C:\Users\willian\.p2\pool\plugins\org.eclipse.m2e.maven.runtime_3.9.700.20240602-2313\jars\jansi-2.4.1.jar
2026-06-08 22:07:48,722 [Worker-48: Launching controle-gastos (8)] INFO  o.eclipse.m2e.core.internal.Bundles - 	Entry: C:\Users\willian\.p2\pool\plugins\org.eclipse.m2e.maven.runtime_3.9.700.20240602-2313\jars\jcl-over-slf4j-1.7.36.jar
2026-06-08 22:07:48,722 [Worker-48: Launching controle-gastos (8)] INFO  o.eclipse.m2e.core.internal.Bundles - 	Entry: C:\Users\willian\.p2\pool\plugins\org.eclipse.m2e.maven.runtime_3.9.700.20240602-2313\jars\maven-artifact-3.9.7.jar
2026-06-08 22:07:48,723 [Worker-48: Launching controle-gastos (8)] INFO  o.eclipse.m2e.core.internal.Bundles - 	Entry: C:\Users\willian\.p2\pool\plugins\org.eclipse.m2e.maven.runtime_3.9.700.20240602-2313\jars\maven-builder-support-3.9.7.jar
2026-06-08 22:07:48,723 [Worker-48: Launching controle-gastos (8)] INFO  o.eclipse.m2e.core.internal.Bundles - 	Entry: C:\Users\willian\.p2\pool\plugins\org.eclipse.m2e.maven.runtime_3.9.700.20240602-2313\jars\maven-compat-3.9.7.jar
2026-06-08 22:07:48,723 [Worker-48: Launching controle-gastos (8)] INFO  o.eclipse.m2e.core.internal.Bundles - 	Entry: C:\Users\willian\.p2\pool\plugins\org.eclipse.m2e.maven.runtime_3.9.700.20240602-2313\jars\maven-core-3.9.7.jar
2026-06-08 22:07:48,723 [Worker-48: Launching controle-gastos (8)] INFO  o.eclipse.m2e.core.internal.Bundles - 	Entry: C:\Users\willian\.p2\pool\plugins\org.eclipse.m2e.maven.runtime_3.9.700.20240602-2313\jars\maven-embedder-3.9.7.jar
2026-06-08 22:07:48,723 [Worker-48: Launching controle-gastos (8)] INFO  o.eclipse.m2e.core.internal.Bundles - 	Entry: C:\Users\willian\.p2\pool\plugins\org.eclipse.m2e.maven.runtime_3.9.700.20240602-2313\jars\maven-model-3.9.7.jar
2026-06-08 22:07:48,723 [Worker-48: Launching controle-gastos (8)] INFO  o.eclipse.m2e.core.internal.Bundles - 	Entry: C:\Users\willian\.p2\pool\plugins\org.eclipse.m2e.maven.runtime_3.9.700.20240602-2313\jars\maven-model-builder-3.9.7.jar
2026-06-08 22:07:48,723 [Worker-48: Launching controle-gastos (8)] INFO  o.eclipse.m2e.core.internal.Bundles - 	Entry: C:\Users\willian\.p2\pool\plugins\org.eclipse.m2e.maven.runtime_3.9.700.20240602-2313\jars\maven-plugin-api-3.9.7.jar
2026-06-08 22:07:48,723 [Worker-48: Launching controle-gastos (8)] INFO  o.eclipse.m2e.core.internal.Bundles - 	Entry: C:\Users\willian\.p2\pool\plugins\org.eclipse.m2e.maven.runtime_3.9.700.20240602-2313\jars\maven-repository-metadata-3.9.7.jar
2026-06-08 22:07:48,723 [Worker-48: Launching controle-gastos (8)] INFO  o.eclipse.m2e.core.internal.Bundles - 	Entry: C:\Users\willian\.p2\pool\plugins\org.eclipse.m2e.maven.runtime_3.9.700.20240602-2313\jars\maven-resolver-api-1.9.20.jar
2026-06-08 22:07:48,724 [Worker-48: Launching controle-gastos (8)] INFO  o.eclipse.m2e.core.internal.Bundles - 	Entry: C:\Users\willian\.p2\pool\plugins\org.eclipse.m2e.maven.runtime_3.9.700.20240602-2313\jars\maven-resolver-connector-basic-1.9.20.jar
2026-06-08 22:07:48,724 [Worker-48: Launching controle-gastos (8)] INFO  o.eclipse.m2e.core.internal.Bundles - 	Entry: C:\Users\willian\.p2\pool\plugins\org.eclipse.m2e.maven.runtime_3.9.700.20240602-2313\jars\maven-resolver-impl-1.9.20.jar
2026-06-08 22:07:48,724 [Worker-48: Launching controle-gastos (8)] INFO  o.eclipse.m2e.core.internal.Bundles - 	Entry: C:\Users\willian\.p2\pool\plugins\org.eclipse.m2e.maven.runtime_3.9.700.20240602-2313\jars\maven-resolver-named-locks-1.9.20.jar
2026-06-08 22:07:48,724 [Worker-48: Launching controle-gastos (8)] INFO  o.eclipse.m2e.core.internal.Bundles - 	Entry: C:\Users\willian\.p2\pool\plugins\org.eclipse.m2e.maven.runtime_3.9.700.20240602-2313\jars\maven-resolver-provider-3.9.7.jar
2026-06-08 22:07:48,724 [Worker-48: Launching controle-gastos (8)] INFO  o.eclipse.m2e.core.internal.Bundles - 	Entry: C:\Users\willian\.p2\pool\plugins\org.eclipse.m2e.maven.runtime_3.9.700.20240602-2313\jars\maven-resolver-spi-1.9.20.jar
2026-06-08 22:07:48,724 [Worker-48: Launching controle-gastos (8)] INFO  o.eclipse.m2e.core.internal.Bundles - 	Entry: C:\Users\willian\.p2\pool\plugins\org.eclipse.m2e.maven.runtime_3.9.700.20240602-2313\jars\maven-resolver-transport-file-1.9.20.jar
2026-06-08 22:07:48,724 [Worker-48: Launching controle-gastos (8)] INFO  o.eclipse.m2e.core.internal.Bundles - 	Entry: C:\Users\willian\.p2\pool\plugins\org.eclipse.m2e.maven.runtime_3.9.700.20240602-2313\jars\maven-resolver-transport-http-1.9.20.jar
2026-06-08 22:07:48,724 [Worker-48: Launching controle-gastos (8)] INFO  o.eclipse.m2e.core.internal.Bundles - 	Entry: C:\Users\willian\.p2\pool\plugins\org.eclipse.m2e.maven.runtime_3.9.700.20240602-2313\jars\maven-resolver-transport-wagon-1.9.20.jar
2026-06-08 22:07:48,724 [Worker-48: Launching controle-gastos (8)] INFO  o.eclipse.m2e.core.internal.Bundles - 	Entry: C:\Users\willian\.p2\pool\plugins\org.eclipse.m2e.maven.runtime_3.9.700.20240602-2313\jars\maven-resolver-util-1.9.20.jar
2026-06-08 22:07:48,724 [Worker-48: Launching controle-gastos (8)] INFO  o.eclipse.m2e.core.internal.Bundles - 	Entry: C:\Users\willian\.p2\pool\plugins\org.eclipse.m2e.maven.runtime_3.9.700.20240602-2313\jars\maven-settings-3.9.7.jar
2026-06-08 22:07:48,725 [Worker-48: Launching controle-gastos (8)] INFO  o.eclipse.m2e.core.internal.Bundles - 	Entry: C:\Users\willian\.p2\pool\plugins\org.eclipse.m2e.maven.runtime_3.9.700.20240602-2313\jars\maven-settings-builder-3.9.7.jar
2026-06-08 22:07:48,725 [Worker-48: Launching controle-gastos (8)] INFO  o.eclipse.m2e.core.internal.Bundles - 	Entry: C:\Users\willian\.p2\pool\plugins\org.eclipse.m2e.maven.runtime_3.9.700.20240602-2313\jars\maven-shared-utils-3.4.2.jar
2026-06-08 22:07:48,725 [Worker-48: Launching controle-gastos (8)] INFO  o.eclipse.m2e.core.internal.Bundles - 	Entry: C:\Users\willian\.p2\pool\plugins\org.eclipse.m2e.maven.runtime_3.9.700.20240602-2313\jars\org.eclipse.sisu.inject-0.9.0.M2.jar
2026-06-08 22:07:48,725 [Worker-48: Launching controle-gastos (8)] INFO  o.eclipse.m2e.core.internal.Bundles - 	Entry: C:\Users\willian\.p2\pool\plugins\org.eclipse.m2e.maven.runtime_3.9.700.20240602-2313\jars\org.eclipse.sisu.plexus-0.9.0.M2.jar
2026-06-08 22:07:48,725 [Worker-48: Launching controle-gastos (8)] INFO  o.eclipse.m2e.core.internal.Bundles - 	Entry: C:\Users\willian\.p2\pool\plugins\org.eclipse.m2e.maven.runtime_3.9.700.20240602-2313\jars\plexus-build-api-0.0.7.jar
2026-06-08 22:07:48,725 [Worker-48: Launching controle-gastos (8)] INFO  o.eclipse.m2e.core.internal.Bundles - 	Entry: C:\Users\willian\.p2\pool\plugins\org.eclipse.m2e.maven.runtime_3.9.700.20240602-2313\jars\plexus-build-api-1.2.0.jar
2026-06-08 22:07:48,725 [Worker-48: Launching controle-gastos (8)] INFO  o.eclipse.m2e.core.internal.Bundles - 	Entry: C:\Users\willian\.p2\pool\plugins\org.eclipse.m2e.maven.runtime_3.9.700.20240602-2313\jars\plexus-cipher-2.0.jar
2026-06-08 22:07:48,725 [Worker-48: Launching controle-gastos (8)] INFO  o.eclipse.m2e.core.internal.Bundles - 	Entry: C:\Users\willian\.p2\pool\plugins\org.eclipse.m2e.maven.runtime_3.9.700.20240602-2313\jars\plexus-classworlds-2.8.0.jar
2026-06-08 22:07:48,725 [Worker-48: Launching controle-gastos (8)] INFO  o.eclipse.m2e.core.internal.Bundles - 	Entry: C:\Users\willian\.p2\pool\plugins\org.eclipse.m2e.maven.runtime_3.9.700.20240602-2313\jars\plexus-component-annotations-2.1.0.jar
2026-06-08 22:07:48,726 [Worker-48: Launching controle-gastos (8)] INFO  o.eclipse.m2e.core.internal.Bundles - 	Entry: C:\Users\willian\.p2\pool\plugins\org.eclipse.m2e.maven.runtime_3.9.700.20240602-2313\jars\plexus-interpolation-1.27.jar
2026-06-08 22:07:48,726 [Worker-48: Launching controle-gastos (8)] INFO  o.eclipse.m2e.core.internal.Bundles - 	Entry: C:\Users\willian\.p2\pool\plugins\org.eclipse.m2e.maven.runtime_3.9.700.20240602-2313\jars\plexus-sec-dispatcher-2.0.jar
2026-06-08 22:07:48,726 [Worker-48: Launching controle-gastos (8)] INFO  o.eclipse.m2e.core.internal.Bundles - 	Entry: C:\Users\willian\.p2\pool\plugins\org.eclipse.m2e.maven.runtime_3.9.700.20240602-2313\jars\plexus-utils-3.5.1.jar
2026-06-08 22:07:48,726 [Worker-48: Launching controle-gastos (8)] INFO  o.eclipse.m2e.core.internal.Bundles - 	Entry: C:\Users\willian\.p2\pool\plugins\org.eclipse.m2e.maven.runtime_3.9.700.20240602-2313\jars\wagon-file-3.5.3.jar
2026-06-08 22:07:48,726 [Worker-48: Launching controle-gastos (8)] INFO  o.eclipse.m2e.core.internal.Bundles - 	Entry: C:\Users\willian\.p2\pool\plugins\org.eclipse.m2e.maven.runtime_3.9.700.20240602-2313\jars\wagon-http-3.5.3.jar
2026-06-08 22:07:48,726 [Worker-48: Launching controle-gastos (8)] INFO  o.eclipse.m2e.core.internal.Bundles - 	Entry: C:\Users\willian\.p2\pool\plugins\org.eclipse.m2e.maven.runtime_3.9.700.20240602-2313\jars\wagon-http-shared-3.5.3.jar
2026-06-08 22:07:48,726 [Worker-48: Launching controle-gastos (8)] INFO  o.eclipse.m2e.core.internal.Bundles - 	Entry: C:\Users\willian\.p2\pool\plugins\org.eclipse.m2e.maven.runtime_3.9.700.20240602-2313\jars\wagon-provider-api-3.5.3.jar
2026-06-08 22:07:48,726 [Worker-48: Launching controle-gastos (8)] INFO  o.eclipse.m2e.core.internal.Bundles - getClasspathEntries(Bundle=com.google.guava_33.2.0.jre [10])
2026-06-08 22:07:48,727 [Worker-48: Launching controle-gastos (8)] INFO  o.eclipse.m2e.core.internal.Bundles - 	Entry: C:\Users\willian\.p2\pool\plugins\com.google.guava_33.2.0.jre.jar
2026-06-08 22:07:48,727 [Worker-48: Launching controle-gastos (8)] INFO  o.eclipse.m2e.core.internal.Bundles - getClasspathEntries(Bundle=slf4j.api_2.0.13 [520])
2026-06-08 22:07:48,727 [Worker-48: Launching controle-gastos (8)] INFO  o.eclipse.m2e.core.internal.Bundles - 	Entry: C:\Users\willian\.p2\pool\plugins\slf4j.api_2.0.13.jar
2026-06-08 22:07:48,727 [Worker-48: Launching controle-gastos (8)] INFO  o.eclipse.m2e.core.internal.Bundles - getClasspathEntries(Bundle=jakarta.inject.jakarta.inject-api_1.0.5 [21])
2026-06-08 22:07:48,727 [Worker-48: Launching controle-gastos (8)] INFO  o.eclipse.m2e.core.internal.Bundles - 	Entry: C:\Users\willian\.p2\pool\plugins\jakarta.inject.jakarta.inject-api_1.0.5.jar
2026-06-08 22:07:48,727 [Worker-48: Launching controle-gastos (8)] INFO  o.eclipse.m2e.core.internal.Bundles - getClasspathEntries(Bundle=javax.annotation_1.3.5.v20200909-1856 [24])
2026-06-08 22:07:48,727 [Worker-48: Launching controle-gastos (8)] INFO  o.eclipse.m2e.core.internal.Bundles - 	Entry: C:\Users\willian\.p2\pool\plugins\javax.annotation_1.3.5.v20200909-1856.jar
2026-06-08 22:07:48,727 [Worker-48: Launching controle-gastos (8)] INFO  o.eclipse.m2e.core.internal.Bundles - getClasspathEntries(Bundle=org.apache.commons.cli_1.8.0 [47])
2026-06-08 22:07:48,728 [Worker-48: Launching controle-gastos (8)] INFO  o.eclipse.m2e.core.internal.Bundles - 	Entry: C:\Users\willian\.p2\pool\plugins\org.apache.commons.cli_1.8.0.jar
2026-06-08 22:07:48,728 [Worker-48: Launching controle-gastos (8)] INFO  o.eclipse.m2e.core.internal.Bundles - getClasspathEntries(Bundle=org.apache.commons.commons-codec_1.16.0 [48])
2026-06-08 22:07:48,728 [Worker-48: Launching controle-gastos (8)] INFO  o.eclipse.m2e.core.internal.Bundles - 	Entry: C:\Users\willian\.p2\pool\plugins\org.apache.commons.commons-codec_1.16.0.jar
2026-06-08 22:07:48,728 [Worker-48: Launching controle-gastos (8)] INFO  o.eclipse.m2e.core.internal.Bundles - getClasspathEntries(Bundle=org.apache.commons.lang3_3.14.0 [54])
2026-06-08 22:07:48,728 [Worker-48: Launching controle-gastos (8)] INFO  o.eclipse.m2e.core.internal.Bundles - 	Entry: C:\Users\willian\.p2\pool\plugins\org.apache.commons.lang3_3.14.0.jar
2026-06-08 22:07:48,728 [Worker-48: Launching controle-gastos (8)] INFO  o.eclipse.m2e.core.internal.Bundles - getClasspathEntries(Bundle=com.google.guava.failureaccess_1.0.2 [11])
2026-06-08 22:07:48,728 [Worker-48: Launching controle-gastos (8)] INFO  o.eclipse.m2e.core.internal.Bundles - 	Entry: C:\Users\willian\.p2\pool\plugins\com.google.guava.failureaccess_1.0.2.jar
2026-06-08 22:07:48,730 [Worker-48: Launching controle-gastos (8)] INFO  o.e.m.i.launch.MavenLaunchDelegate - Run build in "C:\Users\willian\Desktop\Projeto-app-controle-de-gastos-programa-o-para-resolu-o-de-problemas-2\controle-gastos":
2026-06-08 22:07:48,730 [Worker-48: Launching controle-gastos (8)] INFO  o.e.m.i.launch.MavenLaunchDelegate -  mvn  -B -Dstyle.color=always javafx:run
2026-06-08 22:09:08,625 [Worker-48: Building] INFO  o.a.m.s.f.DefaultMavenResourcesFiltering - Copying 0 resource from src\main\resources to target\classes
2026-06-08 22:09:08,627 [Worker-48: Building] INFO  o.a.m.s.f.DefaultMavenResourcesFiltering - Copying 0 resource from src\test\resources to target\test-classes
2026-06-08 22:09:12,716 [Worker-44: Launching controle-gastos (8)] INFO  o.eclipse.m2e.core.internal.Bundles - getClasspathEntries(Bundle=org.eclipse.m2e.maven.runtime_3.9.700.20240602-2313 [299])
2026-06-08 22:09:12,717 [Worker-44: Launching controle-gastos (8)] INFO  o.eclipse.m2e.core.internal.Bundles - 	Entry: C:\Users\willian\.p2\pool\plugins\org.eclipse.m2e.maven.runtime_3.9.700.20240602-2313
2026-06-08 22:09:12,717 [Worker-44: Launching controle-gastos (8)] INFO  o.eclipse.m2e.core.internal.Bundles - 	Entry: C:\Users\willian\.p2\pool\plugins\org.eclipse.m2e.maven.runtime_3.9.700.20240602-2313\jars\aopalliance-1.0.jar
2026-06-08 22:09:12,717 [Worker-44: Launching controle-gastos (8)] INFO  o.eclipse.m2e.core.internal.Bundles - 	Entry: C:\Users\willian\.p2\pool\plugins\org.eclipse.m2e.maven.runtime_3.9.700.20240602-2313\jars\guice-5.1.0.jar
2026-06-08 22:09:12,717 [Worker-44: Launching controle-gastos (8)] INFO  o.eclipse.m2e.core.internal.Bundles - 	Entry: C:\Users\willian\.p2\pool\plugins\org.eclipse.m2e.maven.runtime_3.9.700.20240602-2313\jars\httpclient-4.5.14.jar
2026-06-08 22:09:12,718 [Worker-44: Launching controle-gastos (8)] INFO  o.eclipse.m2e.core.internal.Bundles - 	Entry: C:\Users\willian\.p2\pool\plugins\org.eclipse.m2e.maven.runtime_3.9.700.20240602-2313\jars\httpcore-4.4.16.jar
2026-06-08 22:09:12,718 [Worker-44: Launching controle-gastos (8)] INFO  o.eclipse.m2e.core.internal.Bundles - 	Entry: C:\Users\willian\.p2\pool\plugins\org.eclipse.m2e.maven.runtime_3.9.700.20240602-2313\jars\jansi-2.4.1.jar
2026-06-08 22:09:12,718 [Worker-44: Launching controle-gastos (8)] INFO  o.eclipse.m2e.core.internal.Bundles - 	Entry: C:\Users\willian\.p2\pool\plugins\org.eclipse.m2e.maven.runtime_3.9.700.20240602-2313\jars\jcl-over-slf4j-1.7.36.jar
2026-06-08 22:09:12,718 [Worker-44: Launching controle-gastos (8)] INFO  o.eclipse.m2e.core.internal.Bundles - 	Entry: C:\Users\willian\.p2\pool\plugins\org.eclipse.m2e.maven.runtime_3.9.700.20240602-2313\jars\maven-artifact-3.9.7.jar
2026-06-08 22:09:12,718 [Worker-44: Launching controle-gastos (8)] INFO  o.eclipse.m2e.core.internal.Bundles - 	Entry: C:\Users\willian\.p2\pool\plugins\org.eclipse.m2e.maven.runtime_3.9.700.20240602-2313\jars\maven-builder-support-3.9.7.jar
2026-06-08 22:09:12,718 [Worker-44: Launching controle-gastos (8)] INFO  o.eclipse.m2e.core.internal.Bundles - 	Entry: C:\Users\willian\.p2\pool\plugins\org.eclipse.m2e.maven.runtime_3.9.700.20240602-2313\jars\maven-compat-3.9.7.jar
2026-06-08 22:09:12,718 [Worker-44: Launching controle-gastos (8)] INFO  o.eclipse.m2e.core.internal.Bundles - 	Entry: C:\Users\willian\.p2\pool\plugins\org.eclipse.m2e.maven.runtime_3.9.700.20240602-2313\jars\maven-core-3.9.7.jar
2026-06-08 22:09:12,718 [Worker-44: Launching controle-gastos (8)] INFO  o.eclipse.m2e.core.internal.Bundles - 	Entry: C:\Users\willian\.p2\pool\plugins\org.eclipse.m2e.maven.runtime_3.9.700.20240602-2313\jars\maven-embedder-3.9.7.jar
2026-06-08 22:09:12,719 [Worker-44: Launching controle-gastos (8)] INFO  o.eclipse.m2e.core.internal.Bundles - 	Entry: C:\Users\willian\.p2\pool\plugins\org.eclipse.m2e.maven.runtime_3.9.700.20240602-2313\jars\maven-model-3.9.7.jar
2026-06-08 22:09:12,719 [Worker-44: Launching controle-gastos (8)] INFO  o.eclipse.m2e.core.internal.Bundles - 	Entry: C:\Users\willian\.p2\pool\plugins\org.eclipse.m2e.maven.runtime_3.9.700.20240602-2313\jars\maven-model-builder-3.9.7.jar
2026-06-08 22:09:12,719 [Worker-44: Launching controle-gastos (8)] INFO  o.eclipse.m2e.core.internal.Bundles - 	Entry: C:\Users\willian\.p2\pool\plugins\org.eclipse.m2e.maven.runtime_3.9.700.20240602-2313\jars\maven-plugin-api-3.9.7.jar
2026-06-08 22:09:12,719 [Worker-44: Launching controle-gastos (8)] INFO  o.eclipse.m2e.core.internal.Bundles - 	Entry: C:\Users\willian\.p2\pool\plugins\org.eclipse.m2e.maven.runtime_3.9.700.20240602-2313\jars\maven-repository-metadata-3.9.7.jar
2026-06-08 22:09:12,719 [Worker-44: Launching controle-gastos (8)] INFO  o.eclipse.m2e.core.internal.Bundles - 	Entry: C:\Users\willian\.p2\pool\plugins\org.eclipse.m2e.maven.runtime_3.9.700.20240602-2313\jars\maven-resolver-api-1.9.20.jar
2026-06-08 22:09:12,719 [Worker-44: Launching controle-gastos (8)] INFO  o.eclipse.m2e.core.internal.Bundles - 	Entry: C:\Users\willian\.p2\pool\plugins\org.eclipse.m2e.maven.runtime_3.9.700.20240602-2313\jars\maven-resolver-connector-basic-1.9.20.jar
2026-06-08 22:09:12,719 [Worker-44: Launching controle-gastos (8)] INFO  o.eclipse.m2e.core.internal.Bundles - 	Entry: C:\Users\willian\.p2\pool\plugins\org.eclipse.m2e.maven.runtime_3.9.700.20240602-2313\jars\maven-resolver-impl-1.9.20.jar
2026-06-08 22:09:12,719 [Worker-44: Launching controle-gastos (8)] INFO  o.eclipse.m2e.core.internal.Bundles - 	Entry: C:\Users\willian\.p2\pool\plugins\org.eclipse.m2e.maven.runtime_3.9.700.20240602-2313\jars\maven-resolver-named-locks-1.9.20.jar
2026-06-08 22:09:12,719 [Worker-44: Launching controle-gastos (8)] INFO  o.eclipse.m2e.core.internal.Bundles - 	Entry: C:\Users\willian\.p2\pool\plugins\org.eclipse.m2e.maven.runtime_3.9.700.20240602-2313\jars\maven-resolver-provider-3.9.7.jar
2026-06-08 22:09:12,720 [Worker-44: Launching controle-gastos (8)] INFO  o.eclipse.m2e.core.internal.Bundles - 	Entry: C:\Users\willian\.p2\pool\plugins\org.eclipse.m2e.maven.runtime_3.9.700.20240602-2313\jars\maven-resolver-spi-1.9.20.jar
2026-06-08 22:09:12,720 [Worker-44: Launching controle-gastos (8)] INFO  o.eclipse.m2e.core.internal.Bundles - 	Entry: C:\Users\willian\.p2\pool\plugins\org.eclipse.m2e.maven.runtime_3.9.700.20240602-2313\jars\maven-resolver-transport-file-1.9.20.jar
2026-06-08 22:09:12,720 [Worker-44: Launching controle-gastos (8)] INFO  o.eclipse.m2e.core.internal.Bundles - 	Entry: C:\Users\willian\.p2\pool\plugins\org.eclipse.m2e.maven.runtime_3.9.700.20240602-2313\jars\maven-resolver-transport-http-1.9.20.jar
2026-06-08 22:09:12,720 [Worker-44: Launching controle-gastos (8)] INFO  o.eclipse.m2e.core.internal.Bundles - 	Entry: C:\Users\willian\.p2\pool\plugins\org.eclipse.m2e.maven.runtime_3.9.700.20240602-2313\jars\maven-resolver-transport-wagon-1.9.20.jar
2026-06-08 22:09:12,720 [Worker-44: Launching controle-gastos (8)] INFO  o.eclipse.m2e.core.internal.Bundles - 	Entry: C:\Users\willian\.p2\pool\plugins\org.eclipse.m2e.maven.runtime_3.9.700.20240602-2313\jars\maven-resolver-util-1.9.20.jar
2026-06-08 22:09:12,720 [Worker-44: Launching controle-gastos (8)] INFO  o.eclipse.m2e.core.internal.Bundles - 	Entry: C:\Users\willian\.p2\pool\plugins\org.eclipse.m2e.maven.runtime_3.9.700.20240602-2313\jars\maven-settings-3.9.7.jar
2026-06-08 22:09:12,720 [Worker-44: Launching controle-gastos (8)] INFO  o.eclipse.m2e.core.internal.Bundles - 	Entry: C:\Users\willian\.p2\pool\plugins\org.eclipse.m2e.maven.runtime_3.9.700.20240602-2313\jars\maven-settings-builder-3.9.7.jar
2026-06-08 22:09:12,720 [Worker-44: Launching controle-gastos (8)] INFO  o.eclipse.m2e.core.internal.Bundles - 	Entry: C:\Users\willian\.p2\pool\plugins\org.eclipse.m2e.maven.runtime_3.9.700.20240602-2313\jars\maven-shared-utils-3.4.2.jar
2026-06-08 22:09:12,720 [Worker-44: Launching controle-gastos (8)] INFO  o.eclipse.m2e.core.internal.Bundles - 	Entry: C:\Users\willian\.p2\pool\plugins\org.eclipse.m2e.maven.runtime_3.9.700.20240602-2313\jars\org.eclipse.sisu.inject-0.9.0.M2.jar
2026-06-08 22:09:12,721 [Worker-44: Launching controle-gastos (8)] INFO  o.eclipse.m2e.core.internal.Bundles - 	Entry: C:\Users\willian\.p2\pool\plugins\org.eclipse.m2e.maven.runtime_3.9.700.20240602-2313\jars\org.eclipse.sisu.plexus-0.9.0.M2.jar
2026-06-08 22:09:12,721 [Worker-44: Launching controle-gastos (8)] INFO  o.eclipse.m2e.core.internal.Bundles - 	Entry: C:\Users\willian\.p2\pool\plugins\org.eclipse.m2e.maven.runtime_3.9.700.20240602-2313\jars\plexus-build-api-0.0.7.jar
2026-06-08 22:09:12,721 [Worker-44: Launching controle-gastos (8)] INFO  o.eclipse.m2e.core.internal.Bundles - 	Entry: C:\Users\willian\.p2\pool\plugins\org.eclipse.m2e.maven.runtime_3.9.700.20240602-2313\jars\plexus-build-api-1.2.0.jar
2026-06-08 22:09:12,721 [Worker-44: Launching controle-gastos (8)] INFO  o.eclipse.m2e.core.internal.Bundles - 	Entry: C:\Users\willian\.p2\pool\plugins\org.eclipse.m2e.maven.runtime_3.9.700.20240602-2313\jars\plexus-cipher-2.0.jar
2026-06-08 22:09:12,721 [Worker-44: Launching controle-gastos (8)] INFO  o.eclipse.m2e.core.internal.Bundles - 	Entry: C:\Users\willian\.p2\pool\plugins\org.eclipse.m2e.maven.runtime_3.9.700.20240602-2313\jars\plexus-classworlds-2.8.0.jar
2026-06-08 22:09:12,721 [Worker-44: Launching controle-gastos (8)] INFO  o.eclipse.m2e.core.internal.Bundles - 	Entry: C:\Users\willian\.p2\pool\plugins\org.eclipse.m2e.maven.runtime_3.9.700.20240602-2313\jars\plexus-component-annotations-2.1.0.jar
2026-06-08 22:09:12,721 [Worker-44: Launching controle-gastos (8)] INFO  o.eclipse.m2e.core.internal.Bundles - 	Entry: C:\Users\willian\.p2\pool\plugins\org.eclipse.m2e.maven.runtime_3.9.700.20240602-2313\jars\plexus-interpolation-1.27.jar
2026-06-08 22:09:12,721 [Worker-44: Launching controle-gastos (8)] INFO  o.eclipse.m2e.core.internal.Bundles - 	Entry: C:\Users\willian\.p2\pool\plugins\org.eclipse.m2e.maven.runtime_3.9.700.20240602-2313\jars\plexus-sec-dispatcher-2.0.jar
2026-06-08 22:09:12,722 [Worker-44: Launching controle-gastos (8)] INFO  o.eclipse.m2e.core.internal.Bundles - 	Entry: C:\Users\willian\.p2\pool\plugins\org.eclipse.m2e.maven.runtime_3.9.700.20240602-2313\jars\plexus-utils-3.5.1.jar
2026-06-08 22:09:12,722 [Worker-44: Launching controle-gastos (8)] INFO  o.eclipse.m2e.core.internal.Bundles - 	Entry: C:\Users\willian\.p2\pool\plugins\org.eclipse.m2e.maven.runtime_3.9.700.20240602-2313\jars\wagon-file-3.5.3.jar
2026-06-08 22:09:12,722 [Worker-44: Launching controle-gastos (8)] INFO  o.eclipse.m2e.core.internal.Bundles - 	Entry: C:\Users\willian\.p2\pool\plugins\org.eclipse.m2e.maven.runtime_3.9.700.20240602-2313\jars\wagon-http-3.5.3.jar
2026-06-08 22:09:12,722 [Worker-44: Launching controle-gastos (8)] INFO  o.eclipse.m2e.core.internal.Bundles - 	Entry: C:\Users\willian\.p2\pool\plugins\org.eclipse.m2e.maven.runtime_3.9.700.20240602-2313\jars\wagon-http-shared-3.5.3.jar
2026-06-08 22:09:12,722 [Worker-44: Launching controle-gastos (8)] INFO  o.eclipse.m2e.core.internal.Bundles - 	Entry: C:\Users\willian\.p2\pool\plugins\org.eclipse.m2e.maven.runtime_3.9.700.20240602-2313\jars\wagon-provider-api-3.5.3.jar
2026-06-08 22:09:12,722 [Worker-44: Launching controle-gastos (8)] INFO  o.eclipse.m2e.core.internal.Bundles - getClasspathEntries(Bundle=com.google.guava_33.2.0.jre [10])
2026-06-08 22:09:12,722 [Worker-44: Launching controle-gastos (8)] INFO  o.eclipse.m2e.core.internal.Bundles - 	Entry: C:\Users\willian\.p2\pool\plugins\com.google.guava_33.2.0.jre.jar
2026-06-08 22:09:12,722 [Worker-44: Launching controle-gastos (8)] INFO  o.eclipse.m2e.core.internal.Bundles - getClasspathEntries(Bundle=slf4j.api_2.0.13 [520])
2026-06-08 22:09:12,723 [Worker-44: Launching controle-gastos (8)] INFO  o.eclipse.m2e.core.internal.Bundles - 	Entry: C:\Users\willian\.p2\pool\plugins\slf4j.api_2.0.13.jar
2026-06-08 22:09:12,723 [Worker-44: Launching controle-gastos (8)] INFO  o.eclipse.m2e.core.internal.Bundles - getClasspathEntries(Bundle=jakarta.inject.jakarta.inject-api_1.0.5 [21])
2026-06-08 22:09:12,723 [Worker-44: Launching controle-gastos (8)] INFO  o.eclipse.m2e.core.internal.Bundles - 	Entry: C:\Users\willian\.p2\pool\plugins\jakarta.inject.jakarta.inject-api_1.0.5.jar
2026-06-08 22:09:12,723 [Worker-44: Launching controle-gastos (8)] INFO  o.eclipse.m2e.core.internal.Bundles - getClasspathEntries(Bundle=javax.annotation_1.3.5.v20200909-1856 [24])
2026-06-08 22:09:12,723 [Worker-44: Launching controle-gastos (8)] INFO  o.eclipse.m2e.core.internal.Bundles - 	Entry: C:\Users\willian\.p2\pool\plugins\javax.annotation_1.3.5.v20200909-1856.jar
2026-06-08 22:09:12,723 [Worker-44: Launching controle-gastos (8)] INFO  o.eclipse.m2e.core.internal.Bundles - getClasspathEntries(Bundle=org.apache.commons.cli_1.8.0 [47])
2026-06-08 22:09:12,723 [Worker-44: Launching controle-gastos (8)] INFO  o.eclipse.m2e.core.internal.Bundles - 	Entry: C:\Users\willian\.p2\pool\plugins\org.apache.commons.cli_1.8.0.jar
2026-06-08 22:09:12,723 [Worker-44: Launching controle-gastos (8)] INFO  o.eclipse.m2e.core.internal.Bundles - getClasspathEntries(Bundle=org.apache.commons.commons-codec_1.16.0 [48])
2026-06-08 22:09:12,724 [Worker-44: Launching controle-gastos (8)] INFO  o.eclipse.m2e.core.internal.Bundles - 	Entry: C:\Users\willian\.p2\pool\plugins\org.apache.commons.commons-codec_1.16.0.jar
2026-06-08 22:09:12,724 [Worker-44: Launching controle-gastos (8)] INFO  o.eclipse.m2e.core.internal.Bundles - getClasspathEntries(Bundle=org.apache.commons.lang3_3.14.0 [54])
2026-06-08 22:09:12,724 [Worker-44: Launching controle-gastos (8)] INFO  o.eclipse.m2e.core.internal.Bundles - 	Entry: C:\Users\willian\.p2\pool\plugins\org.apache.commons.lang3_3.14.0.jar
2026-06-08 22:09:12,724 [Worker-44: Launching controle-gastos (8)] INFO  o.eclipse.m2e.core.internal.Bundles - getClasspathEntries(Bundle=com.google.guava.failureaccess_1.0.2 [11])
2026-06-08 22:09:12,724 [Worker-44: Launching controle-gastos (8)] INFO  o.eclipse.m2e.core.internal.Bundles - 	Entry: C:\Users\willian\.p2\pool\plugins\com.google.guava.failureaccess_1.0.2.jar
2026-06-08 22:09:12,725 [Worker-44: Launching controle-gastos (8)] INFO  o.e.m.i.launch.MavenLaunchDelegate - Run build in "C:\Users\willian\Desktop\Projeto-app-controle-de-gastos-programa-o-para-resolu-o-de-problemas-2\controle-gastos":
2026-06-08 22:09:12,725 [Worker-44: Launching controle-gastos (8)] INFO  o.e.m.i.launch.MavenLaunchDelegate -  mvn  -B -Dstyle.color=always javafx:run
2026-06-08 22:11:39,237 [Worker-48: Building] INFO  o.a.m.s.f.DefaultMavenResourcesFiltering - Copying 0 resource from src\main\resources to target\classes
2026-06-08 22:11:39,239 [Worker-48: Building] INFO  o.a.m.s.f.DefaultMavenResourcesFiltering - Copying 0 resource from src\test\resources to target\test-classes
2026-06-08 22:12:01,424 [Worker-48: Building] INFO  o.a.m.s.f.DefaultMavenResourcesFiltering - Copying 0 resource from src\main\resources to target\classes
2026-06-08 22:12:01,426 [Worker-48: Building] INFO  o.a.m.s.f.DefaultMavenResourcesFiltering - Copying 0 resource from src\test\resources to target\test-classes
2026-06-08 22:12:06,492 [Worker-54: Launching controle-gastos (8)] INFO  o.eclipse.m2e.core.internal.Bundles - getClasspathEntries(Bundle=org.eclipse.m2e.maven.runtime_3.9.700.20240602-2313 [299])
2026-06-08 22:12:06,492 [Worker-54: Launching controle-gastos (8)] INFO  o.eclipse.m2e.core.internal.Bundles - 	Entry: C:\Users\willian\.p2\pool\plugins\org.eclipse.m2e.maven.runtime_3.9.700.20240602-2313
2026-06-08 22:12:06,493 [Worker-54: Launching controle-gastos (8)] INFO  o.eclipse.m2e.core.internal.Bundles - 	Entry: C:\Users\willian\.p2\pool\plugins\org.eclipse.m2e.maven.runtime_3.9.700.20240602-2313\jars\aopalliance-1.0.jar
2026-06-08 22:12:06,493 [Worker-54: Launching controle-gastos (8)] INFO  o.eclipse.m2e.core.internal.Bundles - 	Entry: C:\Users\willian\.p2\pool\plugins\org.eclipse.m2e.maven.runtime_3.9.700.20240602-2313\jars\guice-5.1.0.jar
2026-06-08 22:12:06,493 [Worker-54: Launching controle-gastos (8)] INFO  o.eclipse.m2e.core.internal.Bundles - 	Entry: C:\Users\willian\.p2\pool\plugins\org.eclipse.m2e.maven.runtime_3.9.700.20240602-2313\jars\httpclient-4.5.14.jar
2026-06-08 22:12:06,493 [Worker-54: Launching controle-gastos (8)] INFO  o.eclipse.m2e.core.internal.Bundles - 	Entry: C:\Users\willian\.p2\pool\plugins\org.eclipse.m2e.maven.runtime_3.9.700.20240602-2313\jars\httpcore-4.4.16.jar
2026-06-08 22:12:06,493 [Worker-54: Launching controle-gastos (8)] INFO  o.eclipse.m2e.core.internal.Bundles - 	Entry: C:\Users\willian\.p2\pool\plugins\org.eclipse.m2e.maven.runtime_3.9.700.20240602-2313\jars\jansi-2.4.1.jar
2026-06-08 22:12:06,493 [Worker-54: Launching controle-gastos (8)] INFO  o.eclipse.m2e.core.internal.Bundles - 	Entry: C:\Users\willian\.p2\pool\plugins\org.eclipse.m2e.maven.runtime_3.9.700.20240602-2313\jars\jcl-over-slf4j-1.7.36.jar
2026-06-08 22:12:06,494 [Worker-54: Launching controle-gastos (8)] INFO  o.eclipse.m2e.core.internal.Bundles - 	Entry: C:\Users\willian\.p2\pool\plugins\org.eclipse.m2e.maven.runtime_3.9.700.20240602-2313\jars\maven-artifact-3.9.7.jar
2026-06-08 22:12:06,494 [Worker-54: Launching controle-gastos (8)] INFO  o.eclipse.m2e.core.internal.Bundles - 	Entry: C:\Users\willian\.p2\pool\plugins\org.eclipse.m2e.maven.runtime_3.9.700.20240602-2313\jars\maven-builder-support-3.9.7.jar
2026-06-08 22:12:06,494 [Worker-54: Launching controle-gastos (8)] INFO  o.eclipse.m2e.core.internal.Bundles - 	Entry: C:\Users\willian\.p2\pool\plugins\org.eclipse.m2e.maven.runtime_3.9.700.20240602-2313\jars\maven-compat-3.9.7.jar
2026-06-08 22:12:06,494 [Worker-54: Launching controle-gastos (8)] INFO  o.eclipse.m2e.core.internal.Bundles - 	Entry: C:\Users\willian\.p2\pool\plugins\org.eclipse.m2e.maven.runtime_3.9.700.20240602-2313\jars\maven-core-3.9.7.jar
2026-06-08 22:12:06,494 [Worker-54: Launching controle-gastos (8)] INFO  o.eclipse.m2e.core.internal.Bundles - 	Entry: C:\Users\willian\.p2\pool\plugins\org.eclipse.m2e.maven.runtime_3.9.700.20240602-2313\jars\maven-embedder-3.9.7.jar
2026-06-08 22:12:06,494 [Worker-54: Launching controle-gastos (8)] INFO  o.eclipse.m2e.core.internal.Bundles - 	Entry: C:\Users\willian\.p2\pool\plugins\org.eclipse.m2e.maven.runtime_3.9.700.20240602-2313\jars\maven-model-3.9.7.jar
2026-06-08 22:12:06,494 [Worker-54: Launching controle-gastos (8)] INFO  o.eclipse.m2e.core.internal.Bundles - 	Entry: C:\Users\willian\.p2\pool\plugins\org.eclipse.m2e.maven.runtime_3.9.700.20240602-2313\jars\maven-model-builder-3.9.7.jar
2026-06-08 22:12:06,494 [Worker-54: Launching controle-gastos (8)] INFO  o.eclipse.m2e.core.internal.Bundles - 	Entry: C:\Users\willian\.p2\pool\plugins\org.eclipse.m2e.maven.runtime_3.9.700.20240602-2313\jars\maven-plugin-api-3.9.7.jar
2026-06-08 22:12:06,495 [Worker-54: Launching controle-gastos (8)] INFO  o.eclipse.m2e.core.internal.Bundles - 	Entry: C:\Users\willian\.p2\pool\plugins\org.eclipse.m2e.maven.runtime_3.9.700.20240602-2313\jars\maven-repository-metadata-3.9.7.jar
2026-06-08 22:12:06,495 [Worker-54: Launching controle-gastos (8)] INFO  o.eclipse.m2e.core.internal.Bundles - 	Entry: C:\Users\willian\.p2\pool\plugins\org.eclipse.m2e.maven.runtime_3.9.700.20240602-2313\jars\maven-resolver-api-1.9.20.jar
2026-06-08 22:12:06,495 [Worker-54: Launching controle-gastos (8)] INFO  o.eclipse.m2e.core.internal.Bundles - 	Entry: C:\Users\willian\.p2\pool\plugins\org.eclipse.m2e.maven.runtime_3.9.700.20240602-2313\jars\maven-resolver-connector-basic-1.9.20.jar
2026-06-08 22:12:06,495 [Worker-54: Launching controle-gastos (8)] INFO  o.eclipse.m2e.core.internal.Bundles - 	Entry: C:\Users\willian\.p2\pool\plugins\org.eclipse.m2e.maven.runtime_3.9.700.20240602-2313\jars\maven-resolver-impl-1.9.20.jar
2026-06-08 22:12:06,495 [Worker-54: Launching controle-gastos (8)] INFO  o.eclipse.m2e.core.internal.Bundles - 	Entry: C:\Users\willian\.p2\pool\plugins\org.eclipse.m2e.maven.runtime_3.9.700.20240602-2313\jars\maven-resolver-named-locks-1.9.20.jar
2026-06-08 22:12:06,495 [Worker-54: Launching controle-gastos (8)] INFO  o.eclipse.m2e.core.internal.Bundles - 	Entry: C:\Users\willian\.p2\pool\plugins\org.eclipse.m2e.maven.runtime_3.9.700.20240602-2313\jars\maven-resolver-provider-3.9.7.jar
2026-06-08 22:12:06,495 [Worker-54: Launching controle-gastos (8)] INFO  o.eclipse.m2e.core.internal.Bundles - 	Entry: C:\Users\willian\.p2\pool\plugins\org.eclipse.m2e.maven.runtime_3.9.700.20240602-2313\jars\maven-resolver-spi-1.9.20.jar
2026-06-08 22:12:06,496 [Worker-54: Launching controle-gastos (8)] INFO  o.eclipse.m2e.core.internal.Bundles - 	Entry: C:\Users\willian\.p2\pool\plugins\org.eclipse.m2e.maven.runtime_3.9.700.20240602-2313\jars\maven-resolver-transport-file-1.9.20.jar
2026-06-08 22:12:06,496 [Worker-54: Launching controle-gastos (8)] INFO  o.eclipse.m2e.core.internal.Bundles - 	Entry: C:\Users\willian\.p2\pool\plugins\org.eclipse.m2e.maven.runtime_3.9.700.20240602-2313\jars\maven-resolver-transport-http-1.9.20.jar
2026-06-08 22:12:06,496 [Worker-54: Launching controle-gastos (8)] INFO  o.eclipse.m2e.core.internal.Bundles - 	Entry: C:\Users\willian\.p2\pool\plugins\org.eclipse.m2e.maven.runtime_3.9.700.20240602-2313\jars\maven-resolver-transport-wagon-1.9.20.jar
2026-06-08 22:12:06,496 [Worker-54: Launching controle-gastos (8)] INFO  o.eclipse.m2e.core.internal.Bundles - 	Entry: C:\Users\willian\.p2\pool\plugins\org.eclipse.m2e.maven.runtime_3.9.700.20240602-2313\jars\maven-resolver-util-1.9.20.jar
2026-06-08 22:12:06,496 [Worker-54: Launching controle-gastos (8)] INFO  o.eclipse.m2e.core.internal.Bundles - 	Entry: C:\Users\willian\.p2\pool\plugins\org.eclipse.m2e.maven.runtime_3.9.700.20240602-2313\jars\maven-settings-3.9.7.jar
2026-06-08 22:12:06,496 [Worker-54: Launching controle-gastos (8)] INFO  o.eclipse.m2e.core.internal.Bundles - 	Entry: C:\Users\willian\.p2\pool\plugins\org.eclipse.m2e.maven.runtime_3.9.700.20240602-2313\jars\maven-settings-builder-3.9.7.jar
2026-06-08 22:12:06,496 [Worker-54: Launching controle-gastos (8)] INFO  o.eclipse.m2e.core.internal.Bundles - 	Entry: C:\Users\willian\.p2\pool\plugins\org.eclipse.m2e.maven.runtime_3.9.700.20240602-2313\jars\maven-shared-utils-3.4.2.jar
2026-06-08 22:12:06,496 [Worker-54: Launching controle-gastos (8)] INFO  o.eclipse.m2e.core.internal.Bundles - 	Entry: C:\Users\willian\.p2\pool\plugins\org.eclipse.m2e.maven.runtime_3.9.700.20240602-2313\jars\org.eclipse.sisu.inject-0.9.0.M2.jar
2026-06-08 22:12:06,496 [Worker-54: Launching controle-gastos (8)] INFO  o.eclipse.m2e.core.internal.Bundles - 	Entry: C:\Users\willian\.p2\pool\plugins\org.eclipse.m2e.maven.runtime_3.9.700.20240602-2313\jars\org.eclipse.sisu.plexus-0.9.0.M2.jar
2026-06-08 22:12:06,497 [Worker-54: Launching controle-gastos (8)] INFO  o.eclipse.m2e.core.internal.Bundles - 	Entry: C:\Users\willian\.p2\pool\plugins\org.eclipse.m2e.maven.runtime_3.9.700.20240602-2313\jars\plexus-build-api-0.0.7.jar
2026-06-08 22:12:06,497 [Worker-54: Launching controle-gastos (8)] INFO  o.eclipse.m2e.core.internal.Bundles - 	Entry: C:\Users\willian\.p2\pool\plugins\org.eclipse.m2e.maven.runtime_3.9.700.20240602-2313\jars\plexus-build-api-1.2.0.jar
2026-06-08 22:12:06,497 [Worker-54: Launching controle-gastos (8)] INFO  o.eclipse.m2e.core.internal.Bundles - 	Entry: C:\Users\willian\.p2\pool\plugins\org.eclipse.m2e.maven.runtime_3.9.700.20240602-2313\jars\plexus-cipher-2.0.jar
2026-06-08 22:12:06,497 [Worker-54: Launching controle-gastos (8)] INFO  o.eclipse.m2e.core.internal.Bundles - 	Entry: C:\Users\willian\.p2\pool\plugins\org.eclipse.m2e.maven.runtime_3.9.700.20240602-2313\jars\plexus-classworlds-2.8.0.jar
2026-06-08 22:12:06,497 [Worker-54: Launching controle-gastos (8)] INFO  o.eclipse.m2e.core.internal.Bundles - 	Entry: C:\Users\willian\.p2\pool\plugins\org.eclipse.m2e.maven.runtime_3.9.700.20240602-2313\jars\plexus-component-annotations-2.1.0.jar
2026-06-08 22:12:06,497 [Worker-54: Launching controle-gastos (8)] INFO  o.eclipse.m2e.core.internal.Bundles - 	Entry: C:\Users\willian\.p2\pool\plugins\org.eclipse.m2e.maven.runtime_3.9.700.20240602-2313\jars\plexus-interpolation-1.27.jar
2026-06-08 22:12:06,497 [Worker-54: Launching controle-gastos (8)] INFO  o.eclipse.m2e.core.internal.Bundles - 	Entry: C:\Users\willian\.p2\pool\plugins\org.eclipse.m2e.maven.runtime_3.9.700.20240602-2313\jars\plexus-sec-dispatcher-2.0.jar
2026-06-08 22:12:06,497 [Worker-54: Launching controle-gastos (8)] INFO  o.eclipse.m2e.core.internal.Bundles - 	Entry: C:\Users\willian\.p2\pool\plugins\org.eclipse.m2e.maven.runtime_3.9.700.20240602-2313\jars\plexus-utils-3.5.1.jar
2026-06-08 22:12:06,498 [Worker-54: Launching controle-gastos (8)] INFO  o.eclipse.m2e.core.internal.Bundles - 	Entry: C:\Users\willian\.p2\pool\plugins\org.eclipse.m2e.maven.runtime_3.9.700.20240602-2313\jars\wagon-file-3.5.3.jar
2026-06-08 22:12:06,498 [Worker-54: Launching controle-gastos (8)] INFO  o.eclipse.m2e.core.internal.Bundles - 	Entry: C:\Users\willian\.p2\pool\plugins\org.eclipse.m2e.maven.runtime_3.9.700.20240602-2313\jars\wagon-http-3.5.3.jar
2026-06-08 22:12:06,498 [Worker-54: Launching controle-gastos (8)] INFO  o.eclipse.m2e.core.internal.Bundles - 	Entry: C:\Users\willian\.p2\pool\plugins\org.eclipse.m2e.maven.runtime_3.9.700.20240602-2313\jars\wagon-http-shared-3.5.3.jar
2026-06-08 22:12:06,498 [Worker-54: Launching controle-gastos (8)] INFO  o.eclipse.m2e.core.internal.Bundles - 	Entry: C:\Users\willian\.p2\pool\plugins\org.eclipse.m2e.maven.runtime_3.9.700.20240602-2313\jars\wagon-provider-api-3.5.3.jar
2026-06-08 22:12:06,498 [Worker-54: Launching controle-gastos (8)] INFO  o.eclipse.m2e.core.internal.Bundles - getClasspathEntries(Bundle=com.google.guava_33.2.0.jre [10])
2026-06-08 22:12:06,498 [Worker-54: Launching controle-gastos (8)] INFO  o.eclipse.m2e.core.internal.Bundles - 	Entry: C:\Users\willian\.p2\pool\plugins\com.google.guava_33.2.0.jre.jar
2026-06-08 22:12:06,498 [Worker-54: Launching controle-gastos (8)] INFO  o.eclipse.m2e.core.internal.Bundles - getClasspathEntries(Bundle=slf4j.api_2.0.13 [520])
2026-06-08 22:12:06,499 [Worker-54: Launching controle-gastos (8)] INFO  o.eclipse.m2e.core.internal.Bundles - 	Entry: C:\Users\willian\.p2\pool\plugins\slf4j.api_2.0.13.jar
2026-06-08 22:12:06,499 [Worker-54: Launching controle-gastos (8)] INFO  o.eclipse.m2e.core.internal.Bundles - getClasspathEntries(Bundle=jakarta.inject.jakarta.inject-api_1.0.5 [21])
2026-06-08 22:12:06,499 [Worker-54: Launching controle-gastos (8)] INFO  o.eclipse.m2e.core.internal.Bundles - 	Entry: C:\Users\willian\.p2\pool\plugins\jakarta.inject.jakarta.inject-api_1.0.5.jar
2026-06-08 22:12:06,499 [Worker-54: Launching controle-gastos (8)] INFO  o.eclipse.m2e.core.internal.Bundles - getClasspathEntries(Bundle=javax.annotation_1.3.5.v20200909-1856 [24])
2026-06-08 22:12:06,499 [Worker-54: Launching controle-gastos (8)] INFO  o.eclipse.m2e.core.internal.Bundles - 	Entry: C:\Users\willian\.p2\pool\plugins\javax.annotation_1.3.5.v20200909-1856.jar
2026-06-08 22:12:06,499 [Worker-54: Launching controle-gastos (8)] INFO  o.eclipse.m2e.core.internal.Bundles - getClasspathEntries(Bundle=org.apache.commons.cli_1.8.0 [47])
2026-06-08 22:12:06,499 [Worker-54: Launching controle-gastos (8)] INFO  o.eclipse.m2e.core.internal.Bundles - 	Entry: C:\Users\willian\.p2\pool\plugins\org.apache.commons.cli_1.8.0.jar
2026-06-08 22:12:06,500 [Worker-54: Launching controle-gastos (8)] INFO  o.eclipse.m2e.core.internal.Bundles - getClasspathEntries(Bundle=org.apache.commons.commons-codec_1.16.0 [48])
2026-06-08 22:12:06,500 [Worker-54: Launching controle-gastos (8)] INFO  o.eclipse.m2e.core.internal.Bundles - 	Entry: C:\Users\willian\.p2\pool\plugins\org.apache.commons.commons-codec_1.16.0.jar
2026-06-08 22:12:06,500 [Worker-54: Launching controle-gastos (8)] INFO  o.eclipse.m2e.core.internal.Bundles - getClasspathEntries(Bundle=org.apache.commons.lang3_3.14.0 [54])
2026-06-08 22:12:06,500 [Worker-54: Launching controle-gastos (8)] INFO  o.eclipse.m2e.core.internal.Bundles - 	Entry: C:\Users\willian\.p2\pool\plugins\org.apache.commons.lang3_3.14.0.jar
2026-06-08 22:12:06,500 [Worker-54: Launching controle-gastos (8)] INFO  o.eclipse.m2e.core.internal.Bundles - getClasspathEntries(Bundle=com.google.guava.failureaccess_1.0.2 [11])
2026-06-08 22:12:06,500 [Worker-54: Launching controle-gastos (8)] INFO  o.eclipse.m2e.core.internal.Bundles - 	Entry: C:\Users\willian\.p2\pool\plugins\com.google.guava.failureaccess_1.0.2.jar
2026-06-08 22:12:06,501 [Worker-54: Launching controle-gastos (8)] INFO  o.e.m.i.launch.MavenLaunchDelegate - Run build in "C:\Users\willian\Desktop\Projeto-app-controle-de-gastos-programa-o-para-resolu-o-de-problemas-2\controle-gastos":
2026-06-08 22:12:06,501 [Worker-54: Launching controle-gastos (8)] INFO  o.e.m.i.launch.MavenLaunchDelegate -  mvn  -B -Dstyle.color=always javafx:run
2026-06-08 22:12:38,647 [Worker-48: Building] INFO  o.a.m.s.f.DefaultMavenResourcesFiltering - Copying 0 resource from src\main\resources to target\classes
2026-06-08 22:12:38,649 [Worker-48: Building] INFO  o.a.m.s.f.DefaultMavenResourcesFiltering - Copying 0 resource from src\test\resources to target\test-classes
2026-06-08 23:18:46,815 [Worker-60: Building] INFO  o.a.m.s.f.DefaultMavenResourcesFiltering - Copying 0 resource from src\main\resources to target\classes
2026-06-08 23:18:46,817 [Worker-60: Building] INFO  o.a.m.s.f.DefaultMavenResourcesFiltering - Copying 0 resource from src\test\resources to target\test-classes
2026-06-09 19:20:53,974 [Worker-1: Loading available Gradle versions] INFO  o.e.b.c.i.u.g.PublishedGradleVersions - Gradle version information cache is out-of-date. Trying to update.
2026-06-09 19:57:11,937 [main] INFO  o.e.m2e.actions.ExecutePomAction - Creating new launch configuration
2026-06-09 19:57:17,892 [Worker-37: Launching Controle Gastos] INFO  o.eclipse.m2e.core.internal.Bundles - getClasspathEntries(Bundle=org.eclipse.m2e.maven.runtime_3.9.700.20240602-2313 [299])
2026-06-09 19:57:17,893 [Worker-37: Launching Controle Gastos] INFO  o.eclipse.m2e.core.internal.Bundles - 	Entry: C:\Users\willian\.p2\pool\plugins\org.eclipse.m2e.maven.runtime_3.9.700.20240602-2313
2026-06-09 19:57:17,894 [Worker-37: Launching Controle Gastos] INFO  o.eclipse.m2e.core.internal.Bundles - 	Entry: C:\Users\willian\.p2\pool\plugins\org.eclipse.m2e.maven.runtime_3.9.700.20240602-2313\jars\aopalliance-1.0.jar
2026-06-09 19:57:17,894 [Worker-37: Launching Controle Gastos] INFO  o.eclipse.m2e.core.internal.Bundles - 	Entry: C:\Users\willian\.p2\pool\plugins\org.eclipse.m2e.maven.runtime_3.9.700.20240602-2313\jars\guice-5.1.0.jar
2026-06-09 19:57:17,894 [Worker-37: Launching Controle Gastos] INFO  o.eclipse.m2e.core.internal.Bundles - 	Entry: C:\Users\willian\.p2\pool\plugins\org.eclipse.m2e.maven.runtime_3.9.700.20240602-2313\jars\httpclient-4.5.14.jar
2026-06-09 19:57:17,894 [Worker-37: Launching Controle Gastos] INFO  o.eclipse.m2e.core.internal.Bundles - 	Entry: C:\Users\willian\.p2\pool\plugins\org.eclipse.m2e.maven.runtime_3.9.700.20240602-2313\jars\httpcore-4.4.16.jar
2026-06-09 19:57:17,894 [Worker-37: Launching Controle Gastos] INFO  o.eclipse.m2e.core.internal.Bundles - 	Entry: C:\Users\willian\.p2\pool\plugins\org.eclipse.m2e.maven.runtime_3.9.700.20240602-2313\jars\jansi-2.4.1.jar
2026-06-09 19:57:17,894 [Worker-37: Launching Controle Gastos] INFO  o.eclipse.m2e.core.internal.Bundles - 	Entry: C:\Users\willian\.p2\pool\plugins\org.eclipse.m2e.maven.runtime_3.9.700.20240602-2313\jars\jcl-over-slf4j-1.7.36.jar
2026-06-09 19:57:17,894 [Worker-37: Launching Controle Gastos] INFO  o.eclipse.m2e.core.internal.Bundles - 	Entry: C:\Users\willian\.p2\pool\plugins\org.eclipse.m2e.maven.runtime_3.9.700.20240602-2313\jars\maven-artifact-3.9.7.jar
2026-06-09 19:57:17,895 [Worker-37: Launching Controle Gastos] INFO  o.eclipse.m2e.core.internal.Bundles - 	Entry: C:\Users\willian\.p2\pool\plugins\org.eclipse.m2e.maven.runtime_3.9.700.20240602-2313\jars\maven-builder-support-3.9.7.jar
2026-06-09 19:57:17,895 [Worker-37: Launching Controle Gastos] INFO  o.eclipse.m2e.core.internal.Bundles - 	Entry: C:\Users\willian\.p2\pool\plugins\org.eclipse.m2e.maven.runtime_3.9.700.20240602-2313\jars\maven-compat-3.9.7.jar
2026-06-09 19:57:17,895 [Worker-37: Launching Controle Gastos] INFO  o.eclipse.m2e.core.internal.Bundles - 	Entry: C:\Users\willian\.p2\pool\plugins\org.eclipse.m2e.maven.runtime_3.9.700.20240602-2313\jars\maven-core-3.9.7.jar
2026-06-09 19:57:17,895 [Worker-37: Launching Controle Gastos] INFO  o.eclipse.m2e.core.internal.Bundles - 	Entry: C:\Users\willian\.p2\pool\plugins\org.eclipse.m2e.maven.runtime_3.9.700.20240602-2313\jars\maven-embedder-3.9.7.jar
2026-06-09 19:57:17,895 [Worker-37: Launching Controle Gastos] INFO  o.eclipse.m2e.core.internal.Bundles - 	Entry: C:\Users\willian\.p2\pool\plugins\org.eclipse.m2e.maven.runtime_3.9.700.20240602-2313\jars\maven-model-3.9.7.jar
2026-06-09 19:57:17,895 [Worker-37: Launching Controle Gastos] INFO  o.eclipse.m2e.core.internal.Bundles - 	Entry: C:\Users\willian\.p2\pool\plugins\org.eclipse.m2e.maven.runtime_3.9.700.20240602-2313\jars\maven-model-builder-3.9.7.jar
2026-06-09 19:57:17,895 [Worker-37: Launching Controle Gastos] INFO  o.eclipse.m2e.core.internal.Bundles - 	Entry: C:\Users\willian\.p2\pool\plugins\org.eclipse.m2e.maven.runtime_3.9.700.20240602-2313\jars\maven-plugin-api-3.9.7.jar
2026-06-09 19:57:17,896 [Worker-37: Launching Controle Gastos] INFO  o.eclipse.m2e.core.internal.Bundles - 	Entry: C:\Users\willian\.p2\pool\plugins\org.eclipse.m2e.maven.runtime_3.9.700.20240602-2313\jars\maven-repository-metadata-3.9.7.jar
2026-06-09 19:57:17,896 [Worker-37: Launching Controle Gastos] INFO  o.eclipse.m2e.core.internal.Bundles - 	Entry: C:\Users\willian\.p2\pool\plugins\org.eclipse.m2e.maven.runtime_3.9.700.20240602-2313\jars\maven-resolver-api-1.9.20.jar
2026-06-09 19:57:17,896 [Worker-37: Launching Controle Gastos] INFO  o.eclipse.m2e.core.internal.Bundles - 	Entry: C:\Users\willian\.p2\pool\plugins\org.eclipse.m2e.maven.runtime_3.9.700.20240602-2313\jars\maven-resolver-connector-basic-1.9.20.jar
2026-06-09 19:57:17,896 [Worker-37: Launching Controle Gastos] INFO  o.eclipse.m2e.core.internal.Bundles - 	Entry: C:\Users\willian\.p2\pool\plugins\org.eclipse.m2e.maven.runtime_3.9.700.20240602-2313\jars\maven-resolver-impl-1.9.20.jar
2026-06-09 19:57:17,896 [Worker-37: Launching Controle Gastos] INFO  o.eclipse.m2e.core.internal.Bundles - 	Entry: C:\Users\willian\.p2\pool\plugins\org.eclipse.m2e.maven.runtime_3.9.700.20240602-2313\jars\maven-resolver-named-locks-1.9.20.jar
2026-06-09 19:57:17,896 [Worker-37: Launching Controle Gastos] INFO  o.eclipse.m2e.core.internal.Bundles - 	Entry: C:\Users\willian\.p2\pool\plugins\org.eclipse.m2e.maven.runtime_3.9.700.20240602-2313\jars\maven-resolver-provider-3.9.7.jar
2026-06-09 19:57:17,897 [Worker-37: Launching Controle Gastos] INFO  o.eclipse.m2e.core.internal.Bundles - 	Entry: C:\Users\willian\.p2\pool\plugins\org.eclipse.m2e.maven.runtime_3.9.700.20240602-2313\jars\maven-resolver-spi-1.9.20.jar
2026-06-09 19:57:17,897 [Worker-37: Launching Controle Gastos] INFO  o.eclipse.m2e.core.internal.Bundles - 	Entry: C:\Users\willian\.p2\pool\plugins\org.eclipse.m2e.maven.runtime_3.9.700.20240602-2313\jars\maven-resolver-transport-file-1.9.20.jar
2026-06-09 19:57:17,897 [Worker-37: Launching Controle Gastos] INFO  o.eclipse.m2e.core.internal.Bundles - 	Entry: C:\Users\willian\.p2\pool\plugins\org.eclipse.m2e.maven.runtime_3.9.700.20240602-2313\jars\maven-resolver-transport-http-1.9.20.jar
2026-06-09 19:57:17,897 [Worker-37: Launching Controle Gastos] INFO  o.eclipse.m2e.core.internal.Bundles - 	Entry: C:\Users\willian\.p2\pool\plugins\org.eclipse.m2e.maven.runtime_3.9.700.20240602-2313\jars\maven-resolver-transport-wagon-1.9.20.jar
2026-06-09 19:57:17,897 [Worker-37: Launching Controle Gastos] INFO  o.eclipse.m2e.core.internal.Bundles - 	Entry: C:\Users\willian\.p2\pool\plugins\org.eclipse.m2e.maven.runtime_3.9.700.20240602-2313\jars\maven-resolver-util-1.9.20.jar
2026-06-09 19:57:17,897 [Worker-37: Launching Controle Gastos] INFO  o.eclipse.m2e.core.internal.Bundles - 	Entry: C:\Users\willian\.p2\pool\plugins\org.eclipse.m2e.maven.runtime_3.9.700.20240602-2313\jars\maven-settings-3.9.7.jar
2026-06-09 19:57:17,898 [Worker-37: Launching Controle Gastos] INFO  o.eclipse.m2e.core.internal.Bundles - 	Entry: C:\Users\willian\.p2\pool\plugins\org.eclipse.m2e.maven.runtime_3.9.700.20240602-2313\jars\maven-settings-builder-3.9.7.jar
2026-06-09 19:57:17,898 [Worker-37: Launching Controle Gastos] INFO  o.eclipse.m2e.core.internal.Bundles - 	Entry: C:\Users\willian\.p2\pool\plugins\org.eclipse.m2e.maven.runtime_3.9.700.20240602-2313\jars\maven-shared-utils-3.4.2.jar
2026-06-09 19:57:17,898 [Worker-37: Launching Controle Gastos] INFO  o.eclipse.m2e.core.internal.Bundles - 	Entry: C:\Users\willian\.p2\pool\plugins\org.eclipse.m2e.maven.runtime_3.9.700.20240602-2313\jars\org.eclipse.sisu.inject-0.9.0.M2.jar
2026-06-09 19:57:17,898 [Worker-37: Launching Controle Gastos] INFO  o.eclipse.m2e.core.internal.Bundles - 	Entry: C:\Users\willian\.p2\pool\plugins\org.eclipse.m2e.maven.runtime_3.9.700.20240602-2313\jars\org.eclipse.sisu.plexus-0.9.0.M2.jar
2026-06-09 19:57:17,898 [Worker-37: Launching Controle Gastos] INFO  o.eclipse.m2e.core.internal.Bundles - 	Entry: C:\Users\willian\.p2\pool\plugins\org.eclipse.m2e.maven.runtime_3.9.700.20240602-2313\jars\plexus-build-api-0.0.7.jar
2026-06-09 19:57:17,898 [Worker-37: Launching Controle Gastos] INFO  o.eclipse.m2e.core.internal.Bundles - 	Entry: C:\Users\willian\.p2\pool\plugins\org.eclipse.m2e.maven.runtime_3.9.700.20240602-2313\jars\plexus-build-api-1.2.0.jar
2026-06-09 19:57:17,898 [Worker-37: Launching Controle Gastos] INFO  o.eclipse.m2e.core.internal.Bundles - 	Entry: C:\Users\willian\.p2\pool\plugins\org.eclipse.m2e.maven.runtime_3.9.700.20240602-2313\jars\plexus-cipher-2.0.jar
2026-06-09 19:57:17,899 [Worker-37: Launching Controle Gastos] INFO  o.eclipse.m2e.core.internal.Bundles - 	Entry: C:\Users\willian\.p2\pool\plugins\org.eclipse.m2e.maven.runtime_3.9.700.20240602-2313\jars\plexus-classworlds-2.8.0.jar
2026-06-09 19:57:17,899 [Worker-37: Launching Controle Gastos] INFO  o.eclipse.m2e.core.internal.Bundles - 	Entry: C:\Users\willian\.p2\pool\plugins\org.eclipse.m2e.maven.runtime_3.9.700.20240602-2313\jars\plexus-component-annotations-2.1.0.jar
2026-06-09 19:57:17,899 [Worker-37: Launching Controle Gastos] INFO  o.eclipse.m2e.core.internal.Bundles - 	Entry: C:\Users\willian\.p2\pool\plugins\org.eclipse.m2e.maven.runtime_3.9.700.20240602-2313\jars\plexus-interpolation-1.27.jar
2026-06-09 19:57:17,899 [Worker-37: Launching Controle Gastos] INFO  o.eclipse.m2e.core.internal.Bundles - 	Entry: C:\Users\willian\.p2\pool\plugins\org.eclipse.m2e.maven.runtime_3.9.700.20240602-2313\jars\plexus-sec-dispatcher-2.0.jar
2026-06-09 19:57:17,899 [Worker-37: Launching Controle Gastos] INFO  o.eclipse.m2e.core.internal.Bundles - 	Entry: C:\Users\willian\.p2\pool\plugins\org.eclipse.m2e.maven.runtime_3.9.700.20240602-2313\jars\plexus-utils-3.5.1.jar
2026-06-09 19:57:17,899 [Worker-37: Launching Controle Gastos] INFO  o.eclipse.m2e.core.internal.Bundles - 	Entry: C:\Users\willian\.p2\pool\plugins\org.eclipse.m2e.maven.runtime_3.9.700.20240602-2313\jars\wagon-file-3.5.3.jar
2026-06-09 19:57:17,900 [Worker-37: Launching Controle Gastos] INFO  o.eclipse.m2e.core.internal.Bundles - 	Entry: C:\Users\willian\.p2\pool\plugins\org.eclipse.m2e.maven.runtime_3.9.700.20240602-2313\jars\wagon-http-3.5.3.jar
2026-06-09 19:57:17,900 [Worker-37: Launching Controle Gastos] INFO  o.eclipse.m2e.core.internal.Bundles - 	Entry: C:\Users\willian\.p2\pool\plugins\org.eclipse.m2e.maven.runtime_3.9.700.20240602-2313\jars\wagon-http-shared-3.5.3.jar
2026-06-09 19:57:17,900 [Worker-37: Launching Controle Gastos] INFO  o.eclipse.m2e.core.internal.Bundles - 	Entry: C:\Users\willian\.p2\pool\plugins\org.eclipse.m2e.maven.runtime_3.9.700.20240602-2313\jars\wagon-provider-api-3.5.3.jar
2026-06-09 19:57:17,901 [Worker-37: Launching Controle Gastos] INFO  o.eclipse.m2e.core.internal.Bundles - getClasspathEntries(Bundle=com.google.guava_33.2.0.jre [10])
2026-06-09 19:57:17,902 [Worker-37: Launching Controle Gastos] INFO  o.eclipse.m2e.core.internal.Bundles - 	Entry: C:\Users\willian\.p2\pool\plugins\com.google.guava_33.2.0.jre.jar
2026-06-09 19:57:17,902 [Worker-37: Launching Controle Gastos] INFO  o.eclipse.m2e.core.internal.Bundles - getClasspathEntries(Bundle=slf4j.api_2.0.13 [520])
2026-06-09 19:57:17,902 [Worker-37: Launching Controle Gastos] INFO  o.eclipse.m2e.core.internal.Bundles - 	Entry: C:\Users\willian\.p2\pool\plugins\slf4j.api_2.0.13.jar
2026-06-09 19:57:17,902 [Worker-37: Launching Controle Gastos] INFO  o.eclipse.m2e.core.internal.Bundles - getClasspathEntries(Bundle=jakarta.inject.jakarta.inject-api_1.0.5 [21])
2026-06-09 19:57:17,902 [Worker-37: Launching Controle Gastos] INFO  o.eclipse.m2e.core.internal.Bundles - 	Entry: C:\Users\willian\.p2\pool\plugins\jakarta.inject.jakarta.inject-api_1.0.5.jar
2026-06-09 19:57:17,902 [Worker-37: Launching Controle Gastos] INFO  o.eclipse.m2e.core.internal.Bundles - getClasspathEntries(Bundle=javax.annotation_1.3.5.v20200909-1856 [24])
2026-06-09 19:57:17,902 [Worker-37: Launching Controle Gastos] INFO  o.eclipse.m2e.core.internal.Bundles - 	Entry: C:\Users\willian\.p2\pool\plugins\javax.annotation_1.3.5.v20200909-1856.jar
2026-06-09 19:57:17,903 [Worker-37: Launching Controle Gastos] INFO  o.eclipse.m2e.core.internal.Bundles - getClasspathEntries(Bundle=org.apache.commons.cli_1.8.0 [47])
2026-06-09 19:57:17,903 [Worker-37: Launching Controle Gastos] INFO  o.eclipse.m2e.core.internal.Bundles - 	Entry: C:\Users\willian\.p2\pool\plugins\org.apache.commons.cli_1.8.0.jar
2026-06-09 19:57:17,903 [Worker-37: Launching Controle Gastos] INFO  o.eclipse.m2e.core.internal.Bundles - getClasspathEntries(Bundle=org.apache.commons.commons-codec_1.16.0 [48])
2026-06-09 19:57:17,903 [Worker-37: Launching Controle Gastos] INFO  o.eclipse.m2e.core.internal.Bundles - 	Entry: C:\Users\willian\.p2\pool\plugins\org.apache.commons.commons-codec_1.16.0.jar
2026-06-09 19:57:17,903 [Worker-37: Launching Controle Gastos] INFO  o.eclipse.m2e.core.internal.Bundles - getClasspathEntries(Bundle=org.apache.commons.lang3_3.14.0 [54])
2026-06-09 19:57:17,903 [Worker-37: Launching Controle Gastos] INFO  o.eclipse.m2e.core.internal.Bundles - 	Entry: C:\Users\willian\.p2\pool\plugins\org.apache.commons.lang3_3.14.0.jar
2026-06-09 19:57:17,903 [Worker-37: Launching Controle Gastos] INFO  o.eclipse.m2e.core.internal.Bundles - getClasspathEntries(Bundle=com.google.guava.failureaccess_1.0.2 [11])
2026-06-09 19:57:17,904 [Worker-37: Launching Controle Gastos] INFO  o.eclipse.m2e.core.internal.Bundles - 	Entry: C:\Users\willian\.p2\pool\plugins\com.google.guava.failureaccess_1.0.2.jar
2026-06-09 19:57:17,907 [Worker-37: Launching Controle Gastos] INFO  o.e.m.i.launch.MavenLaunchDelegate - Run build in "C:\Users\willian\Desktop\Projeto-app-controle-de-gastos-programa-o-para-resolu-o-de-problemas-2\controle-gastos":
2026-06-09 19:57:17,907 [Worker-37: Launching Controle Gastos] INFO  o.e.m.i.launch.MavenLaunchDelegate -  mvn  -B -Dstyle.color=always javafx:run
2026-06-09 20:03:39,815 [Worker-40: Building] INFO  o.a.m.s.f.DefaultMavenResourcesFiltering - Copying 0 resource from src\main\resources to target\classes
2026-06-09 20:03:39,820 [Worker-40: Building] INFO  o.a.m.s.f.DefaultMavenResourcesFiltering - Copying 0 resource from src\test\resources to target\test-classes
2026-06-09 20:10:48,301 [Worker-40: Building] INFO  o.a.m.s.f.DefaultMavenResourcesFiltering - Copying 0 resource from src\main\resources to target\classes
2026-06-09 20:10:48,304 [Worker-40: Building] INFO  o.a.m.s.f.DefaultMavenResourcesFiltering - Copying 0 resource from src\test\resources to target\test-classes
2026-06-09 20:13:34,629 [Worker-44: Building] INFO  o.a.m.s.f.DefaultMavenResourcesFiltering - Copying 0 resource from src\main\resources to target\classes
2026-06-09 20:13:34,631 [Worker-44: Building] INFO  o.a.m.s.f.DefaultMavenResourcesFiltering - Copying 0 resource from src\test\resources to target\test-classes
2026-06-09 20:13:57,110 [Worker-43: Building] INFO  o.a.m.s.f.DefaultMavenResourcesFiltering - Copying 0 resource from src\main\resources to target\classes
2026-06-09 20:13:57,112 [Worker-43: Building] INFO  o.a.m.s.f.DefaultMavenResourcesFiltering - Copying 0 resource from src\test\resources to target\test-classes
2026-06-09 20:14:12,576 [Worker-42: Launching Controle Gastos] INFO  o.eclipse.m2e.core.internal.Bundles - getClasspathEntries(Bundle=org.eclipse.m2e.maven.runtime_3.9.700.20240602-2313 [299])
2026-06-09 20:14:12,576 [Worker-42: Launching Controle Gastos] INFO  o.eclipse.m2e.core.internal.Bundles - 	Entry: C:\Users\willian\.p2\pool\plugins\org.eclipse.m2e.maven.runtime_3.9.700.20240602-2313
2026-06-09 20:14:12,576 [Worker-42: Launching Controle Gastos] INFO  o.eclipse.m2e.core.internal.Bundles - 	Entry: C:\Users\willian\.p2\pool\plugins\org.eclipse.m2e.maven.runtime_3.9.700.20240602-2313\jars\aopalliance-1.0.jar
2026-06-09 20:14:12,577 [Worker-42: Launching Controle Gastos] INFO  o.eclipse.m2e.core.internal.Bundles - 	Entry: C:\Users\willian\.p2\pool\plugins\org.eclipse.m2e.maven.runtime_3.9.700.20240602-2313\jars\guice-5.1.0.jar
2026-06-09 20:14:12,577 [Worker-42: Launching Controle Gastos] INFO  o.eclipse.m2e.core.internal.Bundles - 	Entry: C:\Users\willian\.p2\pool\plugins\org.eclipse.m2e.maven.runtime_3.9.700.20240602-2313\jars\httpclient-4.5.14.jar
2026-06-09 20:14:12,577 [Worker-42: Launching Controle Gastos] INFO  o.eclipse.m2e.core.internal.Bundles - 	Entry: C:\Users\willian\.p2\pool\plugins\org.eclipse.m2e.maven.runtime_3.9.700.20240602-2313\jars\httpcore-4.4.16.jar
2026-06-09 20:14:12,577 [Worker-42: Launching Controle Gastos] INFO  o.eclipse.m2e.core.internal.Bundles - 	Entry: C:\Users\willian\.p2\pool\plugins\org.eclipse.m2e.maven.runtime_3.9.700.20240602-2313\jars\jansi-2.4.1.jar
2026-06-09 20:14:12,577 [Worker-42: Launching Controle Gastos] INFO  o.eclipse.m2e.core.internal.Bundles - 	Entry: C:\Users\willian\.p2\pool\plugins\org.eclipse.m2e.maven.runtime_3.9.700.20240602-2313\jars\jcl-over-slf4j-1.7.36.jar
2026-06-09 20:14:12,577 [Worker-42: Launching Controle Gastos] INFO  o.eclipse.m2e.core.internal.Bundles - 	Entry: C:\Users\willian\.p2\pool\plugins\org.eclipse.m2e.maven.runtime_3.9.700.20240602-2313\jars\maven-artifact-3.9.7.jar
2026-06-09 20:14:12,577 [Worker-42: Launching Controle Gastos] INFO  o.eclipse.m2e.core.internal.Bundles - 	Entry: C:\Users\willian\.p2\pool\plugins\org.eclipse.m2e.maven.runtime_3.9.700.20240602-2313\jars\maven-builder-support-3.9.7.jar
2026-06-09 20:14:12,577 [Worker-42: Launching Controle Gastos] INFO  o.eclipse.m2e.core.internal.Bundles - 	Entry: C:\Users\willian\.p2\pool\plugins\org.eclipse.m2e.maven.runtime_3.9.700.20240602-2313\jars\maven-compat-3.9.7.jar
2026-06-09 20:14:12,578 [Worker-42: Launching Controle Gastos] INFO  o.eclipse.m2e.core.internal.Bundles - 	Entry: C:\Users\willian\.p2\pool\plugins\org.eclipse.m2e.maven.runtime_3.9.700.20240602-2313\jars\maven-core-3.9.7.jar
2026-06-09 20:14:12,578 [Worker-42: Launching Controle Gastos] INFO  o.eclipse.m2e.core.internal.Bundles - 	Entry: C:\Users\willian\.p2\pool\plugins\org.eclipse.m2e.maven.runtime_3.9.700.20240602-2313\jars\maven-embedder-3.9.7.jar
2026-06-09 20:14:12,578 [Worker-42: Launching Controle Gastos] INFO  o.eclipse.m2e.core.internal.Bundles - 	Entry: C:\Users\willian\.p2\pool\plugins\org.eclipse.m2e.maven.runtime_3.9.700.20240602-2313\jars\maven-model-3.9.7.jar
2026-06-09 20:14:12,578 [Worker-42: Launching Controle Gastos] INFO  o.eclipse.m2e.core.internal.Bundles - 	Entry: C:\Users\willian\.p2\pool\plugins\org.eclipse.m2e.maven.runtime_3.9.700.20240602-2313\jars\maven-model-builder-3.9.7.jar
2026-06-09 20:14:12,578 [Worker-42: Launching Controle Gastos] INFO  o.eclipse.m2e.core.internal.Bundles - 	Entry: C:\Users\willian\.p2\pool\plugins\org.eclipse.m2e.maven.runtime_3.9.700.20240602-2313\jars\maven-plugin-api-3.9.7.jar
2026-06-09 20:14:12,578 [Worker-42: Launching Controle Gastos] INFO  o.eclipse.m2e.core.internal.Bundles - 	Entry: C:\Users\willian\.p2\pool\plugins\org.eclipse.m2e.maven.runtime_3.9.700.20240602-2313\jars\maven-repository-metadata-3.9.7.jar
2026-06-09 20:14:12,578 [Worker-42: Launching Controle Gastos] INFO  o.eclipse.m2e.core.internal.Bundles - 	Entry: C:\Users\willian\.p2\pool\plugins\org.eclipse.m2e.maven.runtime_3.9.700.20240602-2313\jars\maven-resolver-api-1.9.20.jar
2026-06-09 20:14:12,579 [Worker-42: Launching Controle Gastos] INFO  o.eclipse.m2e.core.internal.Bundles - 	Entry: C:\Users\willian\.p2\pool\plugins\org.eclipse.m2e.maven.runtime_3.9.700.20240602-2313\jars\maven-resolver-connector-basic-1.9.20.jar
2026-06-09 20:14:12,579 [Worker-42: Launching Controle Gastos] INFO  o.eclipse.m2e.core.internal.Bundles - 	Entry: C:\Users\willian\.p2\pool\plugins\org.eclipse.m2e.maven.runtime_3.9.700.20240602-2313\jars\maven-resolver-impl-1.9.20.jar
2026-06-09 20:14:12,579 [Worker-42: Launching Controle Gastos] INFO  o.eclipse.m2e.core.internal.Bundles - 	Entry: C:\Users\willian\.p2\pool\plugins\org.eclipse.m2e.maven.runtime_3.9.700.20240602-2313\jars\maven-resolver-named-locks-1.9.20.jar
2026-06-09 20:14:12,579 [Worker-42: Launching Controle Gastos] INFO  o.eclipse.m2e.core.internal.Bundles - 	Entry: C:\Users\willian\.p2\pool\plugins\org.eclipse.m2e.maven.runtime_3.9.700.20240602-2313\jars\maven-resolver-provider-3.9.7.jar
2026-06-09 20:14:12,579 [Worker-42: Launching Controle Gastos] INFO  o.eclipse.m2e.core.internal.Bundles - 	Entry: C:\Users\willian\.p2\pool\plugins\org.eclipse.m2e.maven.runtime_3.9.700.20240602-2313\jars\maven-resolver-spi-1.9.20.jar
2026-06-09 20:14:12,579 [Worker-42: Launching Controle Gastos] INFO  o.eclipse.m2e.core.internal.Bundles - 	Entry: C:\Users\willian\.p2\pool\plugins\org.eclipse.m2e.maven.runtime_3.9.700.20240602-2313\jars\maven-resolver-transport-file-1.9.20.jar
2026-06-09 20:14:12,579 [Worker-42: Launching Controle Gastos] INFO  o.eclipse.m2e.core.internal.Bundles - 	Entry: C:\Users\willian\.p2\pool\plugins\org.eclipse.m2e.maven.runtime_3.9.700.20240602-2313\jars\maven-resolver-transport-http-1.9.20.jar
2026-06-09 20:14:12,579 [Worker-42: Launching Controle Gastos] INFO  o.eclipse.m2e.core.internal.Bundles - 	Entry: C:\Users\willian\.p2\pool\plugins\org.eclipse.m2e.maven.runtime_3.9.700.20240602-2313\jars\maven-resolver-transport-wagon-1.9.20.jar
2026-06-09 20:14:12,580 [Worker-42: Launching Controle Gastos] INFO  o.eclipse.m2e.core.internal.Bundles - 	Entry: C:\Users\willian\.p2\pool\plugins\org.eclipse.m2e.maven.runtime_3.9.700.20240602-2313\jars\maven-resolver-util-1.9.20.jar
2026-06-09 20:14:12,580 [Worker-42: Launching Controle Gastos] INFO  o.eclipse.m2e.core.internal.Bundles - 	Entry: C:\Users\willian\.p2\pool\plugins\org.eclipse.m2e.maven.runtime_3.9.700.20240602-2313\jars\maven-settings-3.9.7.jar
2026-06-09 20:14:12,580 [Worker-42: Launching Controle Gastos] INFO  o.eclipse.m2e.core.internal.Bundles - 	Entry: C:\Users\willian\.p2\pool\plugins\org.eclipse.m2e.maven.runtime_3.9.700.20240602-2313\jars\maven-settings-builder-3.9.7.jar
2026-06-09 20:14:12,580 [Worker-42: Launching Controle Gastos] INFO  o.eclipse.m2e.core.internal.Bundles - 	Entry: C:\Users\willian\.p2\pool\plugins\org.eclipse.m2e.maven.runtime_3.9.700.20240602-2313\jars\maven-shared-utils-3.4.2.jar
2026-06-09 20:14:12,580 [Worker-42: Launching Controle Gastos] INFO  o.eclipse.m2e.core.internal.Bundles - 	Entry: C:\Users\willian\.p2\pool\plugins\org.eclipse.m2e.maven.runtime_3.9.700.20240602-2313\jars\org.eclipse.sisu.inject-0.9.0.M2.jar
2026-06-09 20:14:12,580 [Worker-42: Launching Controle Gastos] INFO  o.eclipse.m2e.core.internal.Bundles - 	Entry: C:\Users\willian\.p2\pool\plugins\org.eclipse.m2e.maven.runtime_3.9.700.20240602-2313\jars\org.eclipse.sisu.plexus-0.9.0.M2.jar
2026-06-09 20:14:12,580 [Worker-42: Launching Controle Gastos] INFO  o.eclipse.m2e.core.internal.Bundles - 	Entry: C:\Users\willian\.p2\pool\plugins\org.eclipse.m2e.maven.runtime_3.9.700.20240602-2313\jars\plexus-build-api-0.0.7.jar
2026-06-09 20:14:12,581 [Worker-42: Launching Controle Gastos] INFO  o.eclipse.m2e.core.internal.Bundles - 	Entry: C:\Users\willian\.p2\pool\plugins\org.eclipse.m2e.maven.runtime_3.9.700.20240602-2313\jars\plexus-build-api-1.2.0.jar
2026-06-09 20:14:12,581 [Worker-42: Launching Controle Gastos] INFO  o.eclipse.m2e.core.internal.Bundles - 	Entry: C:\Users\willian\.p2\pool\plugins\org.eclipse.m2e.maven.runtime_3.9.700.20240602-2313\jars\plexus-cipher-2.0.jar
2026-06-09 20:14:12,581 [Worker-42: Launching Controle Gastos] INFO  o.eclipse.m2e.core.internal.Bundles - 	Entry: C:\Users\willian\.p2\pool\plugins\org.eclipse.m2e.maven.runtime_3.9.700.20240602-2313\jars\plexus-classworlds-2.8.0.jar
2026-06-09 20:14:12,581 [Worker-42: Launching Controle Gastos] INFO  o.eclipse.m2e.core.internal.Bundles - 	Entry: C:\Users\willian\.p2\pool\plugins\org.eclipse.m2e.maven.runtime_3.9.700.20240602-2313\jars\plexus-component-annotations-2.1.0.jar
2026-06-09 20:14:12,581 [Worker-42: Launching Controle Gastos] INFO  o.eclipse.m2e.core.internal.Bundles - 	Entry: C:\Users\willian\.p2\pool\plugins\org.eclipse.m2e.maven.runtime_3.9.700.20240602-2313\jars\plexus-interpolation-1.27.jar
2026-06-09 20:14:12,581 [Worker-42: Launching Controle Gastos] INFO  o.eclipse.m2e.core.internal.Bundles - 	Entry: C:\Users\willian\.p2\pool\plugins\org.eclipse.m2e.maven.runtime_3.9.700.20240602-2313\jars\plexus-sec-dispatcher-2.0.jar
2026-06-09 20:14:12,581 [Worker-42: Launching Controle Gastos] INFO  o.eclipse.m2e.core.internal.Bundles - 	Entry: C:\Users\willian\.p2\pool\plugins\org.eclipse.m2e.maven.runtime_3.9.700.20240602-2313\jars\plexus-utils-3.5.1.jar
2026-06-09 20:14:12,581 [Worker-42: Launching Controle Gastos] INFO  o.eclipse.m2e.core.internal.Bundles - 	Entry: C:\Users\willian\.p2\pool\plugins\org.eclipse.m2e.maven.runtime_3.9.700.20240602-2313\jars\wagon-file-3.5.3.jar
2026-06-09 20:14:12,581 [Worker-42: Launching Controle Gastos] INFO  o.eclipse.m2e.core.internal.Bundles - 	Entry: C:\Users\willian\.p2\pool\plugins\org.eclipse.m2e.maven.runtime_3.9.700.20240602-2313\jars\wagon-http-3.5.3.jar
2026-06-09 20:14:12,582 [Worker-42: Launching Controle Gastos] INFO  o.eclipse.m2e.core.internal.Bundles - 	Entry: C:\Users\willian\.p2\pool\plugins\org.eclipse.m2e.maven.runtime_3.9.700.20240602-2313\jars\wagon-http-shared-3.5.3.jar
2026-06-09 20:14:12,582 [Worker-42: Launching Controle Gastos] INFO  o.eclipse.m2e.core.internal.Bundles - 	Entry: C:\Users\willian\.p2\pool\plugins\org.eclipse.m2e.maven.runtime_3.9.700.20240602-2313\jars\wagon-provider-api-3.5.3.jar
2026-06-09 20:14:12,582 [Worker-42: Launching Controle Gastos] INFO  o.eclipse.m2e.core.internal.Bundles - getClasspathEntries(Bundle=com.google.guava_33.2.0.jre [10])
2026-06-09 20:14:12,582 [Worker-42: Launching Controle Gastos] INFO  o.eclipse.m2e.core.internal.Bundles - 	Entry: C:\Users\willian\.p2\pool\plugins\com.google.guava_33.2.0.jre.jar
2026-06-09 20:14:12,582 [Worker-42: Launching Controle Gastos] INFO  o.eclipse.m2e.core.internal.Bundles - getClasspathEntries(Bundle=slf4j.api_2.0.13 [520])
2026-06-09 20:14:12,583 [Worker-42: Launching Controle Gastos] INFO  o.eclipse.m2e.core.internal.Bundles - 	Entry: C:\Users\willian\.p2\pool\plugins\slf4j.api_2.0.13.jar
2026-06-09 20:14:12,583 [Worker-42: Launching Controle Gastos] INFO  o.eclipse.m2e.core.internal.Bundles - getClasspathEntries(Bundle=jakarta.inject.jakarta.inject-api_1.0.5 [21])
2026-06-09 20:14:12,583 [Worker-42: Launching Controle Gastos] INFO  o.eclipse.m2e.core.internal.Bundles - 	Entry: C:\Users\willian\.p2\pool\plugins\jakarta.inject.jakarta.inject-api_1.0.5.jar
2026-06-09 20:14:12,583 [Worker-42: Launching Controle Gastos] INFO  o.eclipse.m2e.core.internal.Bundles - getClasspathEntries(Bundle=javax.annotation_1.3.5.v20200909-1856 [24])
2026-06-09 20:14:12,583 [Worker-42: Launching Controle Gastos] INFO  o.eclipse.m2e.core.internal.Bundles - 	Entry: C:\Users\willian\.p2\pool\plugins\javax.annotation_1.3.5.v20200909-1856.jar
2026-06-09 20:14:12,583 [Worker-42: Launching Controle Gastos] INFO  o.eclipse.m2e.core.internal.Bundles - getClasspathEntries(Bundle=org.apache.commons.cli_1.8.0 [47])
2026-06-09 20:14:12,583 [Worker-42: Launching Controle Gastos] INFO  o.eclipse.m2e.core.internal.Bundles - 	Entry: C:\Users\willian\.p2\pool\plugins\org.apache.commons.cli_1.8.0.jar
2026-06-09 20:14:12,583 [Worker-42: Launching Controle Gastos] INFO  o.eclipse.m2e.core.internal.Bundles - getClasspathEntries(Bundle=org.apache.commons.commons-codec_1.16.0 [48])
2026-06-09 20:14:12,584 [Worker-42: Launching Controle Gastos] INFO  o.eclipse.m2e.core.internal.Bundles - 	Entry: C:\Users\willian\.p2\pool\plugins\org.apache.commons.commons-codec_1.16.0.jar
2026-06-09 20:14:12,584 [Worker-42: Launching Controle Gastos] INFO  o.eclipse.m2e.core.internal.Bundles - getClasspathEntries(Bundle=org.apache.commons.lang3_3.14.0 [54])
2026-06-09 20:14:12,584 [Worker-42: Launching Controle Gastos] INFO  o.eclipse.m2e.core.internal.Bundles - 	Entry: C:\Users\willian\.p2\pool\plugins\org.apache.commons.lang3_3.14.0.jar
2026-06-09 20:14:12,584 [Worker-42: Launching Controle Gastos] INFO  o.eclipse.m2e.core.internal.Bundles - getClasspathEntries(Bundle=com.google.guava.failureaccess_1.0.2 [11])
2026-06-09 20:14:12,584 [Worker-42: Launching Controle Gastos] INFO  o.eclipse.m2e.core.internal.Bundles - 	Entry: C:\Users\willian\.p2\pool\plugins\com.google.guava.failureaccess_1.0.2.jar
2026-06-09 20:14:12,585 [Worker-42: Launching Controle Gastos] INFO  o.e.m.i.launch.MavenLaunchDelegate - Run build in "C:\Users\willian\Desktop\Projeto-app-controle-de-gastos-programa-o-para-resolu-o-de-problemas-2\controle-gastos":
2026-06-09 20:14:12,585 [Worker-42: Launching Controle Gastos] INFO  o.e.m.i.launch.MavenLaunchDelegate -  mvn  -B -Dstyle.color=always javafx:run
2026-06-09 20:15:12,210 [Worker-43: Building] INFO  o.a.m.s.f.DefaultMavenResourcesFiltering - Copying 0 resource from src\main\resources to target\classes
2026-06-09 20:15:12,212 [Worker-43: Building] INFO  o.a.m.s.f.DefaultMavenResourcesFiltering - Copying 0 resource from src\test\resources to target\test-classes
2026-06-09 20:15:17,840 [Worker-43: Launching Controle Gastos] INFO  o.eclipse.m2e.core.internal.Bundles - getClasspathEntries(Bundle=org.eclipse.m2e.maven.runtime_3.9.700.20240602-2313 [299])
2026-06-09 20:15:17,841 [Worker-43: Launching Controle Gastos] INFO  o.eclipse.m2e.core.internal.Bundles - 	Entry: C:\Users\willian\.p2\pool\plugins\org.eclipse.m2e.maven.runtime_3.9.700.20240602-2313
2026-06-09 20:15:17,841 [Worker-43: Launching Controle Gastos] INFO  o.eclipse.m2e.core.internal.Bundles - 	Entry: C:\Users\willian\.p2\pool\plugins\org.eclipse.m2e.maven.runtime_3.9.700.20240602-2313\jars\aopalliance-1.0.jar
2026-06-09 20:15:17,841 [Worker-43: Launching Controle Gastos] INFO  o.eclipse.m2e.core.internal.Bundles - 	Entry: C:\Users\willian\.p2\pool\plugins\org.eclipse.m2e.maven.runtime_3.9.700.20240602-2313\jars\guice-5.1.0.jar
2026-06-09 20:15:17,841 [Worker-43: Launching Controle Gastos] INFO  o.eclipse.m2e.core.internal.Bundles - 	Entry: C:\Users\willian\.p2\pool\plugins\org.eclipse.m2e.maven.runtime_3.9.700.20240602-2313\jars\httpclient-4.5.14.jar
2026-06-09 20:15:17,841 [Worker-43: Launching Controle Gastos] INFO  o.eclipse.m2e.core.internal.Bundles - 	Entry: C:\Users\willian\.p2\pool\plugins\org.eclipse.m2e.maven.runtime_3.9.700.20240602-2313\jars\httpcore-4.4.16.jar
2026-06-09 20:15:17,842 [Worker-43: Launching Controle Gastos] INFO  o.eclipse.m2e.core.internal.Bundles - 	Entry: C:\Users\willian\.p2\pool\plugins\org.eclipse.m2e.maven.runtime_3.9.700.20240602-2313\jars\jansi-2.4.1.jar
2026-06-09 20:15:17,842 [Worker-43: Launching Controle Gastos] INFO  o.eclipse.m2e.core.internal.Bundles - 	Entry: C:\Users\willian\.p2\pool\plugins\org.eclipse.m2e.maven.runtime_3.9.700.20240602-2313\jars\jcl-over-slf4j-1.7.36.jar
2026-06-09 20:15:17,842 [Worker-43: Launching Controle Gastos] INFO  o.eclipse.m2e.core.internal.Bundles - 	Entry: C:\Users\willian\.p2\pool\plugins\org.eclipse.m2e.maven.runtime_3.9.700.20240602-2313\jars\maven-artifact-3.9.7.jar
2026-06-09 20:15:17,842 [Worker-43: Launching Controle Gastos] INFO  o.eclipse.m2e.core.internal.Bundles - 	Entry: C:\Users\willian\.p2\pool\plugins\org.eclipse.m2e.maven.runtime_3.9.700.20240602-2313\jars\maven-builder-support-3.9.7.jar
2026-06-09 20:15:17,842 [Worker-43: Launching Controle Gastos] INFO  o.eclipse.m2e.core.internal.Bundles - 	Entry: C:\Users\willian\.p2\pool\plugins\org.eclipse.m2e.maven.runtime_3.9.700.20240602-2313\jars\maven-compat-3.9.7.jar
2026-06-09 20:15:17,842 [Worker-43: Launching Controle Gastos] INFO  o.eclipse.m2e.core.internal.Bundles - 	Entry: C:\Users\willian\.p2\pool\plugins\org.eclipse.m2e.maven.runtime_3.9.700.20240602-2313\jars\maven-core-3.9.7.jar
2026-06-09 20:15:17,842 [Worker-43: Launching Controle Gastos] INFO  o.eclipse.m2e.core.internal.Bundles - 	Entry: C:\Users\willian\.p2\pool\plugins\org.eclipse.m2e.maven.runtime_3.9.700.20240602-2313\jars\maven-embedder-3.9.7.jar
2026-06-09 20:15:17,843 [Worker-43: Launching Controle Gastos] INFO  o.eclipse.m2e.core.internal.Bundles - 	Entry: C:\Users\willian\.p2\pool\plugins\org.eclipse.m2e.maven.runtime_3.9.700.20240602-2313\jars\maven-model-3.9.7.jar
2026-06-09 20:15:17,843 [Worker-43: Launching Controle Gastos] INFO  o.eclipse.m2e.core.internal.Bundles - 	Entry: C:\Users\willian\.p2\pool\plugins\org.eclipse.m2e.maven.runtime_3.9.700.20240602-2313\jars\maven-model-builder-3.9.7.jar
2026-06-09 20:15:17,843 [Worker-43: Launching Controle Gastos] INFO  o.eclipse.m2e.core.internal.Bundles - 	Entry: C:\Users\willian\.p2\pool\plugins\org.eclipse.m2e.maven.runtime_3.9.700.20240602-2313\jars\maven-plugin-api-3.9.7.jar
2026-06-09 20:15:17,843 [Worker-43: Launching Controle Gastos] INFO  o.eclipse.m2e.core.internal.Bundles - 	Entry: C:\Users\willian\.p2\pool\plugins\org.eclipse.m2e.maven.runtime_3.9.700.20240602-2313\jars\maven-repository-metadata-3.9.7.jar
2026-06-09 20:15:17,843 [Worker-43: Launching Controle Gastos] INFO  o.eclipse.m2e.core.internal.Bundles - 	Entry: C:\Users\willian\.p2\pool\plugins\org.eclipse.m2e.maven.runtime_3.9.700.20240602-2313\jars\maven-resolver-api-1.9.20.jar
2026-06-09 20:15:17,843 [Worker-43: Launching Controle Gastos] INFO  o.eclipse.m2e.core.internal.Bundles - 	Entry: C:\Users\willian\.p2\pool\plugins\org.eclipse.m2e.maven.runtime_3.9.700.20240602-2313\jars\maven-resolver-connector-basic-1.9.20.jar
2026-06-09 20:15:17,843 [Worker-43: Launching Controle Gastos] INFO  o.eclipse.m2e.core.internal.Bundles - 	Entry: C:\Users\willian\.p2\pool\plugins\org.eclipse.m2e.maven.runtime_3.9.700.20240602-2313\jars\maven-resolver-impl-1.9.20.jar
2026-06-09 20:15:17,843 [Worker-43: Launching Controle Gastos] INFO  o.eclipse.m2e.core.internal.Bundles - 	Entry: C:\Users\willian\.p2\pool\plugins\org.eclipse.m2e.maven.runtime_3.9.700.20240602-2313\jars\maven-resolver-named-locks-1.9.20.jar
2026-06-09 20:15:17,844 [Worker-43: Launching Controle Gastos] INFO  o.eclipse.m2e.core.internal.Bundles - 	Entry: C:\Users\willian\.p2\pool\plugins\org.eclipse.m2e.maven.runtime_3.9.700.20240602-2313\jars\maven-resolver-provider-3.9.7.jar
2026-06-09 20:15:17,844 [Worker-43: Launching Controle Gastos] INFO  o.eclipse.m2e.core.internal.Bundles - 	Entry: C:\Users\willian\.p2\pool\plugins\org.eclipse.m2e.maven.runtime_3.9.700.20240602-2313\jars\maven-resolver-spi-1.9.20.jar
2026-06-09 20:15:17,844 [Worker-43: Launching Controle Gastos] INFO  o.eclipse.m2e.core.internal.Bundles - 	Entry: C:\Users\willian\.p2\pool\plugins\org.eclipse.m2e.maven.runtime_3.9.700.20240602-2313\jars\maven-resolver-transport-file-1.9.20.jar
2026-06-09 20:15:17,844 [Worker-43: Launching Controle Gastos] INFO  o.eclipse.m2e.core.internal.Bundles - 	Entry: C:\Users\willian\.p2\pool\plugins\org.eclipse.m2e.maven.runtime_3.9.700.20240602-2313\jars\maven-resolver-transport-http-1.9.20.jar
2026-06-09 20:15:17,844 [Worker-43: Launching Controle Gastos] INFO  o.eclipse.m2e.core.internal.Bundles - 	Entry: C:\Users\willian\.p2\pool\plugins\org.eclipse.m2e.maven.runtime_3.9.700.20240602-2313\jars\maven-resolver-transport-wagon-1.9.20.jar
2026-06-09 20:15:17,844 [Worker-43: Launching Controle Gastos] INFO  o.eclipse.m2e.core.internal.Bundles - 	Entry: C:\Users\willian\.p2\pool\plugins\org.eclipse.m2e.maven.runtime_3.9.700.20240602-2313\jars\maven-resolver-util-1.9.20.jar
2026-06-09 20:15:17,844 [Worker-43: Launching Controle Gastos] INFO  o.eclipse.m2e.core.internal.Bundles - 	Entry: C:\Users\willian\.p2\pool\plugins\org.eclipse.m2e.maven.runtime_3.9.700.20240602-2313\jars\maven-settings-3.9.7.jar
2026-06-09 20:15:17,844 [Worker-43: Launching Controle Gastos] INFO  o.eclipse.m2e.core.internal.Bundles - 	Entry: C:\Users\willian\.p2\pool\plugins\org.eclipse.m2e.maven.runtime_3.9.700.20240602-2313\jars\maven-settings-builder-3.9.7.jar
2026-06-09 20:15:17,845 [Worker-43: Launching Controle Gastos] INFO  o.eclipse.m2e.core.internal.Bundles - 	Entry: C:\Users\willian\.p2\pool\plugins\org.eclipse.m2e.maven.runtime_3.9.700.20240602-2313\jars\maven-shared-utils-3.4.2.jar
2026-06-09 20:15:17,845 [Worker-43: Launching Controle Gastos] INFO  o.eclipse.m2e.core.internal.Bundles - 	Entry: C:\Users\willian\.p2\pool\plugins\org.eclipse.m2e.maven.runtime_3.9.700.20240602-2313\jars\org.eclipse.sisu.inject-0.9.0.M2.jar
2026-06-09 20:15:17,845 [Worker-43: Launching Controle Gastos] INFO  o.eclipse.m2e.core.internal.Bundles - 	Entry: C:\Users\willian\.p2\pool\plugins\org.eclipse.m2e.maven.runtime_3.9.700.20240602-2313\jars\org.eclipse.sisu.plexus-0.9.0.M2.jar
2026-06-09 20:15:17,845 [Worker-43: Launching Controle Gastos] INFO  o.eclipse.m2e.core.internal.Bundles - 	Entry: C:\Users\willian\.p2\pool\plugins\org.eclipse.m2e.maven.runtime_3.9.700.20240602-2313\jars\plexus-build-api-0.0.7.jar
2026-06-09 20:15:17,845 [Worker-43: Launching Controle Gastos] INFO  o.eclipse.m2e.core.internal.Bundles - 	Entry: C:\Users\willian\.p2\pool\plugins\org.eclipse.m2e.maven.runtime_3.9.700.20240602-2313\jars\plexus-build-api-1.2.0.jar
2026-06-09 20:15:17,845 [Worker-43: Launching Controle Gastos] INFO  o.eclipse.m2e.core.internal.Bundles - 	Entry: C:\Users\willian\.p2\pool\plugins\org.eclipse.m2e.maven.runtime_3.9.700.20240602-2313\jars\plexus-cipher-2.0.jar
2026-06-09 20:15:17,845 [Worker-43: Launching Controle Gastos] INFO  o.eclipse.m2e.core.internal.Bundles - 	Entry: C:\Users\willian\.p2\pool\plugins\org.eclipse.m2e.maven.runtime_3.9.700.20240602-2313\jars\plexus-classworlds-2.8.0.jar
2026-06-09 20:15:17,846 [Worker-43: Launching Controle Gastos] INFO  o.eclipse.m2e.core.internal.Bundles - 	Entry: C:\Users\willian\.p2\pool\plugins\org.eclipse.m2e.maven.runtime_3.9.700.20240602-2313\jars\plexus-component-annotations-2.1.0.jar
2026-06-09 20:15:17,846 [Worker-43: Launching Controle Gastos] INFO  o.eclipse.m2e.core.internal.Bundles - 	Entry: C:\Users\willian\.p2\pool\plugins\org.eclipse.m2e.maven.runtime_3.9.700.20240602-2313\jars\plexus-interpolation-1.27.jar
2026-06-09 20:15:17,846 [Worker-43: Launching Controle Gastos] INFO  o.eclipse.m2e.core.internal.Bundles - 	Entry: C:\Users\willian\.p2\pool\plugins\org.eclipse.m2e.maven.runtime_3.9.700.20240602-2313\jars\plexus-sec-dispatcher-2.0.jar
2026-06-09 20:15:17,846 [Worker-43: Launching Controle Gastos] INFO  o.eclipse.m2e.core.internal.Bundles - 	Entry: C:\Users\willian\.p2\pool\plugins\org.eclipse.m2e.maven.runtime_3.9.700.20240602-2313\jars\plexus-utils-3.5.1.jar
2026-06-09 20:15:17,846 [Worker-43: Launching Controle Gastos] INFO  o.eclipse.m2e.core.internal.Bundles - 	Entry: C:\Users\willian\.p2\pool\plugins\org.eclipse.m2e.maven.runtime_3.9.700.20240602-2313\jars\wagon-file-3.5.3.jar
2026-06-09 20:15:17,846 [Worker-43: Launching Controle Gastos] INFO  o.eclipse.m2e.core.internal.Bundles - 	Entry: C:\Users\willian\.p2\pool\plugins\org.eclipse.m2e.maven.runtime_3.9.700.20240602-2313\jars\wagon-http-3.5.3.jar
2026-06-09 20:15:17,846 [Worker-43: Launching Controle Gastos] INFO  o.eclipse.m2e.core.internal.Bundles - 	Entry: C:\Users\willian\.p2\pool\plugins\org.eclipse.m2e.maven.runtime_3.9.700.20240602-2313\jars\wagon-http-shared-3.5.3.jar
2026-06-09 20:15:17,846 [Worker-43: Launching Controle Gastos] INFO  o.eclipse.m2e.core.internal.Bundles - 	Entry: C:\Users\willian\.p2\pool\plugins\org.eclipse.m2e.maven.runtime_3.9.700.20240602-2313\jars\wagon-provider-api-3.5.3.jar
2026-06-09 20:15:17,847 [Worker-43: Launching Controle Gastos] INFO  o.eclipse.m2e.core.internal.Bundles - getClasspathEntries(Bundle=com.google.guava_33.2.0.jre [10])
2026-06-09 20:15:17,847 [Worker-43: Launching Controle Gastos] INFO  o.eclipse.m2e.core.internal.Bundles - 	Entry: C:\Users\willian\.p2\pool\plugins\com.google.guava_33.2.0.jre.jar
2026-06-09 20:15:17,847 [Worker-43: Launching Controle Gastos] INFO  o.eclipse.m2e.core.internal.Bundles - getClasspathEntries(Bundle=slf4j.api_2.0.13 [520])
2026-06-09 20:15:17,847 [Worker-43: Launching Controle Gastos] INFO  o.eclipse.m2e.core.internal.Bundles - 	Entry: C:\Users\willian\.p2\pool\plugins\slf4j.api_2.0.13.jar
2026-06-09 20:15:17,847 [Worker-43: Launching Controle Gastos] INFO  o.eclipse.m2e.core.internal.Bundles - getClasspathEntries(Bundle=jakarta.inject.jakarta.inject-api_1.0.5 [21])
2026-06-09 20:15:17,848 [Worker-43: Launching Controle Gastos] INFO  o.eclipse.m2e.core.internal.Bundles - 	Entry: C:\Users\willian\.p2\pool\plugins\jakarta.inject.jakarta.inject-api_1.0.5.jar
2026-06-09 20:15:17,848 [Worker-43: Launching Controle Gastos] INFO  o.eclipse.m2e.core.internal.Bundles - getClasspathEntries(Bundle=javax.annotation_1.3.5.v20200909-1856 [24])
2026-06-09 20:15:17,848 [Worker-43: Launching Controle Gastos] INFO  o.eclipse.m2e.core.internal.Bundles - 	Entry: C:\Users\willian\.p2\pool\plugins\javax.annotation_1.3.5.v20200909-1856.jar
2026-06-09 20:15:17,848 [Worker-43: Launching Controle Gastos] INFO  o.eclipse.m2e.core.internal.Bundles - getClasspathEntries(Bundle=org.apache.commons.cli_1.8.0 [47])
2026-06-09 20:15:17,848 [Worker-43: Launching Controle Gastos] INFO  o.eclipse.m2e.core.internal.Bundles - 	Entry: C:\Users\willian\.p2\pool\plugins\org.apache.commons.cli_1.8.0.jar
2026-06-09 20:15:17,848 [Worker-43: Launching Controle Gastos] INFO  o.eclipse.m2e.core.internal.Bundles - getClasspathEntries(Bundle=org.apache.commons.commons-codec_1.16.0 [48])
2026-06-09 20:15:17,848 [Worker-43: Launching Controle Gastos] INFO  o.eclipse.m2e.core.internal.Bundles - 	Entry: C:\Users\willian\.p2\pool\plugins\org.apache.commons.commons-codec_1.16.0.jar
2026-06-09 20:15:17,849 [Worker-43: Launching Controle Gastos] INFO  o.eclipse.m2e.core.internal.Bundles - getClasspathEntries(Bundle=org.apache.commons.lang3_3.14.0 [54])
2026-06-09 20:15:17,849 [Worker-43: Launching Controle Gastos] INFO  o.eclipse.m2e.core.internal.Bundles - 	Entry: C:\Users\willian\.p2\pool\plugins\org.apache.commons.lang3_3.14.0.jar
2026-06-09 20:15:17,849 [Worker-43: Launching Controle Gastos] INFO  o.eclipse.m2e.core.internal.Bundles - getClasspathEntries(Bundle=com.google.guava.failureaccess_1.0.2 [11])
2026-06-09 20:15:17,849 [Worker-43: Launching Controle Gastos] INFO  o.eclipse.m2e.core.internal.Bundles - 	Entry: C:\Users\willian\.p2\pool\plugins\com.google.guava.failureaccess_1.0.2.jar
2026-06-09 20:15:17,850 [Worker-43: Launching Controle Gastos] INFO  o.e.m.i.launch.MavenLaunchDelegate - Run build in "C:\Users\willian\Desktop\Projeto-app-controle-de-gastos-programa-o-para-resolu-o-de-problemas-2\controle-gastos":
2026-06-09 20:15:17,850 [Worker-43: Launching Controle Gastos] INFO  o.e.m.i.launch.MavenLaunchDelegate -  mvn  -B -Dstyle.color=always javafx:run
2026-06-09 20:15:35,894 [Worker-40: Launching controle-gastos (1)] INFO  o.eclipse.m2e.core.internal.Bundles - getClasspathEntries(Bundle=org.eclipse.m2e.maven.runtime_3.9.700.20240602-2313 [299])
2026-06-09 20:15:35,894 [Worker-40: Launching controle-gastos (1)] INFO  o.eclipse.m2e.core.internal.Bundles - 	Entry: C:\Users\willian\.p2\pool\plugins\org.eclipse.m2e.maven.runtime_3.9.700.20240602-2313
2026-06-09 20:15:35,894 [Worker-40: Launching controle-gastos (1)] INFO  o.eclipse.m2e.core.internal.Bundles - 	Entry: C:\Users\willian\.p2\pool\plugins\org.eclipse.m2e.maven.runtime_3.9.700.20240602-2313\jars\aopalliance-1.0.jar
2026-06-09 20:15:35,895 [Worker-40: Launching controle-gastos (1)] INFO  o.eclipse.m2e.core.internal.Bundles - 	Entry: C:\Users\willian\.p2\pool\plugins\org.eclipse.m2e.maven.runtime_3.9.700.20240602-2313\jars\guice-5.1.0.jar
2026-06-09 20:15:35,895 [Worker-40: Launching controle-gastos (1)] INFO  o.eclipse.m2e.core.internal.Bundles - 	Entry: C:\Users\willian\.p2\pool\plugins\org.eclipse.m2e.maven.runtime_3.9.700.20240602-2313\jars\httpclient-4.5.14.jar
2026-06-09 20:15:35,895 [Worker-40: Launching controle-gastos (1)] INFO  o.eclipse.m2e.core.internal.Bundles - 	Entry: C:\Users\willian\.p2\pool\plugins\org.eclipse.m2e.maven.runtime_3.9.700.20240602-2313\jars\httpcore-4.4.16.jar
2026-06-09 20:15:35,895 [Worker-40: Launching controle-gastos (1)] INFO  o.eclipse.m2e.core.internal.Bundles - 	Entry: C:\Users\willian\.p2\pool\plugins\org.eclipse.m2e.maven.runtime_3.9.700.20240602-2313\jars\jansi-2.4.1.jar
2026-06-09 20:15:35,895 [Worker-40: Launching controle-gastos (1)] INFO  o.eclipse.m2e.core.internal.Bundles - 	Entry: C:\Users\willian\.p2\pool\plugins\org.eclipse.m2e.maven.runtime_3.9.700.20240602-2313\jars\jcl-over-slf4j-1.7.36.jar
2026-06-09 20:15:35,895 [Worker-40: Launching controle-gastos (1)] INFO  o.eclipse.m2e.core.internal.Bundles - 	Entry: C:\Users\willian\.p2\pool\plugins\org.eclipse.m2e.maven.runtime_3.9.700.20240602-2313\jars\maven-artifact-3.9.7.jar
2026-06-09 20:15:35,895 [Worker-40: Launching controle-gastos (1)] INFO  o.eclipse.m2e.core.internal.Bundles - 	Entry: C:\Users\willian\.p2\pool\plugins\org.eclipse.m2e.maven.runtime_3.9.700.20240602-2313\jars\maven-builder-support-3.9.7.jar
2026-06-09 20:15:35,896 [Worker-40: Launching controle-gastos (1)] INFO  o.eclipse.m2e.core.internal.Bundles - 	Entry: C:\Users\willian\.p2\pool\plugins\org.eclipse.m2e.maven.runtime_3.9.700.20240602-2313\jars\maven-compat-3.9.7.jar
2026-06-09 20:15:35,896 [Worker-40: Launching controle-gastos (1)] INFO  o.eclipse.m2e.core.internal.Bundles - 	Entry: C:\Users\willian\.p2\pool\plugins\org.eclipse.m2e.maven.runtime_3.9.700.20240602-2313\jars\maven-core-3.9.7.jar
2026-06-09 20:15:35,896 [Worker-40: Launching controle-gastos (1)] INFO  o.eclipse.m2e.core.internal.Bundles - 	Entry: C:\Users\willian\.p2\pool\plugins\org.eclipse.m2e.maven.runtime_3.9.700.20240602-2313\jars\maven-embedder-3.9.7.jar
2026-06-09 20:15:35,896 [Worker-40: Launching controle-gastos (1)] INFO  o.eclipse.m2e.core.internal.Bundles - 	Entry: C:\Users\willian\.p2\pool\plugins\org.eclipse.m2e.maven.runtime_3.9.700.20240602-2313\jars\maven-model-3.9.7.jar
2026-06-09 20:15:35,896 [Worker-40: Launching controle-gastos (1)] INFO  o.eclipse.m2e.core.internal.Bundles - 	Entry: C:\Users\willian\.p2\pool\plugins\org.eclipse.m2e.maven.runtime_3.9.700.20240602-2313\jars\maven-model-builder-3.9.7.jar
2026-06-09 20:15:35,896 [Worker-40: Launching controle-gastos (1)] INFO  o.eclipse.m2e.core.internal.Bundles - 	Entry: C:\Users\willian\.p2\pool\plugins\org.eclipse.m2e.maven.runtime_3.9.700.20240602-2313\jars\maven-plugin-api-3.9.7.jar
2026-06-09 20:15:35,896 [Worker-40: Launching controle-gastos (1)] INFO  o.eclipse.m2e.core.internal.Bundles - 	Entry: C:\Users\willian\.p2\pool\plugins\org.eclipse.m2e.maven.runtime_3.9.700.20240602-2313\jars\maven-repository-metadata-3.9.7.jar
2026-06-09 20:15:35,897 [Worker-40: Launching controle-gastos (1)] INFO  o.eclipse.m2e.core.internal.Bundles - 	Entry: C:\Users\willian\.p2\pool\plugins\org.eclipse.m2e.maven.runtime_3.9.700.20240602-2313\jars\maven-resolver-api-1.9.20.jar
2026-06-09 20:15:35,897 [Worker-40: Launching controle-gastos (1)] INFO  o.eclipse.m2e.core.internal.Bundles - 	Entry: C:\Users\willian\.p2\pool\plugins\org.eclipse.m2e.maven.runtime_3.9.700.20240602-2313\jars\maven-resolver-connector-basic-1.9.20.jar
2026-06-09 20:15:35,897 [Worker-40: Launching controle-gastos (1)] INFO  o.eclipse.m2e.core.internal.Bundles - 	Entry: C:\Users\willian\.p2\pool\plugins\org.eclipse.m2e.maven.runtime_3.9.700.20240602-2313\jars\maven-resolver-impl-1.9.20.jar
2026-06-09 20:15:35,897 [Worker-40: Launching controle-gastos (1)] INFO  o.eclipse.m2e.core.internal.Bundles - 	Entry: C:\Users\willian\.p2\pool\plugins\org.eclipse.m2e.maven.runtime_3.9.700.20240602-2313\jars\maven-resolver-named-locks-1.9.20.jar
2026-06-09 20:15:35,897 [Worker-40: Launching controle-gastos (1)] INFO  o.eclipse.m2e.core.internal.Bundles - 	Entry: C:\Users\willian\.p2\pool\plugins\org.eclipse.m2e.maven.runtime_3.9.700.20240602-2313\jars\maven-resolver-provider-3.9.7.jar
2026-06-09 20:15:35,897 [Worker-40: Launching controle-gastos (1)] INFO  o.eclipse.m2e.core.internal.Bundles - 	Entry: C:\Users\willian\.p2\pool\plugins\org.eclipse.m2e.maven.runtime_3.9.700.20240602-2313\jars\maven-resolver-spi-1.9.20.jar
2026-06-09 20:15:35,898 [Worker-40: Launching controle-gastos (1)] INFO  o.eclipse.m2e.core.internal.Bundles - 	Entry: C:\Users\willian\.p2\pool\plugins\org.eclipse.m2e.maven.runtime_3.9.700.20240602-2313\jars\maven-resolver-transport-file-1.9.20.jar
2026-06-09 20:15:35,898 [Worker-40: Launching controle-gastos (1)] INFO  o.eclipse.m2e.core.internal.Bundles - 	Entry: C:\Users\willian\.p2\pool\plugins\org.eclipse.m2e.maven.runtime_3.9.700.20240602-2313\jars\maven-resolver-transport-http-1.9.20.jar
2026-06-09 20:15:35,898 [Worker-40: Launching controle-gastos (1)] INFO  o.eclipse.m2e.core.internal.Bundles - 	Entry: C:\Users\willian\.p2\pool\plugins\org.eclipse.m2e.maven.runtime_3.9.700.20240602-2313\jars\maven-resolver-transport-wagon-1.9.20.jar
2026-06-09 20:15:35,898 [Worker-40: Launching controle-gastos (1)] INFO  o.eclipse.m2e.core.internal.Bundles - 	Entry: C:\Users\willian\.p2\pool\plugins\org.eclipse.m2e.maven.runtime_3.9.700.20240602-2313\jars\maven-resolver-util-1.9.20.jar
2026-06-09 20:15:35,898 [Worker-40: Launching controle-gastos (1)] INFO  o.eclipse.m2e.core.internal.Bundles - 	Entry: C:\Users\willian\.p2\pool\plugins\org.eclipse.m2e.maven.runtime_3.9.700.20240602-2313\jars\maven-settings-3.9.7.jar
2026-06-09 20:15:35,898 [Worker-40: Launching controle-gastos (1)] INFO  o.eclipse.m2e.core.internal.Bundles - 	Entry: C:\Users\willian\.p2\pool\plugins\org.eclipse.m2e.maven.runtime_3.9.700.20240602-2313\jars\maven-settings-builder-3.9.7.jar
2026-06-09 20:15:35,898 [Worker-40: Launching controle-gastos (1)] INFO  o.eclipse.m2e.core.internal.Bundles - 	Entry: C:\Users\willian\.p2\pool\plugins\org.eclipse.m2e.maven.runtime_3.9.700.20240602-2313\jars\maven-shared-utils-3.4.2.jar
2026-06-09 20:15:35,898 [Worker-40: Launching controle-gastos (1)] INFO  o.eclipse.m2e.core.internal.Bundles - 	Entry: C:\Users\willian\.p2\pool\plugins\org.eclipse.m2e.maven.runtime_3.9.700.20240602-2313\jars\org.eclipse.sisu.inject-0.9.0.M2.jar
2026-06-09 20:15:35,899 [Worker-40: Launching controle-gastos (1)] INFO  o.eclipse.m2e.core.internal.Bundles - 	Entry: C:\Users\willian\.p2\pool\plugins\org.eclipse.m2e.maven.runtime_3.9.700.20240602-2313\jars\org.eclipse.sisu.plexus-0.9.0.M2.jar
2026-06-09 20:15:35,899 [Worker-40: Launching controle-gastos (1)] INFO  o.eclipse.m2e.core.internal.Bundles - 	Entry: C:\Users\willian\.p2\pool\plugins\org.eclipse.m2e.maven.runtime_3.9.700.20240602-2313\jars\plexus-build-api-0.0.7.jar
2026-06-09 20:15:35,899 [Worker-40: Launching controle-gastos (1)] INFO  o.eclipse.m2e.core.internal.Bundles - 	Entry: C:\Users\willian\.p2\pool\plugins\org.eclipse.m2e.maven.runtime_3.9.700.20240602-2313\jars\plexus-build-api-1.2.0.jar
2026-06-09 20:15:35,899 [Worker-40: Launching controle-gastos (1)] INFO  o.eclipse.m2e.core.internal.Bundles - 	Entry: C:\Users\willian\.p2\pool\plugins\org.eclipse.m2e.maven.runtime_3.9.700.20240602-2313\jars\plexus-cipher-2.0.jar
2026-06-09 20:15:35,899 [Worker-40: Launching controle-gastos (1)] INFO  o.eclipse.m2e.core.internal.Bundles - 	Entry: C:\Users\willian\.p2\pool\plugins\org.eclipse.m2e.maven.runtime_3.9.700.20240602-2313\jars\plexus-classworlds-2.8.0.jar
2026-06-09 20:15:35,899 [Worker-40: Launching controle-gastos (1)] INFO  o.eclipse.m2e.core.internal.Bundles - 	Entry: C:\Users\willian\.p2\pool\plugins\org.eclipse.m2e.maven.runtime_3.9.700.20240602-2313\jars\plexus-component-annotations-2.1.0.jar
2026-06-09 20:15:35,899 [Worker-40: Launching controle-gastos (1)] INFO  o.eclipse.m2e.core.internal.Bundles - 	Entry: C:\Users\willian\.p2\pool\plugins\org.eclipse.m2e.maven.runtime_3.9.700.20240602-2313\jars\plexus-interpolation-1.27.jar
2026-06-09 20:15:35,899 [Worker-40: Launching controle-gastos (1)] INFO  o.eclipse.m2e.core.internal.Bundles - 	Entry: C:\Users\willian\.p2\pool\plugins\org.eclipse.m2e.maven.runtime_3.9.700.20240602-2313\jars\plexus-sec-dispatcher-2.0.jar
2026-06-09 20:15:35,900 [Worker-40: Launching controle-gastos (1)] INFO  o.eclipse.m2e.core.internal.Bundles - 	Entry: C:\Users\willian\.p2\pool\plugins\org.eclipse.m2e.maven.runtime_3.9.700.20240602-2313\jars\plexus-utils-3.5.1.jar
2026-06-09 20:15:35,900 [Worker-40: Launching controle-gastos (1)] INFO  o.eclipse.m2e.core.internal.Bundles - 	Entry: C:\Users\willian\.p2\pool\plugins\org.eclipse.m2e.maven.runtime_3.9.700.20240602-2313\jars\wagon-file-3.5.3.jar
2026-06-09 20:15:35,900 [Worker-40: Launching controle-gastos (1)] INFO  o.eclipse.m2e.core.internal.Bundles - 	Entry: C:\Users\willian\.p2\pool\plugins\org.eclipse.m2e.maven.runtime_3.9.700.20240602-2313\jars\wagon-http-3.5.3.jar
2026-06-09 20:15:35,900 [Worker-40: Launching controle-gastos (1)] INFO  o.eclipse.m2e.core.internal.Bundles - 	Entry: C:\Users\willian\.p2\pool\plugins\org.eclipse.m2e.maven.runtime_3.9.700.20240602-2313\jars\wagon-http-shared-3.5.3.jar
2026-06-09 20:15:35,900 [Worker-40: Launching controle-gastos (1)] INFO  o.eclipse.m2e.core.internal.Bundles - 	Entry: C:\Users\willian\.p2\pool\plugins\org.eclipse.m2e.maven.runtime_3.9.700.20240602-2313\jars\wagon-provider-api-3.5.3.jar
2026-06-09 20:15:35,900 [Worker-40: Launching controle-gastos (1)] INFO  o.eclipse.m2e.core.internal.Bundles - getClasspathEntries(Bundle=com.google.guava_33.2.0.jre [10])
2026-06-09 20:15:35,901 [Worker-40: Launching controle-gastos (1)] INFO  o.eclipse.m2e.core.internal.Bundles - 	Entry: C:\Users\willian\.p2\pool\plugins\com.google.guava_33.2.0.jre.jar
2026-06-09 20:15:35,901 [Worker-40: Launching controle-gastos (1)] INFO  o.eclipse.m2e.core.internal.Bundles - getClasspathEntries(Bundle=slf4j.api_2.0.13 [520])
2026-06-09 20:15:35,901 [Worker-40: Launching controle-gastos (1)] INFO  o.eclipse.m2e.core.internal.Bundles - 	Entry: C:\Users\willian\.p2\pool\plugins\slf4j.api_2.0.13.jar
2026-06-09 20:15:35,901 [Worker-40: Launching controle-gastos (1)] INFO  o.eclipse.m2e.core.internal.Bundles - getClasspathEntries(Bundle=jakarta.inject.jakarta.inject-api_1.0.5 [21])
2026-06-09 20:15:35,901 [Worker-40: Launching controle-gastos (1)] INFO  o.eclipse.m2e.core.internal.Bundles - 	Entry: C:\Users\willian\.p2\pool\plugins\jakarta.inject.jakarta.inject-api_1.0.5.jar
2026-06-09 20:15:35,901 [Worker-40: Launching controle-gastos (1)] INFO  o.eclipse.m2e.core.internal.Bundles - getClasspathEntries(Bundle=javax.annotation_1.3.5.v20200909-1856 [24])
2026-06-09 20:15:35,902 [Worker-40: Launching controle-gastos (1)] INFO  o.eclipse.m2e.core.internal.Bundles - 	Entry: C:\Users\willian\.p2\pool\plugins\javax.annotation_1.3.5.v20200909-1856.jar
2026-06-09 20:15:35,902 [Worker-40: Launching controle-gastos (1)] INFO  o.eclipse.m2e.core.internal.Bundles - getClasspathEntries(Bundle=org.apache.commons.cli_1.8.0 [47])
2026-06-09 20:15:35,902 [Worker-40: Launching controle-gastos (1)] INFO  o.eclipse.m2e.core.internal.Bundles - 	Entry: C:\Users\willian\.p2\pool\plugins\org.apache.commons.cli_1.8.0.jar
2026-06-09 20:15:35,902 [Worker-40: Launching controle-gastos (1)] INFO  o.eclipse.m2e.core.internal.Bundles - getClasspathEntries(Bundle=org.apache.commons.commons-codec_1.16.0 [48])
2026-06-09 20:15:35,902 [Worker-40: Launching controle-gastos (1)] INFO  o.eclipse.m2e.core.internal.Bundles - 	Entry: C:\Users\willian\.p2\pool\plugins\org.apache.commons.commons-codec_1.16.0.jar
2026-06-09 20:15:35,902 [Worker-40: Launching controle-gastos (1)] INFO  o.eclipse.m2e.core.internal.Bundles - getClasspathEntries(Bundle=org.apache.commons.lang3_3.14.0 [54])
2026-06-09 20:15:35,903 [Worker-40: Launching controle-gastos (1)] INFO  o.eclipse.m2e.core.internal.Bundles - 	Entry: C:\Users\willian\.p2\pool\plugins\org.apache.commons.lang3_3.14.0.jar
2026-06-09 20:15:35,903 [Worker-40: Launching controle-gastos (1)] INFO  o.eclipse.m2e.core.internal.Bundles - getClasspathEntries(Bundle=com.google.guava.failureaccess_1.0.2 [11])
2026-06-09 20:15:35,903 [Worker-40: Launching controle-gastos (1)] INFO  o.eclipse.m2e.core.internal.Bundles - 	Entry: C:\Users\willian\.p2\pool\plugins\com.google.guava.failureaccess_1.0.2.jar
2026-06-09 20:15:35,904 [Worker-40: Launching controle-gastos (1)] INFO  o.e.m.i.launch.MavenLaunchDelegate - Run build in "C:\Users\willian\Desktop\Projeto-app-controle-de-gastos-programa-o-para-resolu-o-de-problemas-2\controle-gastos":
2026-06-09 20:15:35,904 [Worker-40: Launching controle-gastos (1)] INFO  o.e.m.i.launch.MavenLaunchDelegate -  mvn  -B -Dstyle.color=always javafx:run
2026-06-09 20:16:07,035 [Worker-43: Launching Controle Gastos] INFO  o.eclipse.m2e.core.internal.Bundles - getClasspathEntries(Bundle=org.eclipse.m2e.maven.runtime_3.9.700.20240602-2313 [299])
2026-06-09 20:16:07,036 [Worker-43: Launching Controle Gastos] INFO  o.eclipse.m2e.core.internal.Bundles - 	Entry: C:\Users\willian\.p2\pool\plugins\org.eclipse.m2e.maven.runtime_3.9.700.20240602-2313
2026-06-09 20:16:07,036 [Worker-43: Launching Controle Gastos] INFO  o.eclipse.m2e.core.internal.Bundles - 	Entry: C:\Users\willian\.p2\pool\plugins\org.eclipse.m2e.maven.runtime_3.9.700.20240602-2313\jars\aopalliance-1.0.jar
2026-06-09 20:16:07,036 [Worker-43: Launching Controle Gastos] INFO  o.eclipse.m2e.core.internal.Bundles - 	Entry: C:\Users\willian\.p2\pool\plugins\org.eclipse.m2e.maven.runtime_3.9.700.20240602-2313\jars\guice-5.1.0.jar
2026-06-09 20:16:07,036 [Worker-43: Launching Controle Gastos] INFO  o.eclipse.m2e.core.internal.Bundles - 	Entry: C:\Users\willian\.p2\pool\plugins\org.eclipse.m2e.maven.runtime_3.9.700.20240602-2313\jars\httpclient-4.5.14.jar
2026-06-09 20:16:07,037 [Worker-43: Launching Controle Gastos] INFO  o.eclipse.m2e.core.internal.Bundles - 	Entry: C:\Users\willian\.p2\pool\plugins\org.eclipse.m2e.maven.runtime_3.9.700.20240602-2313\jars\httpcore-4.4.16.jar
2026-06-09 20:16:07,037 [Worker-43: Launching Controle Gastos] INFO  o.eclipse.m2e.core.internal.Bundles - 	Entry: C:\Users\willian\.p2\pool\plugins\org.eclipse.m2e.maven.runtime_3.9.700.20240602-2313\jars\jansi-2.4.1.jar
2026-06-09 20:16:07,037 [Worker-43: Launching Controle Gastos] INFO  o.eclipse.m2e.core.internal.Bundles - 	Entry: C:\Users\willian\.p2\pool\plugins\org.eclipse.m2e.maven.runtime_3.9.700.20240602-2313\jars\jcl-over-slf4j-1.7.36.jar
2026-06-09 20:16:07,037 [Worker-43: Launching Controle Gastos] INFO  o.eclipse.m2e.core.internal.Bundles - 	Entry: C:\Users\willian\.p2\pool\plugins\org.eclipse.m2e.maven.runtime_3.9.700.20240602-2313\jars\maven-artifact-3.9.7.jar
2026-06-09 20:16:07,037 [Worker-43: Launching Controle Gastos] INFO  o.eclipse.m2e.core.internal.Bundles - 	Entry: C:\Users\willian\.p2\pool\plugins\org.eclipse.m2e.maven.runtime_3.9.700.20240602-2313\jars\maven-builder-support-3.9.7.jar
2026-06-09 20:16:07,038 [Worker-43: Launching Controle Gastos] INFO  o.eclipse.m2e.core.internal.Bundles - 	Entry: C:\Users\willian\.p2\pool\plugins\org.eclipse.m2e.maven.runtime_3.9.700.20240602-2313\jars\maven-compat-3.9.7.jar
2026-06-09 20:16:07,038 [Worker-43: Launching Controle Gastos] INFO  o.eclipse.m2e.core.internal.Bundles - 	Entry: C:\Users\willian\.p2\pool\plugins\org.eclipse.m2e.maven.runtime_3.9.700.20240602-2313\jars\maven-core-3.9.7.jar
2026-06-09 20:16:07,038 [Worker-43: Launching Controle Gastos] INFO  o.eclipse.m2e.core.internal.Bundles - 	Entry: C:\Users\willian\.p2\pool\plugins\org.eclipse.m2e.maven.runtime_3.9.700.20240602-2313\jars\maven-embedder-3.9.7.jar
2026-06-09 20:16:07,038 [Worker-43: Launching Controle Gastos] INFO  o.eclipse.m2e.core.internal.Bundles - 	Entry: C:\Users\willian\.p2\pool\plugins\org.eclipse.m2e.maven.runtime_3.9.700.20240602-2313\jars\maven-model-3.9.7.jar
2026-06-09 20:16:07,038 [Worker-43: Launching Controle Gastos] INFO  o.eclipse.m2e.core.internal.Bundles - 	Entry: C:\Users\willian\.p2\pool\plugins\org.eclipse.m2e.maven.runtime_3.9.700.20240602-2313\jars\maven-model-builder-3.9.7.jar
2026-06-09 20:16:07,038 [Worker-43: Launching Controle Gastos] INFO  o.eclipse.m2e.core.internal.Bundles - 	Entry: C:\Users\willian\.p2\pool\plugins\org.eclipse.m2e.maven.runtime_3.9.700.20240602-2313\jars\maven-plugin-api-3.9.7.jar
2026-06-09 20:16:07,039 [Worker-43: Launching Controle Gastos] INFO  o.eclipse.m2e.core.internal.Bundles - 	Entry: C:\Users\willian\.p2\pool\plugins\org.eclipse.m2e.maven.runtime_3.9.700.20240602-2313\jars\maven-repository-metadata-3.9.7.jar
2026-06-09 20:16:07,039 [Worker-43: Launching Controle Gastos] INFO  o.eclipse.m2e.core.internal.Bundles - 	Entry: C:\Users\willian\.p2\pool\plugins\org.eclipse.m2e.maven.runtime_3.9.700.20240602-2313\jars\maven-resolver-api-1.9.20.jar
2026-06-09 20:16:07,039 [Worker-43: Launching Controle Gastos] INFO  o.eclipse.m2e.core.internal.Bundles - 	Entry: C:\Users\willian\.p2\pool\plugins\org.eclipse.m2e.maven.runtime_3.9.700.20240602-2313\jars\maven-resolver-connector-basic-1.9.20.jar
2026-06-09 20:16:07,039 [Worker-43: Launching Controle Gastos] INFO  o.eclipse.m2e.core.internal.Bundles - 	Entry: C:\Users\willian\.p2\pool\plugins\org.eclipse.m2e.maven.runtime_3.9.700.20240602-2313\jars\maven-resolver-impl-1.9.20.jar
2026-06-09 20:16:07,039 [Worker-43: Launching Controle Gastos] INFO  o.eclipse.m2e.core.internal.Bundles - 	Entry: C:\Users\willian\.p2\pool\plugins\org.eclipse.m2e.maven.runtime_3.9.700.20240602-2313\jars\maven-resolver-named-locks-1.9.20.jar
2026-06-09 20:16:07,039 [Worker-43: Launching Controle Gastos] INFO  o.eclipse.m2e.core.internal.Bundles - 	Entry: C:\Users\willian\.p2\pool\plugins\org.eclipse.m2e.maven.runtime_3.9.700.20240602-2313\jars\maven-resolver-provider-3.9.7.jar
2026-06-09 20:16:07,039 [Worker-43: Launching Controle Gastos] INFO  o.eclipse.m2e.core.internal.Bundles - 	Entry: C:\Users\willian\.p2\pool\plugins\org.eclipse.m2e.maven.runtime_3.9.700.20240602-2313\jars\maven-resolver-spi-1.9.20.jar
2026-06-09 20:16:07,040 [Worker-43: Launching Controle Gastos] INFO  o.eclipse.m2e.core.internal.Bundles - 	Entry: C:\Users\willian\.p2\pool\plugins\org.eclipse.m2e.maven.runtime_3.9.700.20240602-2313\jars\maven-resolver-transport-file-1.9.20.jar
2026-06-09 20:16:07,040 [Worker-43: Launching Controle Gastos] INFO  o.eclipse.m2e.core.internal.Bundles - 	Entry: C:\Users\willian\.p2\pool\plugins\org.eclipse.m2e.maven.runtime_3.9.700.20240602-2313\jars\maven-resolver-transport-http-1.9.20.jar
2026-06-09 20:16:07,040 [Worker-43: Launching Controle Gastos] INFO  o.eclipse.m2e.core.internal.Bundles - 	Entry: C:\Users\willian\.p2\pool\plugins\org.eclipse.m2e.maven.runtime_3.9.700.20240602-2313\jars\maven-resolver-transport-wagon-1.9.20.jar
2026-06-09 20:16:07,040 [Worker-43: Launching Controle Gastos] INFO  o.eclipse.m2e.core.internal.Bundles - 	Entry: C:\Users\willian\.p2\pool\plugins\org.eclipse.m2e.maven.runtime_3.9.700.20240602-2313\jars\maven-resolver-util-1.9.20.jar
2026-06-09 20:16:07,040 [Worker-43: Launching Controle Gastos] INFO  o.eclipse.m2e.core.internal.Bundles - 	Entry: C:\Users\willian\.p2\pool\plugins\org.eclipse.m2e.maven.runtime_3.9.700.20240602-2313\jars\maven-settings-3.9.7.jar
2026-06-09 20:16:07,040 [Worker-43: Launching Controle Gastos] INFO  o.eclipse.m2e.core.internal.Bundles - 	Entry: C:\Users\willian\.p2\pool\plugins\org.eclipse.m2e.maven.runtime_3.9.700.20240602-2313\jars\maven-settings-builder-3.9.7.jar
2026-06-09 20:16:07,040 [Worker-43: Launching Controle Gastos] INFO  o.eclipse.m2e.core.internal.Bundles - 	Entry: C:\Users\willian\.p2\pool\plugins\org.eclipse.m2e.maven.runtime_3.9.700.20240602-2313\jars\maven-shared-utils-3.4.2.jar
2026-06-09 20:16:07,041 [Worker-43: Launching Controle Gastos] INFO  o.eclipse.m2e.core.internal.Bundles - 	Entry: C:\Users\willian\.p2\pool\plugins\org.eclipse.m2e.maven.runtime_3.9.700.20240602-2313\jars\org.eclipse.sisu.inject-0.9.0.M2.jar
2026-06-09 20:16:07,041 [Worker-43: Launching Controle Gastos] INFO  o.eclipse.m2e.core.internal.Bundles - 	Entry: C:\Users\willian\.p2\pool\plugins\org.eclipse.m2e.maven.runtime_3.9.700.20240602-2313\jars\org.eclipse.sisu.plexus-0.9.0.M2.jar
2026-06-09 20:16:07,041 [Worker-43: Launching Controle Gastos] INFO  o.eclipse.m2e.core.internal.Bundles - 	Entry: C:\Users\willian\.p2\pool\plugins\org.eclipse.m2e.maven.runtime_3.9.700.20240602-2313\jars\plexus-build-api-0.0.7.jar
2026-06-09 20:16:07,041 [Worker-43: Launching Controle Gastos] INFO  o.eclipse.m2e.core.internal.Bundles - 	Entry: C:\Users\willian\.p2\pool\plugins\org.eclipse.m2e.maven.runtime_3.9.700.20240602-2313\jars\plexus-build-api-1.2.0.jar
2026-06-09 20:16:07,041 [Worker-43: Launching Controle Gastos] INFO  o.eclipse.m2e.core.internal.Bundles - 	Entry: C:\Users\willian\.p2\pool\plugins\org.eclipse.m2e.maven.runtime_3.9.700.20240602-2313\jars\plexus-cipher-2.0.jar
2026-06-09 20:16:07,041 [Worker-43: Launching Controle Gastos] INFO  o.eclipse.m2e.core.internal.Bundles - 	Entry: C:\Users\willian\.p2\pool\plugins\org.eclipse.m2e.maven.runtime_3.9.700.20240602-2313\jars\plexus-classworlds-2.8.0.jar
2026-06-09 20:16:07,041 [Worker-43: Launching Controle Gastos] INFO  o.eclipse.m2e.core.internal.Bundles - 	Entry: C:\Users\willian\.p2\pool\plugins\org.eclipse.m2e.maven.runtime_3.9.700.20240602-2313\jars\plexus-component-annotations-2.1.0.jar
2026-06-09 20:16:07,042 [Worker-43: Launching Controle Gastos] INFO  o.eclipse.m2e.core.internal.Bundles - 	Entry: C:\Users\willian\.p2\pool\plugins\org.eclipse.m2e.maven.runtime_3.9.700.20240602-2313\jars\plexus-interpolation-1.27.jar
2026-06-09 20:16:07,042 [Worker-43: Launching Controle Gastos] INFO  o.eclipse.m2e.core.internal.Bundles - 	Entry: C:\Users\willian\.p2\pool\plugins\org.eclipse.m2e.maven.runtime_3.9.700.20240602-2313\jars\plexus-sec-dispatcher-2.0.jar
2026-06-09 20:16:07,042 [Worker-43: Launching Controle Gastos] INFO  o.eclipse.m2e.core.internal.Bundles - 	Entry: C:\Users\willian\.p2\pool\plugins\org.eclipse.m2e.maven.runtime_3.9.700.20240602-2313\jars\plexus-utils-3.5.1.jar
2026-06-09 20:16:07,042 [Worker-43: Launching Controle Gastos] INFO  o.eclipse.m2e.core.internal.Bundles - 	Entry: C:\Users\willian\.p2\pool\plugins\org.eclipse.m2e.maven.runtime_3.9.700.20240602-2313\jars\wagon-file-3.5.3.jar
2026-06-09 20:16:07,042 [Worker-43: Launching Controle Gastos] INFO  o.eclipse.m2e.core.internal.Bundles - 	Entry: C:\Users\willian\.p2\pool\plugins\org.eclipse.m2e.maven.runtime_3.9.700.20240602-2313\jars\wagon-http-3.5.3.jar
2026-06-09 20:16:07,042 [Worker-43: Launching Controle Gastos] INFO  o.eclipse.m2e.core.internal.Bundles - 	Entry: C:\Users\willian\.p2\pool\plugins\org.eclipse.m2e.maven.runtime_3.9.700.20240602-2313\jars\wagon-http-shared-3.5.3.jar
2026-06-09 20:16:07,042 [Worker-43: Launching Controle Gastos] INFO  o.eclipse.m2e.core.internal.Bundles - 	Entry: C:\Users\willian\.p2\pool\plugins\org.eclipse.m2e.maven.runtime_3.9.700.20240602-2313\jars\wagon-provider-api-3.5.3.jar
2026-06-09 20:16:07,043 [Worker-43: Launching Controle Gastos] INFO  o.eclipse.m2e.core.internal.Bundles - getClasspathEntries(Bundle=com.google.guava_33.2.0.jre [10])
2026-06-09 20:16:07,043 [Worker-43: Launching Controle Gastos] INFO  o.eclipse.m2e.core.internal.Bundles - 	Entry: C:\Users\willian\.p2\pool\plugins\com.google.guava_33.2.0.jre.jar
2026-06-09 20:16:07,043 [Worker-43: Launching Controle Gastos] INFO  o.eclipse.m2e.core.internal.Bundles - getClasspathEntries(Bundle=slf4j.api_2.0.13 [520])
2026-06-09 20:16:07,043 [Worker-43: Launching Controle Gastos] INFO  o.eclipse.m2e.core.internal.Bundles - 	Entry: C:\Users\willian\.p2\pool\plugins\slf4j.api_2.0.13.jar
2026-06-09 20:16:07,043 [Worker-43: Launching Controle Gastos] INFO  o.eclipse.m2e.core.internal.Bundles - getClasspathEntries(Bundle=jakarta.inject.jakarta.inject-api_1.0.5 [21])
2026-06-09 20:16:07,043 [Worker-43: Launching Controle Gastos] INFO  o.eclipse.m2e.core.internal.Bundles - 	Entry: C:\Users\willian\.p2\pool\plugins\jakarta.inject.jakarta.inject-api_1.0.5.jar
2026-06-09 20:16:07,043 [Worker-43: Launching Controle Gastos] INFO  o.eclipse.m2e.core.internal.Bundles - getClasspathEntries(Bundle=javax.annotation_1.3.5.v20200909-1856 [24])
2026-06-09 20:16:07,044 [Worker-43: Launching Controle Gastos] INFO  o.eclipse.m2e.core.internal.Bundles - 	Entry: C:\Users\willian\.p2\pool\plugins\javax.annotation_1.3.5.v20200909-1856.jar
2026-06-09 20:16:07,044 [Worker-43: Launching Controle Gastos] INFO  o.eclipse.m2e.core.internal.Bundles - getClasspathEntries(Bundle=org.apache.commons.cli_1.8.0 [47])
2026-06-09 20:16:07,044 [Worker-43: Launching Controle Gastos] INFO  o.eclipse.m2e.core.internal.Bundles - 	Entry: C:\Users\willian\.p2\pool\plugins\org.apache.commons.cli_1.8.0.jar
2026-06-09 20:16:07,044 [Worker-43: Launching Controle Gastos] INFO  o.eclipse.m2e.core.internal.Bundles - getClasspathEntries(Bundle=org.apache.commons.commons-codec_1.16.0 [48])
2026-06-09 20:16:07,044 [Worker-43: Launching Controle Gastos] INFO  o.eclipse.m2e.core.internal.Bundles - 	Entry: C:\Users\willian\.p2\pool\plugins\org.apache.commons.commons-codec_1.16.0.jar
2026-06-09 20:16:07,044 [Worker-43: Launching Controle Gastos] INFO  o.eclipse.m2e.core.internal.Bundles - getClasspathEntries(Bundle=org.apache.commons.lang3_3.14.0 [54])
2026-06-09 20:16:07,044 [Worker-43: Launching Controle Gastos] INFO  o.eclipse.m2e.core.internal.Bundles - 	Entry: C:\Users\willian\.p2\pool\plugins\org.apache.commons.lang3_3.14.0.jar
2026-06-09 20:16:07,044 [Worker-43: Launching Controle Gastos] INFO  o.eclipse.m2e.core.internal.Bundles - getClasspathEntries(Bundle=com.google.guava.failureaccess_1.0.2 [11])
2026-06-09 20:16:07,045 [Worker-43: Launching Controle Gastos] INFO  o.eclipse.m2e.core.internal.Bundles - 	Entry: C:\Users\willian\.p2\pool\plugins\com.google.guava.failureaccess_1.0.2.jar
2026-06-09 20:16:07,046 [Worker-43: Launching Controle Gastos] INFO  o.e.m.i.launch.MavenLaunchDelegate - Run build in "C:\Users\willian\Desktop\Projeto-app-controle-de-gastos-programa-o-para-resolu-o-de-problemas-2\controle-gastos":
2026-06-09 20:16:07,046 [Worker-43: Launching Controle Gastos] INFO  o.e.m.i.launch.MavenLaunchDelegate -  mvn  -B -Dstyle.color=always javafx:run
2026-06-09 20:16:07,151 [Worker-42: Building] INFO  o.a.m.s.f.DefaultMavenResourcesFiltering - Copying 0 resource from src\main\resources to target\classes
2026-06-09 20:16:07,154 [Worker-42: Building] INFO  o.a.m.s.f.DefaultMavenResourcesFiltering - Copying 0 resource from src\test\resources to target\test-classes
2026-06-09 20:19:15,431 [Worker-43: Building] INFO  o.a.m.s.f.DefaultMavenResourcesFiltering - Copying 0 resource from src\main\resources to target\classes
2026-06-09 20:19:15,432 [Worker-43: Building] INFO  o.a.m.s.f.DefaultMavenResourcesFiltering - Copying 0 resource from src\test\resources to target\test-classes
2026-06-09 20:19:20,627 [Worker-46: Launching Controle Gastos] INFO  o.eclipse.m2e.core.internal.Bundles - getClasspathEntries(Bundle=org.eclipse.m2e.maven.runtime_3.9.700.20240602-2313 [299])
2026-06-09 20:19:20,627 [Worker-46: Launching Controle Gastos] INFO  o.eclipse.m2e.core.internal.Bundles - 	Entry: C:\Users\willian\.p2\pool\plugins\org.eclipse.m2e.maven.runtime_3.9.700.20240602-2313
2026-06-09 20:19:20,628 [Worker-46: Launching Controle Gastos] INFO  o.eclipse.m2e.core.internal.Bundles - 	Entry: C:\Users\willian\.p2\pool\plugins\org.eclipse.m2e.maven.runtime_3.9.700.20240602-2313\jars\aopalliance-1.0.jar
2026-06-09 20:19:20,628 [Worker-46: Launching Controle Gastos] INFO  o.eclipse.m2e.core.internal.Bundles - 	Entry: C:\Users\willian\.p2\pool\plugins\org.eclipse.m2e.maven.runtime_3.9.700.20240602-2313\jars\guice-5.1.0.jar
2026-06-09 20:19:20,628 [Worker-46: Launching Controle Gastos] INFO  o.eclipse.m2e.core.internal.Bundles - 	Entry: C:\Users\willian\.p2\pool\plugins\org.eclipse.m2e.maven.runtime_3.9.700.20240602-2313\jars\httpclient-4.5.14.jar
2026-06-09 20:19:20,628 [Worker-46: Launching Controle Gastos] INFO  o.eclipse.m2e.core.internal.Bundles - 	Entry: C:\Users\willian\.p2\pool\plugins\org.eclipse.m2e.maven.runtime_3.9.700.20240602-2313\jars\httpcore-4.4.16.jar
2026-06-09 20:19:20,629 [Worker-46: Launching Controle Gastos] INFO  o.eclipse.m2e.core.internal.Bundles - 	Entry: C:\Users\willian\.p2\pool\plugins\org.eclipse.m2e.maven.runtime_3.9.700.20240602-2313\jars\jansi-2.4.1.jar
2026-06-09 20:19:20,629 [Worker-46: Launching Controle Gastos] INFO  o.eclipse.m2e.core.internal.Bundles - 	Entry: C:\Users\willian\.p2\pool\plugins\org.eclipse.m2e.maven.runtime_3.9.700.20240602-2313\jars\jcl-over-slf4j-1.7.36.jar
2026-06-09 20:19:20,629 [Worker-46: Launching Controle Gastos] INFO  o.eclipse.m2e.core.internal.Bundles - 	Entry: C:\Users\willian\.p2\pool\plugins\org.eclipse.m2e.maven.runtime_3.9.700.20240602-2313\jars\maven-artifact-3.9.7.jar
2026-06-09 20:19:20,629 [Worker-46: Launching Controle Gastos] INFO  o.eclipse.m2e.core.internal.Bundles - 	Entry: C:\Users\willian\.p2\pool\plugins\org.eclipse.m2e.maven.runtime_3.9.700.20240602-2313\jars\maven-builder-support-3.9.7.jar
2026-06-09 20:19:20,629 [Worker-46: Launching Controle Gastos] INFO  o.eclipse.m2e.core.internal.Bundles - 	Entry: C:\Users\willian\.p2\pool\plugins\org.eclipse.m2e.maven.runtime_3.9.700.20240602-2313\jars\maven-compat-3.9.7.jar
2026-06-09 20:19:20,629 [Worker-46: Launching Controle Gastos] INFO  o.eclipse.m2e.core.internal.Bundles - 	Entry: C:\Users\willian\.p2\pool\plugins\org.eclipse.m2e.maven.runtime_3.9.700.20240602-2313\jars\maven-core-3.9.7.jar
2026-06-09 20:19:20,629 [Worker-46: Launching Controle Gastos] INFO  o.eclipse.m2e.core.internal.Bundles - 	Entry: C:\Users\willian\.p2\pool\plugins\org.eclipse.m2e.maven.runtime_3.9.700.20240602-2313\jars\maven-embedder-3.9.7.jar
2026-06-09 20:19:20,629 [Worker-46: Launching Controle Gastos] INFO  o.eclipse.m2e.core.internal.Bundles - 	Entry: C:\Users\willian\.p2\pool\plugins\org.eclipse.m2e.maven.runtime_3.9.700.20240602-2313\jars\maven-model-3.9.7.jar
2026-06-09 20:19:20,630 [Worker-46: Launching Controle Gastos] INFO  o.eclipse.m2e.core.internal.Bundles - 	Entry: C:\Users\willian\.p2\pool\plugins\org.eclipse.m2e.maven.runtime_3.9.700.20240602-2313\jars\maven-model-builder-3.9.7.jar
2026-06-09 20:19:20,630 [Worker-46: Launching Controle Gastos] INFO  o.eclipse.m2e.core.internal.Bundles - 	Entry: C:\Users\willian\.p2\pool\plugins\org.eclipse.m2e.maven.runtime_3.9.700.20240602-2313\jars\maven-plugin-api-3.9.7.jar
2026-06-09 20:19:20,630 [Worker-46: Launching Controle Gastos] INFO  o.eclipse.m2e.core.internal.Bundles - 	Entry: C:\Users\willian\.p2\pool\plugins\org.eclipse.m2e.maven.runtime_3.9.700.20240602-2313\jars\maven-repository-metadata-3.9.7.jar
2026-06-09 20:19:20,630 [Worker-46: Launching Controle Gastos] INFO  o.eclipse.m2e.core.internal.Bundles - 	Entry: C:\Users\willian\.p2\pool\plugins\org.eclipse.m2e.maven.runtime_3.9.700.20240602-2313\jars\maven-resolver-api-1.9.20.jar
2026-06-09 20:19:20,630 [Worker-46: Launching Controle Gastos] INFO  o.eclipse.m2e.core.internal.Bundles - 	Entry: C:\Users\willian\.p2\pool\plugins\org.eclipse.m2e.maven.runtime_3.9.700.20240602-2313\jars\maven-resolver-connector-basic-1.9.20.jar
2026-06-09 20:19:20,630 [Worker-46: Launching Controle Gastos] INFO  o.eclipse.m2e.core.internal.Bundles - 	Entry: C:\Users\willian\.p2\pool\plugins\org.eclipse.m2e.maven.runtime_3.9.700.20240602-2313\jars\maven-resolver-impl-1.9.20.jar
2026-06-09 20:19:20,630 [Worker-46: Launching Controle Gastos] INFO  o.eclipse.m2e.core.internal.Bundles - 	Entry: C:\Users\willian\.p2\pool\plugins\org.eclipse.m2e.maven.runtime_3.9.700.20240602-2313\jars\maven-resolver-named-locks-1.9.20.jar
2026-06-09 20:19:20,630 [Worker-46: Launching Controle Gastos] INFO  o.eclipse.m2e.core.internal.Bundles - 	Entry: C:\Users\willian\.p2\pool\plugins\org.eclipse.m2e.maven.runtime_3.9.700.20240602-2313\jars\maven-resolver-provider-3.9.7.jar
2026-06-09 20:19:20,630 [Worker-46: Launching Controle Gastos] INFO  o.eclipse.m2e.core.internal.Bundles - 	Entry: C:\Users\willian\.p2\pool\plugins\org.eclipse.m2e.maven.runtime_3.9.700.20240602-2313\jars\maven-resolver-spi-1.9.20.jar
2026-06-09 20:19:20,631 [Worker-46: Launching Controle Gastos] INFO  o.eclipse.m2e.core.internal.Bundles - 	Entry: C:\Users\willian\.p2\pool\plugins\org.eclipse.m2e.maven.runtime_3.9.700.20240602-2313\jars\maven-resolver-transport-file-1.9.20.jar
2026-06-09 20:19:20,631 [Worker-46: Launching Controle Gastos] INFO  o.eclipse.m2e.core.internal.Bundles - 	Entry: C:\Users\willian\.p2\pool\plugins\org.eclipse.m2e.maven.runtime_3.9.700.20240602-2313\jars\maven-resolver-transport-http-1.9.20.jar
2026-06-09 20:19:20,631 [Worker-46: Launching Controle Gastos] INFO  o.eclipse.m2e.core.internal.Bundles - 	Entry: C:\Users\willian\.p2\pool\plugins\org.eclipse.m2e.maven.runtime_3.9.700.20240602-2313\jars\maven-resolver-transport-wagon-1.9.20.jar
2026-06-09 20:19:20,631 [Worker-46: Launching Controle Gastos] INFO  o.eclipse.m2e.core.internal.Bundles - 	Entry: C:\Users\willian\.p2\pool\plugins\org.eclipse.m2e.maven.runtime_3.9.700.20240602-2313\jars\maven-resolver-util-1.9.20.jar
2026-06-09 20:19:20,631 [Worker-46: Launching Controle Gastos] INFO  o.eclipse.m2e.core.internal.Bundles - 	Entry: C:\Users\willian\.p2\pool\plugins\org.eclipse.m2e.maven.runtime_3.9.700.20240602-2313\jars\maven-settings-3.9.7.jar
2026-06-09 20:19:20,631 [Worker-46: Launching Controle Gastos] INFO  o.eclipse.m2e.core.internal.Bundles - 	Entry: C:\Users\willian\.p2\pool\plugins\org.eclipse.m2e.maven.runtime_3.9.700.20240602-2313\jars\maven-settings-builder-3.9.7.jar
2026-06-09 20:19:20,631 [Worker-46: Launching Controle Gastos] INFO  o.eclipse.m2e.core.internal.Bundles - 	Entry: C:\Users\willian\.p2\pool\plugins\org.eclipse.m2e.maven.runtime_3.9.700.20240602-2313\jars\maven-shared-utils-3.4.2.jar
2026-06-09 20:19:20,631 [Worker-46: Launching Controle Gastos] INFO  o.eclipse.m2e.core.internal.Bundles - 	Entry: C:\Users\willian\.p2\pool\plugins\org.eclipse.m2e.maven.runtime_3.9.700.20240602-2313\jars\org.eclipse.sisu.inject-0.9.0.M2.jar
2026-06-09 20:19:20,632 [Worker-46: Launching Controle Gastos] INFO  o.eclipse.m2e.core.internal.Bundles - 	Entry: C:\Users\willian\.p2\pool\plugins\org.eclipse.m2e.maven.runtime_3.9.700.20240602-2313\jars\org.eclipse.sisu.plexus-0.9.0.M2.jar
2026-06-09 20:19:20,632 [Worker-46: Launching Controle Gastos] INFO  o.eclipse.m2e.core.internal.Bundles - 	Entry: C:\Users\willian\.p2\pool\plugins\org.eclipse.m2e.maven.runtime_3.9.700.20240602-2313\jars\plexus-build-api-0.0.7.jar
2026-06-09 20:19:20,632 [Worker-46: Launching Controle Gastos] INFO  o.eclipse.m2e.core.internal.Bundles - 	Entry: C:\Users\willian\.p2\pool\plugins\org.eclipse.m2e.maven.runtime_3.9.700.20240602-2313\jars\plexus-build-api-1.2.0.jar
2026-06-09 20:19:20,632 [Worker-46: Launching Controle Gastos] INFO  o.eclipse.m2e.core.internal.Bundles - 	Entry: C:\Users\willian\.p2\pool\plugins\org.eclipse.m2e.maven.runtime_3.9.700.20240602-2313\jars\plexus-cipher-2.0.jar
2026-06-09 20:19:20,632 [Worker-46: Launching Controle Gastos] INFO  o.eclipse.m2e.core.internal.Bundles - 	Entry: C:\Users\willian\.p2\pool\plugins\org.eclipse.m2e.maven.runtime_3.9.700.20240602-2313\jars\plexus-classworlds-2.8.0.jar
2026-06-09 20:19:20,632 [Worker-46: Launching Controle Gastos] INFO  o.eclipse.m2e.core.internal.Bundles - 	Entry: C:\Users\willian\.p2\pool\plugins\org.eclipse.m2e.maven.runtime_3.9.700.20240602-2313\jars\plexus-component-annotations-2.1.0.jar
2026-06-09 20:19:20,632 [Worker-46: Launching Controle Gastos] INFO  o.eclipse.m2e.core.internal.Bundles - 	Entry: C:\Users\willian\.p2\pool\plugins\org.eclipse.m2e.maven.runtime_3.9.700.20240602-2313\jars\plexus-interpolation-1.27.jar
2026-06-09 20:19:20,632 [Worker-46: Launching Controle Gastos] INFO  o.eclipse.m2e.core.internal.Bundles - 	Entry: C:\Users\willian\.p2\pool\plugins\org.eclipse.m2e.maven.runtime_3.9.700.20240602-2313\jars\plexus-sec-dispatcher-2.0.jar
2026-06-09 20:19:20,633 [Worker-46: Launching Controle Gastos] INFO  o.eclipse.m2e.core.internal.Bundles - 	Entry: C:\Users\willian\.p2\pool\plugins\org.eclipse.m2e.maven.runtime_3.9.700.20240602-2313\jars\plexus-utils-3.5.1.jar
2026-06-09 20:19:20,633 [Worker-46: Launching Controle Gastos] INFO  o.eclipse.m2e.core.internal.Bundles - 	Entry: C:\Users\willian\.p2\pool\plugins\org.eclipse.m2e.maven.runtime_3.9.700.20240602-2313\jars\wagon-file-3.5.3.jar
2026-06-09 20:19:20,633 [Worker-46: Launching Controle Gastos] INFO  o.eclipse.m2e.core.internal.Bundles - 	Entry: C:\Users\willian\.p2\pool\plugins\org.eclipse.m2e.maven.runtime_3.9.700.20240602-2313\jars\wagon-http-3.5.3.jar
2026-06-09 20:19:20,633 [Worker-46: Launching Controle Gastos] INFO  o.eclipse.m2e.core.internal.Bundles - 	Entry: C:\Users\willian\.p2\pool\plugins\org.eclipse.m2e.maven.runtime_3.9.700.20240602-2313\jars\wagon-http-shared-3.5.3.jar
2026-06-09 20:19:20,633 [Worker-46: Launching Controle Gastos] INFO  o.eclipse.m2e.core.internal.Bundles - 	Entry: C:\Users\willian\.p2\pool\plugins\org.eclipse.m2e.maven.runtime_3.9.700.20240602-2313\jars\wagon-provider-api-3.5.3.jar
2026-06-09 20:19:20,633 [Worker-46: Launching Controle Gastos] INFO  o.eclipse.m2e.core.internal.Bundles - getClasspathEntries(Bundle=com.google.guava_33.2.0.jre [10])
2026-06-09 20:19:20,634 [Worker-46: Launching Controle Gastos] INFO  o.eclipse.m2e.core.internal.Bundles - 	Entry: C:\Users\willian\.p2\pool\plugins\com.google.guava_33.2.0.jre.jar
2026-06-09 20:19:20,634 [Worker-46: Launching Controle Gastos] INFO  o.eclipse.m2e.core.internal.Bundles - getClasspathEntries(Bundle=slf4j.api_2.0.13 [520])
2026-06-09 20:19:20,634 [Worker-46: Launching Controle Gastos] INFO  o.eclipse.m2e.core.internal.Bundles - 	Entry: C:\Users\willian\.p2\pool\plugins\slf4j.api_2.0.13.jar
2026-06-09 20:19:20,634 [Worker-46: Launching Controle Gastos] INFO  o.eclipse.m2e.core.internal.Bundles - getClasspathEntries(Bundle=jakarta.inject.jakarta.inject-api_1.0.5 [21])
2026-06-09 20:19:20,634 [Worker-46: Launching Controle Gastos] INFO  o.eclipse.m2e.core.internal.Bundles - 	Entry: C:\Users\willian\.p2\pool\plugins\jakarta.inject.jakarta.inject-api_1.0.5.jar
2026-06-09 20:19:20,634 [Worker-46: Launching Controle Gastos] INFO  o.eclipse.m2e.core.internal.Bundles - getClasspathEntries(Bundle=javax.annotation_1.3.5.v20200909-1856 [24])
2026-06-09 20:19:20,634 [Worker-46: Launching Controle Gastos] INFO  o.eclipse.m2e.core.internal.Bundles - 	Entry: C:\Users\willian\.p2\pool\plugins\javax.annotation_1.3.5.v20200909-1856.jar
2026-06-09 20:19:20,634 [Worker-46: Launching Controle Gastos] INFO  o.eclipse.m2e.core.internal.Bundles - getClasspathEntries(Bundle=org.apache.commons.cli_1.8.0 [47])
2026-06-09 20:19:20,635 [Worker-46: Launching Controle Gastos] INFO  o.eclipse.m2e.core.internal.Bundles - 	Entry: C:\Users\willian\.p2\pool\plugins\org.apache.commons.cli_1.8.0.jar
2026-06-09 20:19:20,635 [Worker-46: Launching Controle Gastos] INFO  o.eclipse.m2e.core.internal.Bundles - getClasspathEntries(Bundle=org.apache.commons.commons-codec_1.16.0 [48])
2026-06-09 20:19:20,635 [Worker-46: Launching Controle Gastos] INFO  o.eclipse.m2e.core.internal.Bundles - 	Entry: C:\Users\willian\.p2\pool\plugins\org.apache.commons.commons-codec_1.16.0.jar
2026-06-09 20:19:20,635 [Worker-46: Launching Controle Gastos] INFO  o.eclipse.m2e.core.internal.Bundles - getClasspathEntries(Bundle=org.apache.commons.lang3_3.14.0 [54])
2026-06-09 20:19:20,635 [Worker-46: Launching Controle Gastos] INFO  o.eclipse.m2e.core.internal.Bundles - 	Entry: C:\Users\willian\.p2\pool\plugins\org.apache.commons.lang3_3.14.0.jar
2026-06-09 20:19:20,635 [Worker-46: Launching Controle Gastos] INFO  o.eclipse.m2e.core.internal.Bundles - getClasspathEntries(Bundle=com.google.guava.failureaccess_1.0.2 [11])
2026-06-09 20:19:20,635 [Worker-46: Launching Controle Gastos] INFO  o.eclipse.m2e.core.internal.Bundles - 	Entry: C:\Users\willian\.p2\pool\plugins\com.google.guava.failureaccess_1.0.2.jar
2026-06-09 20:19:20,637 [Worker-46: Launching Controle Gastos] INFO  o.e.m.i.launch.MavenLaunchDelegate - Run build in "C:\Users\willian\Desktop\Projeto-app-controle-de-gastos-programa-o-para-resolu-o-de-problemas-2\controle-gastos":
2026-06-09 20:19:20,637 [Worker-46: Launching Controle Gastos] INFO  o.e.m.i.launch.MavenLaunchDelegate -  mvn  -B -Dstyle.color=always javafx:run
2026-06-09 20:19:57,261 [Worker-45: Building] INFO  o.a.m.s.f.DefaultMavenResourcesFiltering - Copying 0 resource from src\main\resources to target\classes
2026-06-09 20:19:57,263 [Worker-45: Building] INFO  o.a.m.s.f.DefaultMavenResourcesFiltering - Copying 0 resource from src\test\resources to target\test-classes
2026-06-09 20:20:38,002 [Worker-47: Launching Controle Gastos] INFO  o.eclipse.m2e.core.internal.Bundles - getClasspathEntries(Bundle=org.eclipse.m2e.maven.runtime_3.9.700.20240602-2313 [299])
2026-06-09 20:20:38,003 [Worker-47: Launching Controle Gastos] INFO  o.eclipse.m2e.core.internal.Bundles - 	Entry: C:\Users\willian\.p2\pool\plugins\org.eclipse.m2e.maven.runtime_3.9.700.20240602-2313
2026-06-09 20:20:38,003 [Worker-47: Launching Controle Gastos] INFO  o.eclipse.m2e.core.internal.Bundles - 	Entry: C:\Users\willian\.p2\pool\plugins\org.eclipse.m2e.maven.runtime_3.9.700.20240602-2313\jars\aopalliance-1.0.jar
2026-06-09 20:20:38,003 [Worker-47: Launching Controle Gastos] INFO  o.eclipse.m2e.core.internal.Bundles - 	Entry: C:\Users\willian\.p2\pool\plugins\org.eclipse.m2e.maven.runtime_3.9.700.20240602-2313\jars\guice-5.1.0.jar
2026-06-09 20:20:38,003 [Worker-47: Launching Controle Gastos] INFO  o.eclipse.m2e.core.internal.Bundles - 	Entry: C:\Users\willian\.p2\pool\plugins\org.eclipse.m2e.maven.runtime_3.9.700.20240602-2313\jars\httpclient-4.5.14.jar
2026-06-09 20:20:38,003 [Worker-47: Launching Controle Gastos] INFO  o.eclipse.m2e.core.internal.Bundles - 	Entry: C:\Users\willian\.p2\pool\plugins\org.eclipse.m2e.maven.runtime_3.9.700.20240602-2313\jars\httpcore-4.4.16.jar
2026-06-09 20:20:38,003 [Worker-47: Launching Controle Gastos] INFO  o.eclipse.m2e.core.internal.Bundles - 	Entry: C:\Users\willian\.p2\pool\plugins\org.eclipse.m2e.maven.runtime_3.9.700.20240602-2313\jars\jansi-2.4.1.jar
2026-06-09 20:20:38,004 [Worker-47: Launching Controle Gastos] INFO  o.eclipse.m2e.core.internal.Bundles - 	Entry: C:\Users\willian\.p2\pool\plugins\org.eclipse.m2e.maven.runtime_3.9.700.20240602-2313\jars\jcl-over-slf4j-1.7.36.jar
2026-06-09 20:20:38,004 [Worker-47: Launching Controle Gastos] INFO  o.eclipse.m2e.core.internal.Bundles - 	Entry: C:\Users\willian\.p2\pool\plugins\org.eclipse.m2e.maven.runtime_3.9.700.20240602-2313\jars\maven-artifact-3.9.7.jar
2026-06-09 20:20:38,004 [Worker-47: Launching Controle Gastos] INFO  o.eclipse.m2e.core.internal.Bundles - 	Entry: C:\Users\willian\.p2\pool\plugins\org.eclipse.m2e.maven.runtime_3.9.700.20240602-2313\jars\maven-builder-support-3.9.7.jar
2026-06-09 20:20:38,004 [Worker-47: Launching Controle Gastos] INFO  o.eclipse.m2e.core.internal.Bundles - 	Entry: C:\Users\willian\.p2\pool\plugins\org.eclipse.m2e.maven.runtime_3.9.700.20240602-2313\jars\maven-compat-3.9.7.jar
2026-06-09 20:20:38,004 [Worker-47: Launching Controle Gastos] INFO  o.eclipse.m2e.core.internal.Bundles - 	Entry: C:\Users\willian\.p2\pool\plugins\org.eclipse.m2e.maven.runtime_3.9.700.20240602-2313\jars\maven-core-3.9.7.jar
2026-06-09 20:20:38,004 [Worker-47: Launching Controle Gastos] INFO  o.eclipse.m2e.core.internal.Bundles - 	Entry: C:\Users\willian\.p2\pool\plugins\org.eclipse.m2e.maven.runtime_3.9.700.20240602-2313\jars\maven-embedder-3.9.7.jar
2026-06-09 20:20:38,004 [Worker-47: Launching Controle Gastos] INFO  o.eclipse.m2e.core.internal.Bundles - 	Entry: C:\Users\willian\.p2\pool\plugins\org.eclipse.m2e.maven.runtime_3.9.700.20240602-2313\jars\maven-model-3.9.7.jar
2026-06-09 20:20:38,005 [Worker-47: Launching Controle Gastos] INFO  o.eclipse.m2e.core.internal.Bundles - 	Entry: C:\Users\willian\.p2\pool\plugins\org.eclipse.m2e.maven.runtime_3.9.700.20240602-2313\jars\maven-model-builder-3.9.7.jar
2026-06-09 20:20:38,005 [Worker-47: Launching Controle Gastos] INFO  o.eclipse.m2e.core.internal.Bundles - 	Entry: C:\Users\willian\.p2\pool\plugins\org.eclipse.m2e.maven.runtime_3.9.700.20240602-2313\jars\maven-plugin-api-3.9.7.jar
2026-06-09 20:20:38,005 [Worker-47: Launching Controle Gastos] INFO  o.eclipse.m2e.core.internal.Bundles - 	Entry: C:\Users\willian\.p2\pool\plugins\org.eclipse.m2e.maven.runtime_3.9.700.20240602-2313\jars\maven-repository-metadata-3.9.7.jar
2026-06-09 20:20:38,005 [Worker-47: Launching Controle Gastos] INFO  o.eclipse.m2e.core.internal.Bundles - 	Entry: C:\Users\willian\.p2\pool\plugins\org.eclipse.m2e.maven.runtime_3.9.700.20240602-2313\jars\maven-resolver-api-1.9.20.jar
2026-06-09 20:20:38,005 [Worker-47: Launching Controle Gastos] INFO  o.eclipse.m2e.core.internal.Bundles - 	Entry: C:\Users\willian\.p2\pool\plugins\org.eclipse.m2e.maven.runtime_3.9.700.20240602-2313\jars\maven-resolver-connector-basic-1.9.20.jar
2026-06-09 20:20:38,005 [Worker-47: Launching Controle Gastos] INFO  o.eclipse.m2e.core.internal.Bundles - 	Entry: C:\Users\willian\.p2\pool\plugins\org.eclipse.m2e.maven.runtime_3.9.700.20240602-2313\jars\maven-resolver-impl-1.9.20.jar
2026-06-09 20:20:38,006 [Worker-47: Launching Controle Gastos] INFO  o.eclipse.m2e.core.internal.Bundles - 	Entry: C:\Users\willian\.p2\pool\plugins\org.eclipse.m2e.maven.runtime_3.9.700.20240602-2313\jars\maven-resolver-named-locks-1.9.20.jar
2026-06-09 20:20:38,006 [Worker-47: Launching Controle Gastos] INFO  o.eclipse.m2e.core.internal.Bundles - 	Entry: C:\Users\willian\.p2\pool\plugins\org.eclipse.m2e.maven.runtime_3.9.700.20240602-2313\jars\maven-resolver-provider-3.9.7.jar
2026-06-09 20:20:38,006 [Worker-47: Launching Controle Gastos] INFO  o.eclipse.m2e.core.internal.Bundles - 	Entry: C:\Users\willian\.p2\pool\plugins\org.eclipse.m2e.maven.runtime_3.9.700.20240602-2313\jars\maven-resolver-spi-1.9.20.jar
2026-06-09 20:20:38,006 [Worker-47: Launching Controle Gastos] INFO  o.eclipse.m2e.core.internal.Bundles - 	Entry: C:\Users\willian\.p2\pool\plugins\org.eclipse.m2e.maven.runtime_3.9.700.20240602-2313\jars\maven-resolver-transport-file-1.9.20.jar
2026-06-09 20:20:38,006 [Worker-47: Launching Controle Gastos] INFO  o.eclipse.m2e.core.internal.Bundles - 	Entry: C:\Users\willian\.p2\pool\plugins\org.eclipse.m2e.maven.runtime_3.9.700.20240602-2313\jars\maven-resolver-transport-http-1.9.20.jar
2026-06-09 20:20:38,006 [Worker-47: Launching Controle Gastos] INFO  o.eclipse.m2e.core.internal.Bundles - 	Entry: C:\Users\willian\.p2\pool\plugins\org.eclipse.m2e.maven.runtime_3.9.700.20240602-2313\jars\maven-resolver-transport-wagon-1.9.20.jar
2026-06-09 20:20:38,006 [Worker-47: Launching Controle Gastos] INFO  o.eclipse.m2e.core.internal.Bundles - 	Entry: C:\Users\willian\.p2\pool\plugins\org.eclipse.m2e.maven.runtime_3.9.700.20240602-2313\jars\maven-resolver-util-1.9.20.jar
2026-06-09 20:20:38,006 [Worker-47: Launching Controle Gastos] INFO  o.eclipse.m2e.core.internal.Bundles - 	Entry: C:\Users\willian\.p2\pool\plugins\org.eclipse.m2e.maven.runtime_3.9.700.20240602-2313\jars\maven-settings-3.9.7.jar
2026-06-09 20:20:38,006 [Worker-47: Launching Controle Gastos] INFO  o.eclipse.m2e.core.internal.Bundles - 	Entry: C:\Users\willian\.p2\pool\plugins\org.eclipse.m2e.maven.runtime_3.9.700.20240602-2313\jars\maven-settings-builder-3.9.7.jar
2026-06-09 20:20:38,007 [Worker-47: Launching Controle Gastos] INFO  o.eclipse.m2e.core.internal.Bundles - 	Entry: C:\Users\willian\.p2\pool\plugins\org.eclipse.m2e.maven.runtime_3.9.700.20240602-2313\jars\maven-shared-utils-3.4.2.jar
2026-06-09 20:20:38,007 [Worker-47: Launching Controle Gastos] INFO  o.eclipse.m2e.core.internal.Bundles - 	Entry: C:\Users\willian\.p2\pool\plugins\org.eclipse.m2e.maven.runtime_3.9.700.20240602-2313\jars\org.eclipse.sisu.inject-0.9.0.M2.jar
2026-06-09 20:20:38,007 [Worker-47: Launching Controle Gastos] INFO  o.eclipse.m2e.core.internal.Bundles - 	Entry: C:\Users\willian\.p2\pool\plugins\org.eclipse.m2e.maven.runtime_3.9.700.20240602-2313\jars\org.eclipse.sisu.plexus-0.9.0.M2.jar
2026-06-09 20:20:38,007 [Worker-47: Launching Controle Gastos] INFO  o.eclipse.m2e.core.internal.Bundles - 	Entry: C:\Users\willian\.p2\pool\plugins\org.eclipse.m2e.maven.runtime_3.9.700.20240602-2313\jars\plexus-build-api-0.0.7.jar
2026-06-09 20:20:38,007 [Worker-47: Launching Controle Gastos] INFO  o.eclipse.m2e.core.internal.Bundles - 	Entry: C:\Users\willian\.p2\pool\plugins\org.eclipse.m2e.maven.runtime_3.9.700.20240602-2313\jars\plexus-build-api-1.2.0.jar
2026-06-09 20:20:38,007 [Worker-47: Launching Controle Gastos] INFO  o.eclipse.m2e.core.internal.Bundles - 	Entry: C:\Users\willian\.p2\pool\plugins\org.eclipse.m2e.maven.runtime_3.9.700.20240602-2313\jars\plexus-cipher-2.0.jar
2026-06-09 20:20:38,007 [Worker-47: Launching Controle Gastos] INFO  o.eclipse.m2e.core.internal.Bundles - 	Entry: C:\Users\willian\.p2\pool\plugins\org.eclipse.m2e.maven.runtime_3.9.700.20240602-2313\jars\plexus-classworlds-2.8.0.jar
2026-06-09 20:20:38,007 [Worker-47: Launching Controle Gastos] INFO  o.eclipse.m2e.core.internal.Bundles - 	Entry: C:\Users\willian\.p2\pool\plugins\org.eclipse.m2e.maven.runtime_3.9.700.20240602-2313\jars\plexus-component-annotations-2.1.0.jar
2026-06-09 20:20:38,008 [Worker-47: Launching Controle Gastos] INFO  o.eclipse.m2e.core.internal.Bundles - 	Entry: C:\Users\willian\.p2\pool\plugins\org.eclipse.m2e.maven.runtime_3.9.700.20240602-2313\jars\plexus-interpolation-1.27.jar
2026-06-09 20:20:38,008 [Worker-47: Launching Controle Gastos] INFO  o.eclipse.m2e.core.internal.Bundles - 	Entry: C:\Users\willian\.p2\pool\plugins\org.eclipse.m2e.maven.runtime_3.9.700.20240602-2313\jars\plexus-sec-dispatcher-2.0.jar
2026-06-09 20:20:38,008 [Worker-47: Launching Controle Gastos] INFO  o.eclipse.m2e.core.internal.Bundles - 	Entry: C:\Users\willian\.p2\pool\plugins\org.eclipse.m2e.maven.runtime_3.9.700.20240602-2313\jars\plexus-utils-3.5.1.jar
2026-06-09 20:20:38,008 [Worker-47: Launching Controle Gastos] INFO  o.eclipse.m2e.core.internal.Bundles - 	Entry: C:\Users\willian\.p2\pool\plugins\org.eclipse.m2e.maven.runtime_3.9.700.20240602-2313\jars\wagon-file-3.5.3.jar
2026-06-09 20:20:38,008 [Worker-47: Launching Controle Gastos] INFO  o.eclipse.m2e.core.internal.Bundles - 	Entry: C:\Users\willian\.p2\pool\plugins\org.eclipse.m2e.maven.runtime_3.9.700.20240602-2313\jars\wagon-http-3.5.3.jar
2026-06-09 20:20:38,008 [Worker-47: Launching Controle Gastos] INFO  o.eclipse.m2e.core.internal.Bundles - 	Entry: C:\Users\willian\.p2\pool\plugins\org.eclipse.m2e.maven.runtime_3.9.700.20240602-2313\jars\wagon-http-shared-3.5.3.jar
2026-06-09 20:20:38,008 [Worker-47: Launching Controle Gastos] INFO  o.eclipse.m2e.core.internal.Bundles - 	Entry: C:\Users\willian\.p2\pool\plugins\org.eclipse.m2e.maven.runtime_3.9.700.20240602-2313\jars\wagon-provider-api-3.5.3.jar
2026-06-09 20:20:38,008 [Worker-47: Launching Controle Gastos] INFO  o.eclipse.m2e.core.internal.Bundles - getClasspathEntries(Bundle=com.google.guava_33.2.0.jre [10])
2026-06-09 20:20:38,009 [Worker-47: Launching Controle Gastos] INFO  o.eclipse.m2e.core.internal.Bundles - 	Entry: C:\Users\willian\.p2\pool\plugins\com.google.guava_33.2.0.jre.jar
2026-06-09 20:20:38,009 [Worker-47: Launching Controle Gastos] INFO  o.eclipse.m2e.core.internal.Bundles - getClasspathEntries(Bundle=slf4j.api_2.0.13 [520])
2026-06-09 20:20:38,009 [Worker-47: Launching Controle Gastos] INFO  o.eclipse.m2e.core.internal.Bundles - 	Entry: C:\Users\willian\.p2\pool\plugins\slf4j.api_2.0.13.jar
2026-06-09 20:20:38,009 [Worker-47: Launching Controle Gastos] INFO  o.eclipse.m2e.core.internal.Bundles - getClasspathEntries(Bundle=jakarta.inject.jakarta.inject-api_1.0.5 [21])
2026-06-09 20:20:38,009 [Worker-47: Launching Controle Gastos] INFO  o.eclipse.m2e.core.internal.Bundles - 	Entry: C:\Users\willian\.p2\pool\plugins\jakarta.inject.jakarta.inject-api_1.0.5.jar
2026-06-09 20:20:38,009 [Worker-47: Launching Controle Gastos] INFO  o.eclipse.m2e.core.internal.Bundles - getClasspathEntries(Bundle=javax.annotation_1.3.5.v20200909-1856 [24])
2026-06-09 20:20:38,009 [Worker-47: Launching Controle Gastos] INFO  o.eclipse.m2e.core.internal.Bundles - 	Entry: C:\Users\willian\.p2\pool\plugins\javax.annotation_1.3.5.v20200909-1856.jar
2026-06-09 20:20:38,010 [Worker-47: Launching Controle Gastos] INFO  o.eclipse.m2e.core.internal.Bundles - getClasspathEntries(Bundle=org.apache.commons.cli_1.8.0 [47])
2026-06-09 20:20:38,010 [Worker-47: Launching Controle Gastos] INFO  o.eclipse.m2e.core.internal.Bundles - 	Entry: C:\Users\willian\.p2\pool\plugins\org.apache.commons.cli_1.8.0.jar
2026-06-09 20:20:38,010 [Worker-47: Launching Controle Gastos] INFO  o.eclipse.m2e.core.internal.Bundles - getClasspathEntries(Bundle=org.apache.commons.commons-codec_1.16.0 [48])
2026-06-09 20:20:38,010 [Worker-47: Launching Controle Gastos] INFO  o.eclipse.m2e.core.internal.Bundles - 	Entry: C:\Users\willian\.p2\pool\plugins\org.apache.commons.commons-codec_1.16.0.jar
2026-06-09 20:20:38,010 [Worker-47: Launching Controle Gastos] INFO  o.eclipse.m2e.core.internal.Bundles - getClasspathEntries(Bundle=org.apache.commons.lang3_3.14.0 [54])
2026-06-09 20:20:38,010 [Worker-47: Launching Controle Gastos] INFO  o.eclipse.m2e.core.internal.Bundles - 	Entry: C:\Users\willian\.p2\pool\plugins\org.apache.commons.lang3_3.14.0.jar
2026-06-09 20:20:38,010 [Worker-47: Launching Controle Gastos] INFO  o.eclipse.m2e.core.internal.Bundles - getClasspathEntries(Bundle=com.google.guava.failureaccess_1.0.2 [11])
2026-06-09 20:20:38,010 [Worker-47: Launching Controle Gastos] INFO  o.eclipse.m2e.core.internal.Bundles - 	Entry: C:\Users\willian\.p2\pool\plugins\com.google.guava.failureaccess_1.0.2.jar
2026-06-09 20:20:38,012 [Worker-47: Launching Controle Gastos] INFO  o.e.m.i.launch.MavenLaunchDelegate - Run build in "C:\Users\willian\Desktop\Projeto-app-controle-de-gastos-programa-o-para-resolu-o-de-problemas-2\controle-gastos":
2026-06-09 20:20:38,012 [Worker-47: Launching Controle Gastos] INFO  o.e.m.i.launch.MavenLaunchDelegate -  mvn  -B -Dstyle.color=always javafx:run
2026-06-09 20:20:50,850 [Worker-45: Launching Controle Gastos] INFO  o.eclipse.m2e.core.internal.Bundles - getClasspathEntries(Bundle=org.eclipse.m2e.maven.runtime_3.9.700.20240602-2313 [299])
2026-06-09 20:20:50,851 [Worker-45: Launching Controle Gastos] INFO  o.eclipse.m2e.core.internal.Bundles - 	Entry: C:\Users\willian\.p2\pool\plugins\org.eclipse.m2e.maven.runtime_3.9.700.20240602-2313
2026-06-09 20:20:50,851 [Worker-45: Launching Controle Gastos] INFO  o.eclipse.m2e.core.internal.Bundles - 	Entry: C:\Users\willian\.p2\pool\plugins\org.eclipse.m2e.maven.runtime_3.9.700.20240602-2313\jars\aopalliance-1.0.jar
2026-06-09 20:20:50,851 [Worker-45: Launching Controle Gastos] INFO  o.eclipse.m2e.core.internal.Bundles - 	Entry: C:\Users\willian\.p2\pool\plugins\org.eclipse.m2e.maven.runtime_3.9.700.20240602-2313\jars\guice-5.1.0.jar
2026-06-09 20:20:50,851 [Worker-45: Launching Controle Gastos] INFO  o.eclipse.m2e.core.internal.Bundles - 	Entry: C:\Users\willian\.p2\pool\plugins\org.eclipse.m2e.maven.runtime_3.9.700.20240602-2313\jars\httpclient-4.5.14.jar
2026-06-09 20:20:50,851 [Worker-45: Launching Controle Gastos] INFO  o.eclipse.m2e.core.internal.Bundles - 	Entry: C:\Users\willian\.p2\pool\plugins\org.eclipse.m2e.maven.runtime_3.9.700.20240602-2313\jars\httpcore-4.4.16.jar
2026-06-09 20:20:50,852 [Worker-45: Launching Controle Gastos] INFO  o.eclipse.m2e.core.internal.Bundles - 	Entry: C:\Users\willian\.p2\pool\plugins\org.eclipse.m2e.maven.runtime_3.9.700.20240602-2313\jars\jansi-2.4.1.jar
2026-06-09 20:20:50,852 [Worker-45: Launching Controle Gastos] INFO  o.eclipse.m2e.core.internal.Bundles - 	Entry: C:\Users\willian\.p2\pool\plugins\org.eclipse.m2e.maven.runtime_3.9.700.20240602-2313\jars\jcl-over-slf4j-1.7.36.jar
2026-06-09 20:20:50,852 [Worker-45: Launching Controle Gastos] INFO  o.eclipse.m2e.core.internal.Bundles - 	Entry: C:\Users\willian\.p2\pool\plugins\org.eclipse.m2e.maven.runtime_3.9.700.20240602-2313\jars\maven-artifact-3.9.7.jar
2026-06-09 20:20:50,852 [Worker-45: Launching Controle Gastos] INFO  o.eclipse.m2e.core.internal.Bundles - 	Entry: C:\Users\willian\.p2\pool\plugins\org.eclipse.m2e.maven.runtime_3.9.700.20240602-2313\jars\maven-builder-support-3.9.7.jar
2026-06-09 20:20:50,852 [Worker-45: Launching Controle Gastos] INFO  o.eclipse.m2e.core.internal.Bundles - 	Entry: C:\Users\willian\.p2\pool\plugins\org.eclipse.m2e.maven.runtime_3.9.700.20240602-2313\jars\maven-compat-3.9.7.jar
2026-06-09 20:20:50,852 [Worker-45: Launching Controle Gastos] INFO  o.eclipse.m2e.core.internal.Bundles - 	Entry: C:\Users\willian\.p2\pool\plugins\org.eclipse.m2e.maven.runtime_3.9.700.20240602-2313\jars\maven-core-3.9.7.jar
2026-06-09 20:20:50,852 [Worker-45: Launching Controle Gastos] INFO  o.eclipse.m2e.core.internal.Bundles - 	Entry: C:\Users\willian\.p2\pool\plugins\org.eclipse.m2e.maven.runtime_3.9.700.20240602-2313\jars\maven-embedder-3.9.7.jar
2026-06-09 20:20:50,852 [Worker-45: Launching Controle Gastos] INFO  o.eclipse.m2e.core.internal.Bundles - 	Entry: C:\Users\willian\.p2\pool\plugins\org.eclipse.m2e.maven.runtime_3.9.700.20240602-2313\jars\maven-model-3.9.7.jar
2026-06-09 20:20:50,853 [Worker-45: Launching Controle Gastos] INFO  o.eclipse.m2e.core.internal.Bundles - 	Entry: C:\Users\willian\.p2\pool\plugins\org.eclipse.m2e.maven.runtime_3.9.700.20240602-2313\jars\maven-model-builder-3.9.7.jar
2026-06-09 20:20:50,853 [Worker-45: Launching Controle Gastos] INFO  o.eclipse.m2e.core.internal.Bundles - 	Entry: C:\Users\willian\.p2\pool\plugins\org.eclipse.m2e.maven.runtime_3.9.700.20240602-2313\jars\maven-plugin-api-3.9.7.jar
2026-06-09 20:20:50,853 [Worker-45: Launching Controle Gastos] INFO  o.eclipse.m2e.core.internal.Bundles - 	Entry: C:\Users\willian\.p2\pool\plugins\org.eclipse.m2e.maven.runtime_3.9.700.20240602-2313\jars\maven-repository-metadata-3.9.7.jar
2026-06-09 20:20:50,853 [Worker-45: Launching Controle Gastos] INFO  o.eclipse.m2e.core.internal.Bundles - 	Entry: C:\Users\willian\.p2\pool\plugins\org.eclipse.m2e.maven.runtime_3.9.700.20240602-2313\jars\maven-resolver-api-1.9.20.jar
2026-06-09 20:20:50,853 [Worker-45: Launching Controle Gastos] INFO  o.eclipse.m2e.core.internal.Bundles - 	Entry: C:\Users\willian\.p2\pool\plugins\org.eclipse.m2e.maven.runtime_3.9.700.20240602-2313\jars\maven-resolver-connector-basic-1.9.20.jar
2026-06-09 20:20:50,853 [Worker-45: Launching Controle Gastos] INFO  o.eclipse.m2e.core.internal.Bundles - 	Entry: C:\Users\willian\.p2\pool\plugins\org.eclipse.m2e.maven.runtime_3.9.700.20240602-2313\jars\maven-resolver-impl-1.9.20.jar
2026-06-09 20:20:50,853 [Worker-45: Launching Controle Gastos] INFO  o.eclipse.m2e.core.internal.Bundles - 	Entry: C:\Users\willian\.p2\pool\plugins\org.eclipse.m2e.maven.runtime_3.9.700.20240602-2313\jars\maven-resolver-named-locks-1.9.20.jar
2026-06-09 20:20:50,853 [Worker-45: Launching Controle Gastos] INFO  o.eclipse.m2e.core.internal.Bundles - 	Entry: C:\Users\willian\.p2\pool\plugins\org.eclipse.m2e.maven.runtime_3.9.700.20240602-2313\jars\maven-resolver-provider-3.9.7.jar
2026-06-09 20:20:50,854 [Worker-45: Launching Controle Gastos] INFO  o.eclipse.m2e.core.internal.Bundles - 	Entry: C:\Users\willian\.p2\pool\plugins\org.eclipse.m2e.maven.runtime_3.9.700.20240602-2313\jars\maven-resolver-spi-1.9.20.jar
2026-06-09 20:20:50,854 [Worker-45: Launching Controle Gastos] INFO  o.eclipse.m2e.core.internal.Bundles - 	Entry: C:\Users\willian\.p2\pool\plugins\org.eclipse.m2e.maven.runtime_3.9.700.20240602-2313\jars\maven-resolver-transport-file-1.9.20.jar
2026-06-09 20:20:50,854 [Worker-45: Launching Controle Gastos] INFO  o.eclipse.m2e.core.internal.Bundles - 	Entry: C:\Users\willian\.p2\pool\plugins\org.eclipse.m2e.maven.runtime_3.9.700.20240602-2313\jars\maven-resolver-transport-http-1.9.20.jar
2026-06-09 20:20:50,854 [Worker-45: Launching Controle Gastos] INFO  o.eclipse.m2e.core.internal.Bundles - 	Entry: C:\Users\willian\.p2\pool\plugins\org.eclipse.m2e.maven.runtime_3.9.700.20240602-2313\jars\maven-resolver-transport-wagon-1.9.20.jar
2026-06-09 20:20:50,854 [Worker-45: Launching Controle Gastos] INFO  o.eclipse.m2e.core.internal.Bundles - 	Entry: C:\Users\willian\.p2\pool\plugins\org.eclipse.m2e.maven.runtime_3.9.700.20240602-2313\jars\maven-resolver-util-1.9.20.jar
2026-06-09 20:20:50,854 [Worker-45: Launching Controle Gastos] INFO  o.eclipse.m2e.core.internal.Bundles - 	Entry: C:\Users\willian\.p2\pool\plugins\org.eclipse.m2e.maven.runtime_3.9.700.20240602-2313\jars\maven-settings-3.9.7.jar
2026-06-09 20:20:50,854 [Worker-45: Launching Controle Gastos] INFO  o.eclipse.m2e.core.internal.Bundles - 	Entry: C:\Users\willian\.p2\pool\plugins\org.eclipse.m2e.maven.runtime_3.9.700.20240602-2313\jars\maven-settings-builder-3.9.7.jar
2026-06-09 20:20:50,855 [Worker-45: Launching Controle Gastos] INFO  o.eclipse.m2e.core.internal.Bundles - 	Entry: C:\Users\willian\.p2\pool\plugins\org.eclipse.m2e.maven.runtime_3.9.700.20240602-2313\jars\maven-shared-utils-3.4.2.jar
2026-06-09 20:20:50,855 [Worker-45: Launching Controle Gastos] INFO  o.eclipse.m2e.core.internal.Bundles - 	Entry: C:\Users\willian\.p2\pool\plugins\org.eclipse.m2e.maven.runtime_3.9.700.20240602-2313\jars\org.eclipse.sisu.inject-0.9.0.M2.jar
2026-06-09 20:20:50,855 [Worker-45: Launching Controle Gastos] INFO  o.eclipse.m2e.core.internal.Bundles - 	Entry: C:\Users\willian\.p2\pool\plugins\org.eclipse.m2e.maven.runtime_3.9.700.20240602-2313\jars\org.eclipse.sisu.plexus-0.9.0.M2.jar
2026-06-09 20:20:50,855 [Worker-45: Launching Controle Gastos] INFO  o.eclipse.m2e.core.internal.Bundles - 	Entry: C:\Users\willian\.p2\pool\plugins\org.eclipse.m2e.maven.runtime_3.9.700.20240602-2313\jars\plexus-build-api-0.0.7.jar
2026-06-09 20:20:50,855 [Worker-45: Launching Controle Gastos] INFO  o.eclipse.m2e.core.internal.Bundles - 	Entry: C:\Users\willian\.p2\pool\plugins\org.eclipse.m2e.maven.runtime_3.9.700.20240602-2313\jars\plexus-build-api-1.2.0.jar
2026-06-09 20:20:50,855 [Worker-45: Launching Controle Gastos] INFO  o.eclipse.m2e.core.internal.Bundles - 	Entry: C:\Users\willian\.p2\pool\plugins\org.eclipse.m2e.maven.runtime_3.9.700.20240602-2313\jars\plexus-cipher-2.0.jar
2026-06-09 20:20:50,855 [Worker-45: Launching Controle Gastos] INFO  o.eclipse.m2e.core.internal.Bundles - 	Entry: C:\Users\willian\.p2\pool\plugins\org.eclipse.m2e.maven.runtime_3.9.700.20240602-2313\jars\plexus-classworlds-2.8.0.jar
2026-06-09 20:20:50,855 [Worker-45: Launching Controle Gastos] INFO  o.eclipse.m2e.core.internal.Bundles - 	Entry: C:\Users\willian\.p2\pool\plugins\org.eclipse.m2e.maven.runtime_3.9.700.20240602-2313\jars\plexus-component-annotations-2.1.0.jar
2026-06-09 20:20:50,856 [Worker-45: Launching Controle Gastos] INFO  o.eclipse.m2e.core.internal.Bundles - 	Entry: C:\Users\willian\.p2\pool\plugins\org.eclipse.m2e.maven.runtime_3.9.700.20240602-2313\jars\plexus-interpolation-1.27.jar
2026-06-09 20:20:50,856 [Worker-45: Launching Controle Gastos] INFO  o.eclipse.m2e.core.internal.Bundles - 	Entry: C:\Users\willian\.p2\pool\plugins\org.eclipse.m2e.maven.runtime_3.9.700.20240602-2313\jars\plexus-sec-dispatcher-2.0.jar
2026-06-09 20:20:50,856 [Worker-45: Launching Controle Gastos] INFO  o.eclipse.m2e.core.internal.Bundles - 	Entry: C:\Users\willian\.p2\pool\plugins\org.eclipse.m2e.maven.runtime_3.9.700.20240602-2313\jars\plexus-utils-3.5.1.jar
2026-06-09 20:20:50,856 [Worker-45: Launching Controle Gastos] INFO  o.eclipse.m2e.core.internal.Bundles - 	Entry: C:\Users\willian\.p2\pool\plugins\org.eclipse.m2e.maven.runtime_3.9.700.20240602-2313\jars\wagon-file-3.5.3.jar
2026-06-09 20:20:50,856 [Worker-45: Launching Controle Gastos] INFO  o.eclipse.m2e.core.internal.Bundles - 	Entry: C:\Users\willian\.p2\pool\plugins\org.eclipse.m2e.maven.runtime_3.9.700.20240602-2313\jars\wagon-http-3.5.3.jar
2026-06-09 20:20:50,856 [Worker-45: Launching Controle Gastos] INFO  o.eclipse.m2e.core.internal.Bundles - 	Entry: C:\Users\willian\.p2\pool\plugins\org.eclipse.m2e.maven.runtime_3.9.700.20240602-2313\jars\wagon-http-shared-3.5.3.jar
2026-06-09 20:20:50,856 [Worker-45: Launching Controle Gastos] INFO  o.eclipse.m2e.core.internal.Bundles - 	Entry: C:\Users\willian\.p2\pool\plugins\org.eclipse.m2e.maven.runtime_3.9.700.20240602-2313\jars\wagon-provider-api-3.5.3.jar
2026-06-09 20:20:50,856 [Worker-45: Launching Controle Gastos] INFO  o.eclipse.m2e.core.internal.Bundles - getClasspathEntries(Bundle=com.google.guava_33.2.0.jre [10])
2026-06-09 20:20:50,857 [Worker-45: Launching Controle Gastos] INFO  o.eclipse.m2e.core.internal.Bundles - 	Entry: C:\Users\willian\.p2\pool\plugins\com.google.guava_33.2.0.jre.jar
2026-06-09 20:20:50,857 [Worker-45: Launching Controle Gastos] INFO  o.eclipse.m2e.core.internal.Bundles - getClasspathEntries(Bundle=slf4j.api_2.0.13 [520])
2026-06-09 20:20:50,857 [Worker-45: Launching Controle Gastos] INFO  o.eclipse.m2e.core.internal.Bundles - 	Entry: C:\Users\willian\.p2\pool\plugins\slf4j.api_2.0.13.jar
2026-06-09 20:20:50,857 [Worker-45: Launching Controle Gastos] INFO  o.eclipse.m2e.core.internal.Bundles - getClasspathEntries(Bundle=jakarta.inject.jakarta.inject-api_1.0.5 [21])
2026-06-09 20:20:50,857 [Worker-45: Launching Controle Gastos] INFO  o.eclipse.m2e.core.internal.Bundles - 	Entry: C:\Users\willian\.p2\pool\plugins\jakarta.inject.jakarta.inject-api_1.0.5.jar
2026-06-09 20:20:50,857 [Worker-45: Launching Controle Gastos] INFO  o.eclipse.m2e.core.internal.Bundles - getClasspathEntries(Bundle=javax.annotation_1.3.5.v20200909-1856 [24])
2026-06-09 20:20:50,857 [Worker-45: Launching Controle Gastos] INFO  o.eclipse.m2e.core.internal.Bundles - 	Entry: C:\Users\willian\.p2\pool\plugins\javax.annotation_1.3.5.v20200909-1856.jar
2026-06-09 20:20:50,857 [Worker-45: Launching Controle Gastos] INFO  o.eclipse.m2e.core.internal.Bundles - getClasspathEntries(Bundle=org.apache.commons.cli_1.8.0 [47])
2026-06-09 20:20:50,858 [Worker-45: Launching Controle Gastos] INFO  o.eclipse.m2e.core.internal.Bundles - 	Entry: C:\Users\willian\.p2\pool\plugins\org.apache.commons.cli_1.8.0.jar
2026-06-09 20:20:50,858 [Worker-45: Launching Controle Gastos] INFO  o.eclipse.m2e.core.internal.Bundles - getClasspathEntries(Bundle=org.apache.commons.commons-codec_1.16.0 [48])
2026-06-09 20:20:50,858 [Worker-45: Launching Controle Gastos] INFO  o.eclipse.m2e.core.internal.Bundles - 	Entry: C:\Users\willian\.p2\pool\plugins\org.apache.commons.commons-codec_1.16.0.jar
2026-06-09 20:20:50,858 [Worker-45: Launching Controle Gastos] INFO  o.eclipse.m2e.core.internal.Bundles - getClasspathEntries(Bundle=org.apache.commons.lang3_3.14.0 [54])
2026-06-09 20:20:50,858 [Worker-45: Launching Controle Gastos] INFO  o.eclipse.m2e.core.internal.Bundles - 	Entry: C:\Users\willian\.p2\pool\plugins\org.apache.commons.lang3_3.14.0.jar
2026-06-09 20:20:50,858 [Worker-45: Launching Controle Gastos] INFO  o.eclipse.m2e.core.internal.Bundles - getClasspathEntries(Bundle=com.google.guava.failureaccess_1.0.2 [11])
2026-06-09 20:20:50,858 [Worker-45: Launching Controle Gastos] INFO  o.eclipse.m2e.core.internal.Bundles - 	Entry: C:\Users\willian\.p2\pool\plugins\com.google.guava.failureaccess_1.0.2.jar
2026-06-09 20:20:50,860 [Worker-45: Launching Controle Gastos] INFO  o.e.m.i.launch.MavenLaunchDelegate - Run build in "C:\Users\willian\Desktop\Projeto-app-controle-de-gastos-programa-o-para-resolu-o-de-problemas-2\controle-gastos":
2026-06-09 20:20:50,860 [Worker-45: Launching Controle Gastos] INFO  o.e.m.i.launch.MavenLaunchDelegate -  mvn  -B -Dstyle.color=always javafx:run
2026-06-09 20:21:13,992 [Worker-48: Building] INFO  o.a.m.s.f.DefaultMavenResourcesFiltering - Copying 0 resource from src\main\resources to target\classes
2026-06-09 20:21:13,994 [Worker-48: Building] INFO  o.a.m.s.f.DefaultMavenResourcesFiltering - Copying 0 resource from src\test\resources to target\test-classes
2026-06-09 20:21:19,425 [Worker-45: Building] INFO  o.a.m.s.f.DefaultMavenResourcesFiltering - Copying 0 resource from src\main\resources to target\classes
2026-06-09 20:21:19,427 [Worker-45: Building] INFO  o.a.m.s.f.DefaultMavenResourcesFiltering - Copying 0 resource from src\test\resources to target\test-classes
2026-06-09 20:21:24,845 [Worker-46: Launching Controle Gastos] INFO  o.eclipse.m2e.core.internal.Bundles - getClasspathEntries(Bundle=org.eclipse.m2e.maven.runtime_3.9.700.20240602-2313 [299])
2026-06-09 20:21:24,846 [Worker-46: Launching Controle Gastos] INFO  o.eclipse.m2e.core.internal.Bundles - 	Entry: C:\Users\willian\.p2\pool\plugins\org.eclipse.m2e.maven.runtime_3.9.700.20240602-2313
2026-06-09 20:21:24,846 [Worker-46: Launching Controle Gastos] INFO  o.eclipse.m2e.core.internal.Bundles - 	Entry: C:\Users\willian\.p2\pool\plugins\org.eclipse.m2e.maven.runtime_3.9.700.20240602-2313\jars\aopalliance-1.0.jar
2026-06-09 20:21:24,846 [Worker-46: Launching Controle Gastos] INFO  o.eclipse.m2e.core.internal.Bundles - 	Entry: C:\Users\willian\.p2\pool\plugins\org.eclipse.m2e.maven.runtime_3.9.700.20240602-2313\jars\guice-5.1.0.jar
2026-06-09 20:21:24,846 [Worker-46: Launching Controle Gastos] INFO  o.eclipse.m2e.core.internal.Bundles - 	Entry: C:\Users\willian\.p2\pool\plugins\org.eclipse.m2e.maven.runtime_3.9.700.20240602-2313\jars\httpclient-4.5.14.jar
2026-06-09 20:21:24,846 [Worker-46: Launching Controle Gastos] INFO  o.eclipse.m2e.core.internal.Bundles - 	Entry: C:\Users\willian\.p2\pool\plugins\org.eclipse.m2e.maven.runtime_3.9.700.20240602-2313\jars\httpcore-4.4.16.jar
2026-06-09 20:21:24,847 [Worker-46: Launching Controle Gastos] INFO  o.eclipse.m2e.core.internal.Bundles - 	Entry: C:\Users\willian\.p2\pool\plugins\org.eclipse.m2e.maven.runtime_3.9.700.20240602-2313\jars\jansi-2.4.1.jar
2026-06-09 20:21:24,847 [Worker-46: Launching Controle Gastos] INFO  o.eclipse.m2e.core.internal.Bundles - 	Entry: C:\Users\willian\.p2\pool\plugins\org.eclipse.m2e.maven.runtime_3.9.700.20240602-2313\jars\jcl-over-slf4j-1.7.36.jar
2026-06-09 20:21:24,847 [Worker-46: Launching Controle Gastos] INFO  o.eclipse.m2e.core.internal.Bundles - 	Entry: C:\Users\willian\.p2\pool\plugins\org.eclipse.m2e.maven.runtime_3.9.700.20240602-2313\jars\maven-artifact-3.9.7.jar
2026-06-09 20:21:24,847 [Worker-46: Launching Controle Gastos] INFO  o.eclipse.m2e.core.internal.Bundles - 	Entry: C:\Users\willian\.p2\pool\plugins\org.eclipse.m2e.maven.runtime_3.9.700.20240602-2313\jars\maven-builder-support-3.9.7.jar
2026-06-09 20:21:24,847 [Worker-46: Launching Controle Gastos] INFO  o.eclipse.m2e.core.internal.Bundles - 	Entry: C:\Users\willian\.p2\pool\plugins\org.eclipse.m2e.maven.runtime_3.9.700.20240602-2313\jars\maven-compat-3.9.7.jar
2026-06-09 20:21:24,847 [Worker-46: Launching Controle Gastos] INFO  o.eclipse.m2e.core.internal.Bundles - 	Entry: C:\Users\willian\.p2\pool\plugins\org.eclipse.m2e.maven.runtime_3.9.700.20240602-2313\jars\maven-core-3.9.7.jar
2026-06-09 20:21:24,847 [Worker-46: Launching Controle Gastos] INFO  o.eclipse.m2e.core.internal.Bundles - 	Entry: C:\Users\willian\.p2\pool\plugins\org.eclipse.m2e.maven.runtime_3.9.700.20240602-2313\jars\maven-embedder-3.9.7.jar
2026-06-09 20:21:24,847 [Worker-46: Launching Controle Gastos] INFO  o.eclipse.m2e.core.internal.Bundles - 	Entry: C:\Users\willian\.p2\pool\plugins\org.eclipse.m2e.maven.runtime_3.9.700.20240602-2313\jars\maven-model-3.9.7.jar
2026-06-09 20:21:24,847 [Worker-46: Launching Controle Gastos] INFO  o.eclipse.m2e.core.internal.Bundles - 	Entry: C:\Users\willian\.p2\pool\plugins\org.eclipse.m2e.maven.runtime_3.9.700.20240602-2313\jars\maven-model-builder-3.9.7.jar
2026-06-09 20:21:24,848 [Worker-46: Launching Controle Gastos] INFO  o.eclipse.m2e.core.internal.Bundles - 	Entry: C:\Users\willian\.p2\pool\plugins\org.eclipse.m2e.maven.runtime_3.9.700.20240602-2313\jars\maven-plugin-api-3.9.7.jar
2026-06-09 20:21:24,848 [Worker-46: Launching Controle Gastos] INFO  o.eclipse.m2e.core.internal.Bundles - 	Entry: C:\Users\willian\.p2\pool\plugins\org.eclipse.m2e.maven.runtime_3.9.700.20240602-2313\jars\maven-repository-metadata-3.9.7.jar
2026-06-09 20:21:24,848 [Worker-46: Launching Controle Gastos] INFO  o.eclipse.m2e.core.internal.Bundles - 	Entry: C:\Users\willian\.p2\pool\plugins\org.eclipse.m2e.maven.runtime_3.9.700.20240602-2313\jars\maven-resolver-api-1.9.20.jar
2026-06-09 20:21:24,848 [Worker-46: Launching Controle Gastos] INFO  o.eclipse.m2e.core.internal.Bundles - 	Entry: C:\Users\willian\.p2\pool\plugins\org.eclipse.m2e.maven.runtime_3.9.700.20240602-2313\jars\maven-resolver-connector-basic-1.9.20.jar
2026-06-09 20:21:24,848 [Worker-46: Launching Controle Gastos] INFO  o.eclipse.m2e.core.internal.Bundles - 	Entry: C:\Users\willian\.p2\pool\plugins\org.eclipse.m2e.maven.runtime_3.9.700.20240602-2313\jars\maven-resolver-impl-1.9.20.jar
2026-06-09 20:21:24,848 [Worker-46: Launching Controle Gastos] INFO  o.eclipse.m2e.core.internal.Bundles - 	Entry: C:\Users\willian\.p2\pool\plugins\org.eclipse.m2e.maven.runtime_3.9.700.20240602-2313\jars\maven-resolver-named-locks-1.9.20.jar
2026-06-09 20:21:24,848 [Worker-46: Launching Controle Gastos] INFO  o.eclipse.m2e.core.internal.Bundles - 	Entry: C:\Users\willian\.p2\pool\plugins\org.eclipse.m2e.maven.runtime_3.9.700.20240602-2313\jars\maven-resolver-provider-3.9.7.jar
2026-06-09 20:21:24,848 [Worker-46: Launching Controle Gastos] INFO  o.eclipse.m2e.core.internal.Bundles - 	Entry: C:\Users\willian\.p2\pool\plugins\org.eclipse.m2e.maven.runtime_3.9.700.20240602-2313\jars\maven-resolver-spi-1.9.20.jar
2026-06-09 20:21:24,848 [Worker-46: Launching Controle Gastos] INFO  o.eclipse.m2e.core.internal.Bundles - 	Entry: C:\Users\willian\.p2\pool\plugins\org.eclipse.m2e.maven.runtime_3.9.700.20240602-2313\jars\maven-resolver-transport-file-1.9.20.jar
2026-06-09 20:21:24,849 [Worker-46: Launching Controle Gastos] INFO  o.eclipse.m2e.core.internal.Bundles - 	Entry: C:\Users\willian\.p2\pool\plugins\org.eclipse.m2e.maven.runtime_3.9.700.20240602-2313\jars\maven-resolver-transport-http-1.9.20.jar
2026-06-09 20:21:24,849 [Worker-46: Launching Controle Gastos] INFO  o.eclipse.m2e.core.internal.Bundles - 	Entry: C:\Users\willian\.p2\pool\plugins\org.eclipse.m2e.maven.runtime_3.9.700.20240602-2313\jars\maven-resolver-transport-wagon-1.9.20.jar
2026-06-09 20:21:24,849 [Worker-46: Launching Controle Gastos] INFO  o.eclipse.m2e.core.internal.Bundles - 	Entry: C:\Users\willian\.p2\pool\plugins\org.eclipse.m2e.maven.runtime_3.9.700.20240602-2313\jars\maven-resolver-util-1.9.20.jar
2026-06-09 20:21:24,849 [Worker-46: Launching Controle Gastos] INFO  o.eclipse.m2e.core.internal.Bundles - 	Entry: C:\Users\willian\.p2\pool\plugins\org.eclipse.m2e.maven.runtime_3.9.700.20240602-2313\jars\maven-settings-3.9.7.jar
2026-06-09 20:21:24,849 [Worker-46: Launching Controle Gastos] INFO  o.eclipse.m2e.core.internal.Bundles - 	Entry: C:\Users\willian\.p2\pool\plugins\org.eclipse.m2e.maven.runtime_3.9.700.20240602-2313\jars\maven-settings-builder-3.9.7.jar
2026-06-09 20:21:24,849 [Worker-46: Launching Controle Gastos] INFO  o.eclipse.m2e.core.internal.Bundles - 	Entry: C:\Users\willian\.p2\pool\plugins\org.eclipse.m2e.maven.runtime_3.9.700.20240602-2313\jars\maven-shared-utils-3.4.2.jar
2026-06-09 20:21:24,849 [Worker-46: Launching Controle Gastos] INFO  o.eclipse.m2e.core.internal.Bundles - 	Entry: C:\Users\willian\.p2\pool\plugins\org.eclipse.m2e.maven.runtime_3.9.700.20240602-2313\jars\org.eclipse.sisu.inject-0.9.0.M2.jar
2026-06-09 20:21:24,849 [Worker-46: Launching Controle Gastos] INFO  o.eclipse.m2e.core.internal.Bundles - 	Entry: C:\Users\willian\.p2\pool\plugins\org.eclipse.m2e.maven.runtime_3.9.700.20240602-2313\jars\org.eclipse.sisu.plexus-0.9.0.M2.jar
2026-06-09 20:21:24,849 [Worker-46: Launching Controle Gastos] INFO  o.eclipse.m2e.core.internal.Bundles - 	Entry: C:\Users\willian\.p2\pool\plugins\org.eclipse.m2e.maven.runtime_3.9.700.20240602-2313\jars\plexus-build-api-0.0.7.jar
2026-06-09 20:21:24,849 [Worker-46: Launching Controle Gastos] INFO  o.eclipse.m2e.core.internal.Bundles - 	Entry: C:\Users\willian\.p2\pool\plugins\org.eclipse.m2e.maven.runtime_3.9.700.20240602-2313\jars\plexus-build-api-1.2.0.jar
2026-06-09 20:21:24,850 [Worker-46: Launching Controle Gastos] INFO  o.eclipse.m2e.core.internal.Bundles - 	Entry: C:\Users\willian\.p2\pool\plugins\org.eclipse.m2e.maven.runtime_3.9.700.20240602-2313\jars\plexus-cipher-2.0.jar
2026-06-09 20:21:24,850 [Worker-46: Launching Controle Gastos] INFO  o.eclipse.m2e.core.internal.Bundles - 	Entry: C:\Users\willian\.p2\pool\plugins\org.eclipse.m2e.maven.runtime_3.9.700.20240602-2313\jars\plexus-classworlds-2.8.0.jar
2026-06-09 20:21:24,850 [Worker-46: Launching Controle Gastos] INFO  o.eclipse.m2e.core.internal.Bundles - 	Entry: C:\Users\willian\.p2\pool\plugins\org.eclipse.m2e.maven.runtime_3.9.700.20240602-2313\jars\plexus-component-annotations-2.1.0.jar
2026-06-09 20:21:24,850 [Worker-46: Launching Controle Gastos] INFO  o.eclipse.m2e.core.internal.Bundles - 	Entry: C:\Users\willian\.p2\pool\plugins\org.eclipse.m2e.maven.runtime_3.9.700.20240602-2313\jars\plexus-interpolation-1.27.jar
2026-06-09 20:21:24,850 [Worker-46: Launching Controle Gastos] INFO  o.eclipse.m2e.core.internal.Bundles - 	Entry: C:\Users\willian\.p2\pool\plugins\org.eclipse.m2e.maven.runtime_3.9.700.20240602-2313\jars\plexus-sec-dispatcher-2.0.jar
2026-06-09 20:21:24,850 [Worker-46: Launching Controle Gastos] INFO  o.eclipse.m2e.core.internal.Bundles - 	Entry: C:\Users\willian\.p2\pool\plugins\org.eclipse.m2e.maven.runtime_3.9.700.20240602-2313\jars\plexus-utils-3.5.1.jar
2026-06-09 20:21:24,850 [Worker-46: Launching Controle Gastos] INFO  o.eclipse.m2e.core.internal.Bundles - 	Entry: C:\Users\willian\.p2\pool\plugins\org.eclipse.m2e.maven.runtime_3.9.700.20240602-2313\jars\wagon-file-3.5.3.jar
2026-06-09 20:21:24,850 [Worker-46: Launching Controle Gastos] INFO  o.eclipse.m2e.core.internal.Bundles - 	Entry: C:\Users\willian\.p2\pool\plugins\org.eclipse.m2e.maven.runtime_3.9.700.20240602-2313\jars\wagon-http-3.5.3.jar
2026-06-09 20:21:24,850 [Worker-46: Launching Controle Gastos] INFO  o.eclipse.m2e.core.internal.Bundles - 	Entry: C:\Users\willian\.p2\pool\plugins\org.eclipse.m2e.maven.runtime_3.9.700.20240602-2313\jars\wagon-http-shared-3.5.3.jar
2026-06-09 20:21:24,851 [Worker-46: Launching Controle Gastos] INFO  o.eclipse.m2e.core.internal.Bundles - 	Entry: C:\Users\willian\.p2\pool\plugins\org.eclipse.m2e.maven.runtime_3.9.700.20240602-2313\jars\wagon-provider-api-3.5.3.jar
2026-06-09 20:21:24,851 [Worker-46: Launching Controle Gastos] INFO  o.eclipse.m2e.core.internal.Bundles - getClasspathEntries(Bundle=com.google.guava_33.2.0.jre [10])
2026-06-09 20:21:24,851 [Worker-46: Launching Controle Gastos] INFO  o.eclipse.m2e.core.internal.Bundles - 	Entry: C:\Users\willian\.p2\pool\plugins\com.google.guava_33.2.0.jre.jar
2026-06-09 20:21:24,851 [Worker-46: Launching Controle Gastos] INFO  o.eclipse.m2e.core.internal.Bundles - getClasspathEntries(Bundle=slf4j.api_2.0.13 [520])
2026-06-09 20:21:24,852 [Worker-46: Launching Controle Gastos] INFO  o.eclipse.m2e.core.internal.Bundles - 	Entry: C:\Users\willian\.p2\pool\plugins\slf4j.api_2.0.13.jar
2026-06-09 20:21:24,852 [Worker-46: Launching Controle Gastos] INFO  o.eclipse.m2e.core.internal.Bundles - getClasspathEntries(Bundle=jakarta.inject.jakarta.inject-api_1.0.5 [21])
2026-06-09 20:21:24,852 [Worker-46: Launching Controle Gastos] INFO  o.eclipse.m2e.core.internal.Bundles - 	Entry: C:\Users\willian\.p2\pool\plugins\jakarta.inject.jakarta.inject-api_1.0.5.jar
2026-06-09 20:21:24,852 [Worker-46: Launching Controle Gastos] INFO  o.eclipse.m2e.core.internal.Bundles - getClasspathEntries(Bundle=javax.annotation_1.3.5.v20200909-1856 [24])
2026-06-09 20:21:24,853 [Worker-46: Launching Controle Gastos] INFO  o.eclipse.m2e.core.internal.Bundles - 	Entry: C:\Users\willian\.p2\pool\plugins\javax.annotation_1.3.5.v20200909-1856.jar
2026-06-09 20:21:24,853 [Worker-46: Launching Controle Gastos] INFO  o.eclipse.m2e.core.internal.Bundles - getClasspathEntries(Bundle=org.apache.commons.cli_1.8.0 [47])
2026-06-09 20:21:24,853 [Worker-46: Launching Controle Gastos] INFO  o.eclipse.m2e.core.internal.Bundles - 	Entry: C:\Users\willian\.p2\pool\plugins\org.apache.commons.cli_1.8.0.jar
2026-06-09 20:21:24,853 [Worker-46: Launching Controle Gastos] INFO  o.eclipse.m2e.core.internal.Bundles - getClasspathEntries(Bundle=org.apache.commons.commons-codec_1.16.0 [48])
2026-06-09 20:21:24,854 [Worker-46: Launching Controle Gastos] INFO  o.eclipse.m2e.core.internal.Bundles - 	Entry: C:\Users\willian\.p2\pool\plugins\org.apache.commons.commons-codec_1.16.0.jar
2026-06-09 20:21:24,854 [Worker-46: Launching Controle Gastos] INFO  o.eclipse.m2e.core.internal.Bundles - getClasspathEntries(Bundle=org.apache.commons.lang3_3.14.0 [54])
2026-06-09 20:21:24,854 [Worker-46: Launching Controle Gastos] INFO  o.eclipse.m2e.core.internal.Bundles - 	Entry: C:\Users\willian\.p2\pool\plugins\org.apache.commons.lang3_3.14.0.jar
2026-06-09 20:21:24,854 [Worker-46: Launching Controle Gastos] INFO  o.eclipse.m2e.core.internal.Bundles - getClasspathEntries(Bundle=com.google.guava.failureaccess_1.0.2 [11])
2026-06-09 20:21:24,854 [Worker-46: Launching Controle Gastos] INFO  o.eclipse.m2e.core.internal.Bundles - 	Entry: C:\Users\willian\.p2\pool\plugins\com.google.guava.failureaccess_1.0.2.jar
2026-06-09 20:21:24,856 [Worker-46: Launching Controle Gastos] INFO  o.e.m.i.launch.MavenLaunchDelegate - Run build in "C:\Users\willian\Desktop\Projeto-app-controle-de-gastos-programa-o-para-resolu-o-de-problemas-2\controle-gastos":
2026-06-09 20:21:24,856 [Worker-46: Launching Controle Gastos] INFO  o.e.m.i.launch.MavenLaunchDelegate -  mvn  -B -Dstyle.color=always javafx:run
2026-06-09 20:23:33,062 [Worker-44: Building] INFO  o.a.m.s.f.DefaultMavenResourcesFiltering - Copying 0 resource from src\main\resources to target\classes
2026-06-09 20:23:33,064 [Worker-44: Building] INFO  o.a.m.s.f.DefaultMavenResourcesFiltering - Copying 0 resource from src\test\resources to target\test-classes
2026-06-09 20:25:03,344 [Worker-50: Building] INFO  o.a.m.s.f.DefaultMavenResourcesFiltering - Copying 0 resource from src\main\resources to target\classes
2026-06-09 20:25:03,346 [Worker-50: Building] INFO  o.a.m.s.f.DefaultMavenResourcesFiltering - Copying 0 resource from src\test\resources to target\test-classes
2026-06-09 20:25:07,514 [Worker-50: Launching Controle Gastos] INFO  o.eclipse.m2e.core.internal.Bundles - getClasspathEntries(Bundle=org.eclipse.m2e.maven.runtime_3.9.700.20240602-2313 [299])
2026-06-09 20:25:07,515 [Worker-50: Launching Controle Gastos] INFO  o.eclipse.m2e.core.internal.Bundles - 	Entry: C:\Users\willian\.p2\pool\plugins\org.eclipse.m2e.maven.runtime_3.9.700.20240602-2313
2026-06-09 20:25:07,515 [Worker-50: Launching Controle Gastos] INFO  o.eclipse.m2e.core.internal.Bundles - 	Entry: C:\Users\willian\.p2\pool\plugins\org.eclipse.m2e.maven.runtime_3.9.700.20240602-2313\jars\aopalliance-1.0.jar
2026-06-09 20:25:07,515 [Worker-50: Launching Controle Gastos] INFO  o.eclipse.m2e.core.internal.Bundles - 	Entry: C:\Users\willian\.p2\pool\plugins\org.eclipse.m2e.maven.runtime_3.9.700.20240602-2313\jars\guice-5.1.0.jar
2026-06-09 20:25:07,515 [Worker-50: Launching Controle Gastos] INFO  o.eclipse.m2e.core.internal.Bundles - 	Entry: C:\Users\willian\.p2\pool\plugins\org.eclipse.m2e.maven.runtime_3.9.700.20240602-2313\jars\httpclient-4.5.14.jar
2026-06-09 20:25:07,515 [Worker-50: Launching Controle Gastos] INFO  o.eclipse.m2e.core.internal.Bundles - 	Entry: C:\Users\willian\.p2\pool\plugins\org.eclipse.m2e.maven.runtime_3.9.700.20240602-2313\jars\httpcore-4.4.16.jar
2026-06-09 20:25:07,515 [Worker-50: Launching Controle Gastos] INFO  o.eclipse.m2e.core.internal.Bundles - 	Entry: C:\Users\willian\.p2\pool\plugins\org.eclipse.m2e.maven.runtime_3.9.700.20240602-2313\jars\jansi-2.4.1.jar
2026-06-09 20:25:07,515 [Worker-50: Launching Controle Gastos] INFO  o.eclipse.m2e.core.internal.Bundles - 	Entry: C:\Users\willian\.p2\pool\plugins\org.eclipse.m2e.maven.runtime_3.9.700.20240602-2313\jars\jcl-over-slf4j-1.7.36.jar
2026-06-09 20:25:07,516 [Worker-50: Launching Controle Gastos] INFO  o.eclipse.m2e.core.internal.Bundles - 	Entry: C:\Users\willian\.p2\pool\plugins\org.eclipse.m2e.maven.runtime_3.9.700.20240602-2313\jars\maven-artifact-3.9.7.jar
2026-06-09 20:25:07,516 [Worker-50: Launching Controle Gastos] INFO  o.eclipse.m2e.core.internal.Bundles - 	Entry: C:\Users\willian\.p2\pool\plugins\org.eclipse.m2e.maven.runtime_3.9.700.20240602-2313\jars\maven-builder-support-3.9.7.jar
2026-06-09 20:25:07,516 [Worker-50: Launching Controle Gastos] INFO  o.eclipse.m2e.core.internal.Bundles - 	Entry: C:\Users\willian\.p2\pool\plugins\org.eclipse.m2e.maven.runtime_3.9.700.20240602-2313\jars\maven-compat-3.9.7.jar
2026-06-09 20:25:07,516 [Worker-50: Launching Controle Gastos] INFO  o.eclipse.m2e.core.internal.Bundles - 	Entry: C:\Users\willian\.p2\pool\plugins\org.eclipse.m2e.maven.runtime_3.9.700.20240602-2313\jars\maven-core-3.9.7.jar
2026-06-09 20:25:07,516 [Worker-50: Launching Controle Gastos] INFO  o.eclipse.m2e.core.internal.Bundles - 	Entry: C:\Users\willian\.p2\pool\plugins\org.eclipse.m2e.maven.runtime_3.9.700.20240602-2313\jars\maven-embedder-3.9.7.jar
2026-06-09 20:25:07,516 [Worker-50: Launching Controle Gastos] INFO  o.eclipse.m2e.core.internal.Bundles - 	Entry: C:\Users\willian\.p2\pool\plugins\org.eclipse.m2e.maven.runtime_3.9.700.20240602-2313\jars\maven-model-3.9.7.jar
2026-06-09 20:25:07,516 [Worker-50: Launching Controle Gastos] INFO  o.eclipse.m2e.core.internal.Bundles - 	Entry: C:\Users\willian\.p2\pool\plugins\org.eclipse.m2e.maven.runtime_3.9.700.20240602-2313\jars\maven-model-builder-3.9.7.jar
2026-06-09 20:25:07,516 [Worker-50: Launching Controle Gastos] INFO  o.eclipse.m2e.core.internal.Bundles - 	Entry: C:\Users\willian\.p2\pool\plugins\org.eclipse.m2e.maven.runtime_3.9.700.20240602-2313\jars\maven-plugin-api-3.9.7.jar
2026-06-09 20:25:07,516 [Worker-50: Launching Controle Gastos] INFO  o.eclipse.m2e.core.internal.Bundles - 	Entry: C:\Users\willian\.p2\pool\plugins\org.eclipse.m2e.maven.runtime_3.9.700.20240602-2313\jars\maven-repository-metadata-3.9.7.jar
2026-06-09 20:25:07,517 [Worker-50: Launching Controle Gastos] INFO  o.eclipse.m2e.core.internal.Bundles - 	Entry: C:\Users\willian\.p2\pool\plugins\org.eclipse.m2e.maven.runtime_3.9.700.20240602-2313\jars\maven-resolver-api-1.9.20.jar
2026-06-09 20:25:07,517 [Worker-50: Launching Controle Gastos] INFO  o.eclipse.m2e.core.internal.Bundles - 	Entry: C:\Users\willian\.p2\pool\plugins\org.eclipse.m2e.maven.runtime_3.9.700.20240602-2313\jars\maven-resolver-connector-basic-1.9.20.jar
2026-06-09 20:25:07,517 [Worker-50: Launching Controle Gastos] INFO  o.eclipse.m2e.core.internal.Bundles - 	Entry: C:\Users\willian\.p2\pool\plugins\org.eclipse.m2e.maven.runtime_3.9.700.20240602-2313\jars\maven-resolver-impl-1.9.20.jar
2026-06-09 20:25:07,517 [Worker-50: Launching Controle Gastos] INFO  o.eclipse.m2e.core.internal.Bundles - 	Entry: C:\Users\willian\.p2\pool\plugins\org.eclipse.m2e.maven.runtime_3.9.700.20240602-2313\jars\maven-resolver-named-locks-1.9.20.jar
2026-06-09 20:25:07,517 [Worker-50: Launching Controle Gastos] INFO  o.eclipse.m2e.core.internal.Bundles - 	Entry: C:\Users\willian\.p2\pool\plugins\org.eclipse.m2e.maven.runtime_3.9.700.20240602-2313\jars\maven-resolver-provider-3.9.7.jar
2026-06-09 20:25:07,517 [Worker-50: Launching Controle Gastos] INFO  o.eclipse.m2e.core.internal.Bundles - 	Entry: C:\Users\willian\.p2\pool\plugins\org.eclipse.m2e.maven.runtime_3.9.700.20240602-2313\jars\maven-resolver-spi-1.9.20.jar
2026-06-09 20:25:07,517 [Worker-50: Launching Controle Gastos] INFO  o.eclipse.m2e.core.internal.Bundles - 	Entry: C:\Users\willian\.p2\pool\plugins\org.eclipse.m2e.maven.runtime_3.9.700.20240602-2313\jars\maven-resolver-transport-file-1.9.20.jar
2026-06-09 20:25:07,517 [Worker-50: Launching Controle Gastos] INFO  o.eclipse.m2e.core.internal.Bundles - 	Entry: C:\Users\willian\.p2\pool\plugins\org.eclipse.m2e.maven.runtime_3.9.700.20240602-2313\jars\maven-resolver-transport-http-1.9.20.jar
2026-06-09 20:25:07,517 [Worker-50: Launching Controle Gastos] INFO  o.eclipse.m2e.core.internal.Bundles - 	Entry: C:\Users\willian\.p2\pool\plugins\org.eclipse.m2e.maven.runtime_3.9.700.20240602-2313\jars\maven-resolver-transport-wagon-1.9.20.jar
2026-06-09 20:25:07,518 [Worker-50: Launching Controle Gastos] INFO  o.eclipse.m2e.core.internal.Bundles - 	Entry: C:\Users\willian\.p2\pool\plugins\org.eclipse.m2e.maven.runtime_3.9.700.20240602-2313\jars\maven-resolver-util-1.9.20.jar
2026-06-09 20:25:07,518 [Worker-50: Launching Controle Gastos] INFO  o.eclipse.m2e.core.internal.Bundles - 	Entry: C:\Users\willian\.p2\pool\plugins\org.eclipse.m2e.maven.runtime_3.9.700.20240602-2313\jars\maven-settings-3.9.7.jar
2026-06-09 20:25:07,518 [Worker-50: Launching Controle Gastos] INFO  o.eclipse.m2e.core.internal.Bundles - 	Entry: C:\Users\willian\.p2\pool\plugins\org.eclipse.m2e.maven.runtime_3.9.700.20240602-2313\jars\maven-settings-builder-3.9.7.jar
2026-06-09 20:25:07,518 [Worker-50: Launching Controle Gastos] INFO  o.eclipse.m2e.core.internal.Bundles - 	Entry: C:\Users\willian\.p2\pool\plugins\org.eclipse.m2e.maven.runtime_3.9.700.20240602-2313\jars\maven-shared-utils-3.4.2.jar
2026-06-09 20:25:07,518 [Worker-50: Launching Controle Gastos] INFO  o.eclipse.m2e.core.internal.Bundles - 	Entry: C:\Users\willian\.p2\pool\plugins\org.eclipse.m2e.maven.runtime_3.9.700.20240602-2313\jars\org.eclipse.sisu.inject-0.9.0.M2.jar
2026-06-09 20:25:07,518 [Worker-50: Launching Controle Gastos] INFO  o.eclipse.m2e.core.internal.Bundles - 	Entry: C:\Users\willian\.p2\pool\plugins\org.eclipse.m2e.maven.runtime_3.9.700.20240602-2313\jars\org.eclipse.sisu.plexus-0.9.0.M2.jar
2026-06-09 20:25:07,518 [Worker-50: Launching Controle Gastos] INFO  o.eclipse.m2e.core.internal.Bundles - 	Entry: C:\Users\willian\.p2\pool\plugins\org.eclipse.m2e.maven.runtime_3.9.700.20240602-2313\jars\plexus-build-api-0.0.7.jar
2026-06-09 20:25:07,518 [Worker-50: Launching Controle Gastos] INFO  o.eclipse.m2e.core.internal.Bundles - 	Entry: C:\Users\willian\.p2\pool\plugins\org.eclipse.m2e.maven.runtime_3.9.700.20240602-2313\jars\plexus-build-api-1.2.0.jar
2026-06-09 20:25:07,518 [Worker-50: Launching Controle Gastos] INFO  o.eclipse.m2e.core.internal.Bundles - 	Entry: C:\Users\willian\.p2\pool\plugins\org.eclipse.m2e.maven.runtime_3.9.700.20240602-2313\jars\plexus-cipher-2.0.jar
2026-06-09 20:25:07,519 [Worker-50: Launching Controle Gastos] INFO  o.eclipse.m2e.core.internal.Bundles - 	Entry: C:\Users\willian\.p2\pool\plugins\org.eclipse.m2e.maven.runtime_3.9.700.20240602-2313\jars\plexus-classworlds-2.8.0.jar
2026-06-09 20:25:07,519 [Worker-50: Launching Controle Gastos] INFO  o.eclipse.m2e.core.internal.Bundles - 	Entry: C:\Users\willian\.p2\pool\plugins\org.eclipse.m2e.maven.runtime_3.9.700.20240602-2313\jars\plexus-component-annotations-2.1.0.jar
2026-06-09 20:25:07,519 [Worker-50: Launching Controle Gastos] INFO  o.eclipse.m2e.core.internal.Bundles - 	Entry: C:\Users\willian\.p2\pool\plugins\org.eclipse.m2e.maven.runtime_3.9.700.20240602-2313\jars\plexus-interpolation-1.27.jar
2026-06-09 20:25:07,519 [Worker-50: Launching Controle Gastos] INFO  o.eclipse.m2e.core.internal.Bundles - 	Entry: C:\Users\willian\.p2\pool\plugins\org.eclipse.m2e.maven.runtime_3.9.700.20240602-2313\jars\plexus-sec-dispatcher-2.0.jar
2026-06-09 20:25:07,519 [Worker-50: Launching Controle Gastos] INFO  o.eclipse.m2e.core.internal.Bundles - 	Entry: C:\Users\willian\.p2\pool\plugins\org.eclipse.m2e.maven.runtime_3.9.700.20240602-2313\jars\plexus-utils-3.5.1.jar
2026-06-09 20:25:07,519 [Worker-50: Launching Controle Gastos] INFO  o.eclipse.m2e.core.internal.Bundles - 	Entry: C:\Users\willian\.p2\pool\plugins\org.eclipse.m2e.maven.runtime_3.9.700.20240602-2313\jars\wagon-file-3.5.3.jar
2026-06-09 20:25:07,519 [Worker-50: Launching Controle Gastos] INFO  o.eclipse.m2e.core.internal.Bundles - 	Entry: C:\Users\willian\.p2\pool\plugins\org.eclipse.m2e.maven.runtime_3.9.700.20240602-2313\jars\wagon-http-3.5.3.jar
2026-06-09 20:25:07,519 [Worker-50: Launching Controle Gastos] INFO  o.eclipse.m2e.core.internal.Bundles - 	Entry: C:\Users\willian\.p2\pool\plugins\org.eclipse.m2e.maven.runtime_3.9.700.20240602-2313\jars\wagon-http-shared-3.5.3.jar
2026-06-09 20:25:07,519 [Worker-50: Launching Controle Gastos] INFO  o.eclipse.m2e.core.internal.Bundles - 	Entry: C:\Users\willian\.p2\pool\plugins\org.eclipse.m2e.maven.runtime_3.9.700.20240602-2313\jars\wagon-provider-api-3.5.3.jar
2026-06-09 20:25:07,520 [Worker-50: Launching Controle Gastos] INFO  o.eclipse.m2e.core.internal.Bundles - getClasspathEntries(Bundle=com.google.guava_33.2.0.jre [10])
2026-06-09 20:25:07,520 [Worker-50: Launching Controle Gastos] INFO  o.eclipse.m2e.core.internal.Bundles - 	Entry: C:\Users\willian\.p2\pool\plugins\com.google.guava_33.2.0.jre.jar
2026-06-09 20:25:07,520 [Worker-50: Launching Controle Gastos] INFO  o.eclipse.m2e.core.internal.Bundles - getClasspathEntries(Bundle=slf4j.api_2.0.13 [520])
2026-06-09 20:25:07,520 [Worker-50: Launching Controle Gastos] INFO  o.eclipse.m2e.core.internal.Bundles - 	Entry: C:\Users\willian\.p2\pool\plugins\slf4j.api_2.0.13.jar
2026-06-09 20:25:07,520 [Worker-50: Launching Controle Gastos] INFO  o.eclipse.m2e.core.internal.Bundles - getClasspathEntries(Bundle=jakarta.inject.jakarta.inject-api_1.0.5 [21])
2026-06-09 20:25:07,521 [Worker-50: Launching Controle Gastos] INFO  o.eclipse.m2e.core.internal.Bundles - 	Entry: C:\Users\willian\.p2\pool\plugins\jakarta.inject.jakarta.inject-api_1.0.5.jar
2026-06-09 20:25:07,521 [Worker-50: Launching Controle Gastos] INFO  o.eclipse.m2e.core.internal.Bundles - getClasspathEntries(Bundle=javax.annotation_1.3.5.v20200909-1856 [24])
2026-06-09 20:25:07,521 [Worker-50: Launching Controle Gastos] INFO  o.eclipse.m2e.core.internal.Bundles - 	Entry: C:\Users\willian\.p2\pool\plugins\javax.annotation_1.3.5.v20200909-1856.jar
2026-06-09 20:25:07,521 [Worker-50: Launching Controle Gastos] INFO  o.eclipse.m2e.core.internal.Bundles - getClasspathEntries(Bundle=org.apache.commons.cli_1.8.0 [47])
2026-06-09 20:25:07,521 [Worker-50: Launching Controle Gastos] INFO  o.eclipse.m2e.core.internal.Bundles - 	Entry: C:\Users\willian\.p2\pool\plugins\org.apache.commons.cli_1.8.0.jar
2026-06-09 20:25:07,521 [Worker-50: Launching Controle Gastos] INFO  o.eclipse.m2e.core.internal.Bundles - getClasspathEntries(Bundle=org.apache.commons.commons-codec_1.16.0 [48])
2026-06-09 20:25:07,521 [Worker-50: Launching Controle Gastos] INFO  o.eclipse.m2e.core.internal.Bundles - 	Entry: C:\Users\willian\.p2\pool\plugins\org.apache.commons.commons-codec_1.16.0.jar
2026-06-09 20:25:07,521 [Worker-50: Launching Controle Gastos] INFO  o.eclipse.m2e.core.internal.Bundles - getClasspathEntries(Bundle=org.apache.commons.lang3_3.14.0 [54])
2026-06-09 20:25:07,522 [Worker-50: Launching Controle Gastos] INFO  o.eclipse.m2e.core.internal.Bundles - 	Entry: C:\Users\willian\.p2\pool\plugins\org.apache.commons.lang3_3.14.0.jar
2026-06-09 20:25:07,522 [Worker-50: Launching Controle Gastos] INFO  o.eclipse.m2e.core.internal.Bundles - getClasspathEntries(Bundle=com.google.guava.failureaccess_1.0.2 [11])
2026-06-09 20:25:07,522 [Worker-50: Launching Controle Gastos] INFO  o.eclipse.m2e.core.internal.Bundles - 	Entry: C:\Users\willian\.p2\pool\plugins\com.google.guava.failureaccess_1.0.2.jar
2026-06-09 20:25:07,523 [Worker-50: Launching Controle Gastos] INFO  o.e.m.i.launch.MavenLaunchDelegate - Run build in "C:\Users\willian\Desktop\Projeto-app-controle-de-gastos-programa-o-para-resolu-o-de-problemas-2\controle-gastos":
2026-06-09 20:25:07,523 [Worker-50: Launching Controle Gastos] INFO  o.e.m.i.launch.MavenLaunchDelegate -  mvn  -B -Dstyle.color=always javafx:run
2026-06-09 20:26:37,846 [Worker-44: Building] INFO  o.a.m.s.f.DefaultMavenResourcesFiltering - Copying 0 resource from src\main\resources to target\classes
2026-06-09 20:26:37,848 [Worker-44: Building] INFO  o.a.m.s.f.DefaultMavenResourcesFiltering - Copying 0 resource from src\test\resources to target\test-classes
2026-06-09 20:26:38,387 [Worker-49: Launching Controle Gastos] INFO  o.eclipse.m2e.core.internal.Bundles - getClasspathEntries(Bundle=org.eclipse.m2e.maven.runtime_3.9.700.20240602-2313 [299])
2026-06-09 20:26:38,388 [Worker-49: Launching Controle Gastos] INFO  o.eclipse.m2e.core.internal.Bundles - 	Entry: C:\Users\willian\.p2\pool\plugins\org.eclipse.m2e.maven.runtime_3.9.700.20240602-2313
2026-06-09 20:26:38,388 [Worker-49: Launching Controle Gastos] INFO  o.eclipse.m2e.core.internal.Bundles - 	Entry: C:\Users\willian\.p2\pool\plugins\org.eclipse.m2e.maven.runtime_3.9.700.20240602-2313\jars\aopalliance-1.0.jar
2026-06-09 20:26:38,388 [Worker-49: Launching Controle Gastos] INFO  o.eclipse.m2e.core.internal.Bundles - 	Entry: C:\Users\willian\.p2\pool\plugins\org.eclipse.m2e.maven.runtime_3.9.700.20240602-2313\jars\guice-5.1.0.jar
2026-06-09 20:26:38,388 [Worker-49: Launching Controle Gastos] INFO  o.eclipse.m2e.core.internal.Bundles - 	Entry: C:\Users\willian\.p2\pool\plugins\org.eclipse.m2e.maven.runtime_3.9.700.20240602-2313\jars\httpclient-4.5.14.jar
2026-06-09 20:26:38,388 [Worker-49: Launching Controle Gastos] INFO  o.eclipse.m2e.core.internal.Bundles - 	Entry: C:\Users\willian\.p2\pool\plugins\org.eclipse.m2e.maven.runtime_3.9.700.20240602-2313\jars\httpcore-4.4.16.jar
2026-06-09 20:26:38,388 [Worker-49: Launching Controle Gastos] INFO  o.eclipse.m2e.core.internal.Bundles - 	Entry: C:\Users\willian\.p2\pool\plugins\org.eclipse.m2e.maven.runtime_3.9.700.20240602-2313\jars\jansi-2.4.1.jar
2026-06-09 20:26:38,388 [Worker-49: Launching Controle Gastos] INFO  o.eclipse.m2e.core.internal.Bundles - 	Entry: C:\Users\willian\.p2\pool\plugins\org.eclipse.m2e.maven.runtime_3.9.700.20240602-2313\jars\jcl-over-slf4j-1.7.36.jar
2026-06-09 20:26:38,388 [Worker-49: Launching Controle Gastos] INFO  o.eclipse.m2e.core.internal.Bundles - 	Entry: C:\Users\willian\.p2\pool\plugins\org.eclipse.m2e.maven.runtime_3.9.700.20240602-2313\jars\maven-artifact-3.9.7.jar
2026-06-09 20:26:38,389 [Worker-49: Launching Controle Gastos] INFO  o.eclipse.m2e.core.internal.Bundles - 	Entry: C:\Users\willian\.p2\pool\plugins\org.eclipse.m2e.maven.runtime_3.9.700.20240602-2313\jars\maven-builder-support-3.9.7.jar
2026-06-09 20:26:38,389 [Worker-49: Launching Controle Gastos] INFO  o.eclipse.m2e.core.internal.Bundles - 	Entry: C:\Users\willian\.p2\pool\plugins\org.eclipse.m2e.maven.runtime_3.9.700.20240602-2313\jars\maven-compat-3.9.7.jar
2026-06-09 20:26:38,389 [Worker-49: Launching Controle Gastos] INFO  o.eclipse.m2e.core.internal.Bundles - 	Entry: C:\Users\willian\.p2\pool\plugins\org.eclipse.m2e.maven.runtime_3.9.700.20240602-2313\jars\maven-core-3.9.7.jar
2026-06-09 20:26:38,389 [Worker-49: Launching Controle Gastos] INFO  o.eclipse.m2e.core.internal.Bundles - 	Entry: C:\Users\willian\.p2\pool\plugins\org.eclipse.m2e.maven.runtime_3.9.700.20240602-2313\jars\maven-embedder-3.9.7.jar
2026-06-09 20:26:38,389 [Worker-49: Launching Controle Gastos] INFO  o.eclipse.m2e.core.internal.Bundles - 	Entry: C:\Users\willian\.p2\pool\plugins\org.eclipse.m2e.maven.runtime_3.9.700.20240602-2313\jars\maven-model-3.9.7.jar
2026-06-09 20:26:38,389 [Worker-49: Launching Controle Gastos] INFO  o.eclipse.m2e.core.internal.Bundles - 	Entry: C:\Users\willian\.p2\pool\plugins\org.eclipse.m2e.maven.runtime_3.9.700.20240602-2313\jars\maven-model-builder-3.9.7.jar
2026-06-09 20:26:38,389 [Worker-49: Launching Controle Gastos] INFO  o.eclipse.m2e.core.internal.Bundles - 	Entry: C:\Users\willian\.p2\pool\plugins\org.eclipse.m2e.maven.runtime_3.9.700.20240602-2313\jars\maven-plugin-api-3.9.7.jar
2026-06-09 20:26:38,389 [Worker-49: Launching Controle Gastos] INFO  o.eclipse.m2e.core.internal.Bundles - 	Entry: C:\Users\willian\.p2\pool\plugins\org.eclipse.m2e.maven.runtime_3.9.700.20240602-2313\jars\maven-repository-metadata-3.9.7.jar
2026-06-09 20:26:38,389 [Worker-49: Launching Controle Gastos] INFO  o.eclipse.m2e.core.internal.Bundles - 	Entry: C:\Users\willian\.p2\pool\plugins\org.eclipse.m2e.maven.runtime_3.9.700.20240602-2313\jars\maven-resolver-api-1.9.20.jar
2026-06-09 20:26:38,390 [Worker-49: Launching Controle Gastos] INFO  o.eclipse.m2e.core.internal.Bundles - 	Entry: C:\Users\willian\.p2\pool\plugins\org.eclipse.m2e.maven.runtime_3.9.700.20240602-2313\jars\maven-resolver-connector-basic-1.9.20.jar
2026-06-09 20:26:38,390 [Worker-49: Launching Controle Gastos] INFO  o.eclipse.m2e.core.internal.Bundles - 	Entry: C:\Users\willian\.p2\pool\plugins\org.eclipse.m2e.maven.runtime_3.9.700.20240602-2313\jars\maven-resolver-impl-1.9.20.jar
2026-06-09 20:26:38,390 [Worker-49: Launching Controle Gastos] INFO  o.eclipse.m2e.core.internal.Bundles - 	Entry: C:\Users\willian\.p2\pool\plugins\org.eclipse.m2e.maven.runtime_3.9.700.20240602-2313\jars\maven-resolver-named-locks-1.9.20.jar
2026-06-09 20:26:38,390 [Worker-49: Launching Controle Gastos] INFO  o.eclipse.m2e.core.internal.Bundles - 	Entry: C:\Users\willian\.p2\pool\plugins\org.eclipse.m2e.maven.runtime_3.9.700.20240602-2313\jars\maven-resolver-provider-3.9.7.jar
2026-06-09 20:26:38,390 [Worker-49: Launching Controle Gastos] INFO  o.eclipse.m2e.core.internal.Bundles - 	Entry: C:\Users\willian\.p2\pool\plugins\org.eclipse.m2e.maven.runtime_3.9.700.20240602-2313\jars\maven-resolver-spi-1.9.20.jar
2026-06-09 20:26:38,390 [Worker-49: Launching Controle Gastos] INFO  o.eclipse.m2e.core.internal.Bundles - 	Entry: C:\Users\willian\.p2\pool\plugins\org.eclipse.m2e.maven.runtime_3.9.700.20240602-2313\jars\maven-resolver-transport-file-1.9.20.jar
2026-06-09 20:26:38,390 [Worker-49: Launching Controle Gastos] INFO  o.eclipse.m2e.core.internal.Bundles - 	Entry: C:\Users\willian\.p2\pool\plugins\org.eclipse.m2e.maven.runtime_3.9.700.20240602-2313\jars\maven-resolver-transport-http-1.9.20.jar
2026-06-09 20:26:38,390 [Worker-49: Launching Controle Gastos] INFO  o.eclipse.m2e.core.internal.Bundles - 	Entry: C:\Users\willian\.p2\pool\plugins\org.eclipse.m2e.maven.runtime_3.9.700.20240602-2313\jars\maven-resolver-transport-wagon-1.9.20.jar
2026-06-09 20:26:38,390 [Worker-49: Launching Controle Gastos] INFO  o.eclipse.m2e.core.internal.Bundles - 	Entry: C:\Users\willian\.p2\pool\plugins\org.eclipse.m2e.maven.runtime_3.9.700.20240602-2313\jars\maven-resolver-util-1.9.20.jar
2026-06-09 20:26:38,391 [Worker-49: Launching Controle Gastos] INFO  o.eclipse.m2e.core.internal.Bundles - 	Entry: C:\Users\willian\.p2\pool\plugins\org.eclipse.m2e.maven.runtime_3.9.700.20240602-2313\jars\maven-settings-3.9.7.jar
2026-06-09 20:26:38,391 [Worker-49: Launching Controle Gastos] INFO  o.eclipse.m2e.core.internal.Bundles - 	Entry: C:\Users\willian\.p2\pool\plugins\org.eclipse.m2e.maven.runtime_3.9.700.20240602-2313\jars\maven-settings-builder-3.9.7.jar
2026-06-09 20:26:38,391 [Worker-49: Launching Controle Gastos] INFO  o.eclipse.m2e.core.internal.Bundles - 	Entry: C:\Users\willian\.p2\pool\plugins\org.eclipse.m2e.maven.runtime_3.9.700.20240602-2313\jars\maven-shared-utils-3.4.2.jar
2026-06-09 20:26:38,391 [Worker-49: Launching Controle Gastos] INFO  o.eclipse.m2e.core.internal.Bundles - 	Entry: C:\Users\willian\.p2\pool\plugins\org.eclipse.m2e.maven.runtime_3.9.700.20240602-2313\jars\org.eclipse.sisu.inject-0.9.0.M2.jar
2026-06-09 20:26:38,391 [Worker-49: Launching Controle Gastos] INFO  o.eclipse.m2e.core.internal.Bundles - 	Entry: C:\Users\willian\.p2\pool\plugins\org.eclipse.m2e.maven.runtime_3.9.700.20240602-2313\jars\org.eclipse.sisu.plexus-0.9.0.M2.jar
2026-06-09 20:26:38,391 [Worker-49: Launching Controle Gastos] INFO  o.eclipse.m2e.core.internal.Bundles - 	Entry: C:\Users\willian\.p2\pool\plugins\org.eclipse.m2e.maven.runtime_3.9.700.20240602-2313\jars\plexus-build-api-0.0.7.jar
2026-06-09 20:26:38,391 [Worker-49: Launching Controle Gastos] INFO  o.eclipse.m2e.core.internal.Bundles - 	Entry: C:\Users\willian\.p2\pool\plugins\org.eclipse.m2e.maven.runtime_3.9.700.20240602-2313\jars\plexus-build-api-1.2.0.jar
2026-06-09 20:26:38,391 [Worker-49: Launching Controle Gastos] INFO  o.eclipse.m2e.core.internal.Bundles - 	Entry: C:\Users\willian\.p2\pool\plugins\org.eclipse.m2e.maven.runtime_3.9.700.20240602-2313\jars\plexus-cipher-2.0.jar
2026-06-09 20:26:38,392 [Worker-49: Launching Controle Gastos] INFO  o.eclipse.m2e.core.internal.Bundles - 	Entry: C:\Users\willian\.p2\pool\plugins\org.eclipse.m2e.maven.runtime_3.9.700.20240602-2313\jars\plexus-classworlds-2.8.0.jar
2026-06-09 20:26:38,392 [Worker-49: Launching Controle Gastos] INFO  o.eclipse.m2e.core.internal.Bundles - 	Entry: C:\Users\willian\.p2\pool\plugins\org.eclipse.m2e.maven.runtime_3.9.700.20240602-2313\jars\plexus-component-annotations-2.1.0.jar
2026-06-09 20:26:38,392 [Worker-49: Launching Controle Gastos] INFO  o.eclipse.m2e.core.internal.Bundles - 	Entry: C:\Users\willian\.p2\pool\plugins\org.eclipse.m2e.maven.runtime_3.9.700.20240602-2313\jars\plexus-interpolation-1.27.jar
2026-06-09 20:26:38,392 [Worker-49: Launching Controle Gastos] INFO  o.eclipse.m2e.core.internal.Bundles - 	Entry: C:\Users\willian\.p2\pool\plugins\org.eclipse.m2e.maven.runtime_3.9.700.20240602-2313\jars\plexus-sec-dispatcher-2.0.jar
2026-06-09 20:26:38,392 [Worker-49: Launching Controle Gastos] INFO  o.eclipse.m2e.core.internal.Bundles - 	Entry: C:\Users\willian\.p2\pool\plugins\org.eclipse.m2e.maven.runtime_3.9.700.20240602-2313\jars\plexus-utils-3.5.1.jar
2026-06-09 20:26:38,392 [Worker-49: Launching Controle Gastos] INFO  o.eclipse.m2e.core.internal.Bundles - 	Entry: C:\Users\willian\.p2\pool\plugins\org.eclipse.m2e.maven.runtime_3.9.700.20240602-2313\jars\wagon-file-3.5.3.jar
2026-06-09 20:26:38,392 [Worker-49: Launching Controle Gastos] INFO  o.eclipse.m2e.core.internal.Bundles - 	Entry: C:\Users\willian\.p2\pool\plugins\org.eclipse.m2e.maven.runtime_3.9.700.20240602-2313\jars\wagon-http-3.5.3.jar
2026-06-09 20:26:38,392 [Worker-49: Launching Controle Gastos] INFO  o.eclipse.m2e.core.internal.Bundles - 	Entry: C:\Users\willian\.p2\pool\plugins\org.eclipse.m2e.maven.runtime_3.9.700.20240602-2313\jars\wagon-http-shared-3.5.3.jar
2026-06-09 20:26:38,392 [Worker-49: Launching Controle Gastos] INFO  o.eclipse.m2e.core.internal.Bundles - 	Entry: C:\Users\willian\.p2\pool\plugins\org.eclipse.m2e.maven.runtime_3.9.700.20240602-2313\jars\wagon-provider-api-3.5.3.jar
2026-06-09 20:26:38,393 [Worker-49: Launching Controle Gastos] INFO  o.eclipse.m2e.core.internal.Bundles - getClasspathEntries(Bundle=com.google.guava_33.2.0.jre [10])
2026-06-09 20:26:38,393 [Worker-49: Launching Controle Gastos] INFO  o.eclipse.m2e.core.internal.Bundles - 	Entry: C:\Users\willian\.p2\pool\plugins\com.google.guava_33.2.0.jre.jar
2026-06-09 20:26:38,393 [Worker-49: Launching Controle Gastos] INFO  o.eclipse.m2e.core.internal.Bundles - getClasspathEntries(Bundle=slf4j.api_2.0.13 [520])
2026-06-09 20:26:38,393 [Worker-49: Launching Controle Gastos] INFO  o.eclipse.m2e.core.internal.Bundles - 	Entry: C:\Users\willian\.p2\pool\plugins\slf4j.api_2.0.13.jar
2026-06-09 20:26:38,393 [Worker-49: Launching Controle Gastos] INFO  o.eclipse.m2e.core.internal.Bundles - getClasspathEntries(Bundle=jakarta.inject.jakarta.inject-api_1.0.5 [21])
2026-06-09 20:26:38,393 [Worker-49: Launching Controle Gastos] INFO  o.eclipse.m2e.core.internal.Bundles - 	Entry: C:\Users\willian\.p2\pool\plugins\jakarta.inject.jakarta.inject-api_1.0.5.jar
2026-06-09 20:26:38,393 [Worker-49: Launching Controle Gastos] INFO  o.eclipse.m2e.core.internal.Bundles - getClasspathEntries(Bundle=javax.annotation_1.3.5.v20200909-1856 [24])
2026-06-09 20:26:38,394 [Worker-49: Launching Controle Gastos] INFO  o.eclipse.m2e.core.internal.Bundles - 	Entry: C:\Users\willian\.p2\pool\plugins\javax.annotation_1.3.5.v20200909-1856.jar
2026-06-09 20:26:38,394 [Worker-49: Launching Controle Gastos] INFO  o.eclipse.m2e.core.internal.Bundles - getClasspathEntries(Bundle=org.apache.commons.cli_1.8.0 [47])
2026-06-09 20:26:38,394 [Worker-49: Launching Controle Gastos] INFO  o.eclipse.m2e.core.internal.Bundles - 	Entry: C:\Users\willian\.p2\pool\plugins\org.apache.commons.cli_1.8.0.jar
2026-06-09 20:26:38,394 [Worker-49: Launching Controle Gastos] INFO  o.eclipse.m2e.core.internal.Bundles - getClasspathEntries(Bundle=org.apache.commons.commons-codec_1.16.0 [48])
2026-06-09 20:26:38,394 [Worker-49: Launching Controle Gastos] INFO  o.eclipse.m2e.core.internal.Bundles - 	Entry: C:\Users\willian\.p2\pool\plugins\org.apache.commons.commons-codec_1.16.0.jar
2026-06-09 20:26:38,394 [Worker-49: Launching Controle Gastos] INFO  o.eclipse.m2e.core.internal.Bundles - getClasspathEntries(Bundle=org.apache.commons.lang3_3.14.0 [54])
2026-06-09 20:26:38,394 [Worker-49: Launching Controle Gastos] INFO  o.eclipse.m2e.core.internal.Bundles - 	Entry: C:\Users\willian\.p2\pool\plugins\org.apache.commons.lang3_3.14.0.jar
2026-06-09 20:26:38,394 [Worker-49: Launching Controle Gastos] INFO  o.eclipse.m2e.core.internal.Bundles - getClasspathEntries(Bundle=com.google.guava.failureaccess_1.0.2 [11])
2026-06-09 20:26:38,395 [Worker-49: Launching Controle Gastos] INFO  o.eclipse.m2e.core.internal.Bundles - 	Entry: C:\Users\willian\.p2\pool\plugins\com.google.guava.failureaccess_1.0.2.jar
2026-06-09 20:26:38,396 [Worker-49: Launching Controle Gastos] INFO  o.e.m.i.launch.MavenLaunchDelegate - Run build in "C:\Users\willian\Desktop\Projeto-app-controle-de-gastos-programa-o-para-resolu-o-de-problemas-2\controle-gastos":
2026-06-09 20:26:38,396 [Worker-49: Launching Controle Gastos] INFO  o.e.m.i.launch.MavenLaunchDelegate -  mvn  -B -Dstyle.color=always javafx:run
2026-06-09 20:28:35,282 [Worker-44: Building] INFO  o.a.m.s.f.DefaultMavenResourcesFiltering - Copying 0 resource from src\main\resources to target\classes
2026-06-09 20:28:35,284 [Worker-44: Building] INFO  o.a.m.s.f.DefaultMavenResourcesFiltering - Copying 0 resource from src\test\resources to target\test-classes
2026-06-09 20:54:24,059 [Worker-57: Building] INFO  o.a.m.s.f.DefaultMavenResourcesFiltering - Copying 0 resource from src\main\resources to target\classes
2026-06-09 20:54:24,063 [Worker-57: Building] INFO  o.a.m.s.f.DefaultMavenResourcesFiltering - Copying 0 resource from src\test\resources to target\test-classes
2026-06-09 20:54:39,002 [Worker-56: Launching Controle Gastos] INFO  o.eclipse.m2e.core.internal.Bundles - getClasspathEntries(Bundle=org.eclipse.m2e.maven.runtime_3.9.700.20240602-2313 [299])
2026-06-09 20:54:39,003 [Worker-56: Launching Controle Gastos] INFO  o.eclipse.m2e.core.internal.Bundles - 	Entry: C:\Users\willian\.p2\pool\plugins\org.eclipse.m2e.maven.runtime_3.9.700.20240602-2313
2026-06-09 20:54:39,004 [Worker-56: Launching Controle Gastos] INFO  o.eclipse.m2e.core.internal.Bundles - 	Entry: C:\Users\willian\.p2\pool\plugins\org.eclipse.m2e.maven.runtime_3.9.700.20240602-2313\jars\aopalliance-1.0.jar
2026-06-09 20:54:39,004 [Worker-56: Launching Controle Gastos] INFO  o.eclipse.m2e.core.internal.Bundles - 	Entry: C:\Users\willian\.p2\pool\plugins\org.eclipse.m2e.maven.runtime_3.9.700.20240602-2313\jars\guice-5.1.0.jar
2026-06-09 20:54:39,004 [Worker-56: Launching Controle Gastos] INFO  o.eclipse.m2e.core.internal.Bundles - 	Entry: C:\Users\willian\.p2\pool\plugins\org.eclipse.m2e.maven.runtime_3.9.700.20240602-2313\jars\httpclient-4.5.14.jar
2026-06-09 20:54:39,004 [Worker-56: Launching Controle Gastos] INFO  o.eclipse.m2e.core.internal.Bundles - 	Entry: C:\Users\willian\.p2\pool\plugins\org.eclipse.m2e.maven.runtime_3.9.700.20240602-2313\jars\httpcore-4.4.16.jar
2026-06-09 20:54:39,005 [Worker-56: Launching Controle Gastos] INFO  o.eclipse.m2e.core.internal.Bundles - 	Entry: C:\Users\willian\.p2\pool\plugins\org.eclipse.m2e.maven.runtime_3.9.700.20240602-2313\jars\jansi-2.4.1.jar
2026-06-09 20:54:39,005 [Worker-56: Launching Controle Gastos] INFO  o.eclipse.m2e.core.internal.Bundles - 	Entry: C:\Users\willian\.p2\pool\plugins\org.eclipse.m2e.maven.runtime_3.9.700.20240602-2313\jars\jcl-over-slf4j-1.7.36.jar
2026-06-09 20:54:39,005 [Worker-56: Launching Controle Gastos] INFO  o.eclipse.m2e.core.internal.Bundles - 	Entry: C:\Users\willian\.p2\pool\plugins\org.eclipse.m2e.maven.runtime_3.9.700.20240602-2313\jars\maven-artifact-3.9.7.jar
2026-06-09 20:54:39,005 [Worker-56: Launching Controle Gastos] INFO  o.eclipse.m2e.core.internal.Bundles - 	Entry: C:\Users\willian\.p2\pool\plugins\org.eclipse.m2e.maven.runtime_3.9.700.20240602-2313\jars\maven-builder-support-3.9.7.jar
2026-06-09 20:54:39,005 [Worker-56: Launching Controle Gastos] INFO  o.eclipse.m2e.core.internal.Bundles - 	Entry: C:\Users\willian\.p2\pool\plugins\org.eclipse.m2e.maven.runtime_3.9.700.20240602-2313\jars\maven-compat-3.9.7.jar
2026-06-09 20:54:39,005 [Worker-56: Launching Controle Gastos] INFO  o.eclipse.m2e.core.internal.Bundles - 	Entry: C:\Users\willian\.p2\pool\plugins\org.eclipse.m2e.maven.runtime_3.9.700.20240602-2313\jars\maven-core-3.9.7.jar
2026-06-09 20:54:39,006 [Worker-56: Launching Controle Gastos] INFO  o.eclipse.m2e.core.internal.Bundles - 	Entry: C:\Users\willian\.p2\pool\plugins\org.eclipse.m2e.maven.runtime_3.9.700.20240602-2313\jars\maven-embedder-3.9.7.jar
2026-06-09 20:54:39,006 [Worker-56: Launching Controle Gastos] INFO  o.eclipse.m2e.core.internal.Bundles - 	Entry: C:\Users\willian\.p2\pool\plugins\org.eclipse.m2e.maven.runtime_3.9.700.20240602-2313\jars\maven-model-3.9.7.jar
2026-06-09 20:54:39,006 [Worker-56: Launching Controle Gastos] INFO  o.eclipse.m2e.core.internal.Bundles - 	Entry: C:\Users\willian\.p2\pool\plugins\org.eclipse.m2e.maven.runtime_3.9.700.20240602-2313\jars\maven-model-builder-3.9.7.jar
2026-06-09 20:54:39,006 [Worker-56: Launching Controle Gastos] INFO  o.eclipse.m2e.core.internal.Bundles - 	Entry: C:\Users\willian\.p2\pool\plugins\org.eclipse.m2e.maven.runtime_3.9.700.20240602-2313\jars\maven-plugin-api-3.9.7.jar
2026-06-09 20:54:39,006 [Worker-56: Launching Controle Gastos] INFO  o.eclipse.m2e.core.internal.Bundles - 	Entry: C:\Users\willian\.p2\pool\plugins\org.eclipse.m2e.maven.runtime_3.9.700.20240602-2313\jars\maven-repository-metadata-3.9.7.jar
2026-06-09 20:54:39,007 [Worker-56: Launching Controle Gastos] INFO  o.eclipse.m2e.core.internal.Bundles - 	Entry: C:\Users\willian\.p2\pool\plugins\org.eclipse.m2e.maven.runtime_3.9.700.20240602-2313\jars\maven-resolver-api-1.9.20.jar
2026-06-09 20:54:39,007 [Worker-56: Launching Controle Gastos] INFO  o.eclipse.m2e.core.internal.Bundles - 	Entry: C:\Users\willian\.p2\pool\plugins\org.eclipse.m2e.maven.runtime_3.9.700.20240602-2313\jars\maven-resolver-connector-basic-1.9.20.jar
2026-06-09 20:54:39,007 [Worker-56: Launching Controle Gastos] INFO  o.eclipse.m2e.core.internal.Bundles - 	Entry: C:\Users\willian\.p2\pool\plugins\org.eclipse.m2e.maven.runtime_3.9.700.20240602-2313\jars\maven-resolver-impl-1.9.20.jar
2026-06-09 20:54:39,007 [Worker-56: Launching Controle Gastos] INFO  o.eclipse.m2e.core.internal.Bundles - 	Entry: C:\Users\willian\.p2\pool\plugins\org.eclipse.m2e.maven.runtime_3.9.700.20240602-2313\jars\maven-resolver-named-locks-1.9.20.jar
2026-06-09 20:54:39,007 [Worker-56: Launching Controle Gastos] INFO  o.eclipse.m2e.core.internal.Bundles - 	Entry: C:\Users\willian\.p2\pool\plugins\org.eclipse.m2e.maven.runtime_3.9.700.20240602-2313\jars\maven-resolver-provider-3.9.7.jar
2026-06-09 20:54:39,008 [Worker-56: Launching Controle Gastos] INFO  o.eclipse.m2e.core.internal.Bundles - 	Entry: C:\Users\willian\.p2\pool\plugins\org.eclipse.m2e.maven.runtime_3.9.700.20240602-2313\jars\maven-resolver-spi-1.9.20.jar
2026-06-09 20:54:39,008 [Worker-56: Launching Controle Gastos] INFO  o.eclipse.m2e.core.internal.Bundles - 	Entry: C:\Users\willian\.p2\pool\plugins\org.eclipse.m2e.maven.runtime_3.9.700.20240602-2313\jars\maven-resolver-transport-file-1.9.20.jar
2026-06-09 20:54:39,008 [Worker-56: Launching Controle Gastos] INFO  o.eclipse.m2e.core.internal.Bundles - 	Entry: C:\Users\willian\.p2\pool\plugins\org.eclipse.m2e.maven.runtime_3.9.700.20240602-2313\jars\maven-resolver-transport-http-1.9.20.jar
2026-06-09 20:54:39,008 [Worker-56: Launching Controle Gastos] INFO  o.eclipse.m2e.core.internal.Bundles - 	Entry: C:\Users\willian\.p2\pool\plugins\org.eclipse.m2e.maven.runtime_3.9.700.20240602-2313\jars\maven-resolver-transport-wagon-1.9.20.jar
2026-06-09 20:54:39,008 [Worker-56: Launching Controle Gastos] INFO  o.eclipse.m2e.core.internal.Bundles - 	Entry: C:\Users\willian\.p2\pool\plugins\org.eclipse.m2e.maven.runtime_3.9.700.20240602-2313\jars\maven-resolver-util-1.9.20.jar
2026-06-09 20:54:39,009 [Worker-56: Launching Controle Gastos] INFO  o.eclipse.m2e.core.internal.Bundles - 	Entry: C:\Users\willian\.p2\pool\plugins\org.eclipse.m2e.maven.runtime_3.9.700.20240602-2313\jars\maven-settings-3.9.7.jar
2026-06-09 20:54:39,009 [Worker-56: Launching Controle Gastos] INFO  o.eclipse.m2e.core.internal.Bundles - 	Entry: C:\Users\willian\.p2\pool\plugins\org.eclipse.m2e.maven.runtime_3.9.700.20240602-2313\jars\maven-settings-builder-3.9.7.jar
2026-06-09 20:54:39,009 [Worker-56: Launching Controle Gastos] INFO  o.eclipse.m2e.core.internal.Bundles - 	Entry: C:\Users\willian\.p2\pool\plugins\org.eclipse.m2e.maven.runtime_3.9.700.20240602-2313\jars\maven-shared-utils-3.4.2.jar
2026-06-09 20:54:39,009 [Worker-56: Launching Controle Gastos] INFO  o.eclipse.m2e.core.internal.Bundles - 	Entry: C:\Users\willian\.p2\pool\plugins\org.eclipse.m2e.maven.runtime_3.9.700.20240602-2313\jars\org.eclipse.sisu.inject-0.9.0.M2.jar
2026-06-09 20:54:39,010 [Worker-56: Launching Controle Gastos] INFO  o.eclipse.m2e.core.internal.Bundles - 	Entry: C:\Users\willian\.p2\pool\plugins\org.eclipse.m2e.maven.runtime_3.9.700.20240602-2313\jars\org.eclipse.sisu.plexus-0.9.0.M2.jar
2026-06-09 20:54:39,010 [Worker-56: Launching Controle Gastos] INFO  o.eclipse.m2e.core.internal.Bundles - 	Entry: C:\Users\willian\.p2\pool\plugins\org.eclipse.m2e.maven.runtime_3.9.700.20240602-2313\jars\plexus-build-api-0.0.7.jar
2026-06-09 20:54:39,010 [Worker-56: Launching Controle Gastos] INFO  o.eclipse.m2e.core.internal.Bundles - 	Entry: C:\Users\willian\.p2\pool\plugins\org.eclipse.m2e.maven.runtime_3.9.700.20240602-2313\jars\plexus-build-api-1.2.0.jar
2026-06-09 20:54:39,010 [Worker-56: Launching Controle Gastos] INFO  o.eclipse.m2e.core.internal.Bundles - 	Entry: C:\Users\willian\.p2\pool\plugins\org.eclipse.m2e.maven.runtime_3.9.700.20240602-2313\jars\plexus-cipher-2.0.jar
2026-06-09 20:54:39,010 [Worker-56: Launching Controle Gastos] INFO  o.eclipse.m2e.core.internal.Bundles - 	Entry: C:\Users\willian\.p2\pool\plugins\org.eclipse.m2e.maven.runtime_3.9.700.20240602-2313\jars\plexus-classworlds-2.8.0.jar
2026-06-09 20:54:39,011 [Worker-56: Launching Controle Gastos] INFO  o.eclipse.m2e.core.internal.Bundles - 	Entry: C:\Users\willian\.p2\pool\plugins\org.eclipse.m2e.maven.runtime_3.9.700.20240602-2313\jars\plexus-component-annotations-2.1.0.jar
2026-06-09 20:54:39,011 [Worker-56: Launching Controle Gastos] INFO  o.eclipse.m2e.core.internal.Bundles - 	Entry: C:\Users\willian\.p2\pool\plugins\org.eclipse.m2e.maven.runtime_3.9.700.20240602-2313\jars\plexus-interpolation-1.27.jar
2026-06-09 20:54:39,011 [Worker-56: Launching Controle Gastos] INFO  o.eclipse.m2e.core.internal.Bundles - 	Entry: C:\Users\willian\.p2\pool\plugins\org.eclipse.m2e.maven.runtime_3.9.700.20240602-2313\jars\plexus-sec-dispatcher-2.0.jar
2026-06-09 20:54:39,011 [Worker-56: Launching Controle Gastos] INFO  o.eclipse.m2e.core.internal.Bundles - 	Entry: C:\Users\willian\.p2\pool\plugins\org.eclipse.m2e.maven.runtime_3.9.700.20240602-2313\jars\plexus-utils-3.5.1.jar
2026-06-09 20:54:39,011 [Worker-56: Launching Controle Gastos] INFO  o.eclipse.m2e.core.internal.Bundles - 	Entry: C:\Users\willian\.p2\pool\plugins\org.eclipse.m2e.maven.runtime_3.9.700.20240602-2313\jars\wagon-file-3.5.3.jar
2026-06-09 20:54:39,011 [Worker-56: Launching Controle Gastos] INFO  o.eclipse.m2e.core.internal.Bundles - 	Entry: C:\Users\willian\.p2\pool\plugins\org.eclipse.m2e.maven.runtime_3.9.700.20240602-2313\jars\wagon-http-3.5.3.jar
2026-06-09 20:54:39,011 [Worker-56: Launching Controle Gastos] INFO  o.eclipse.m2e.core.internal.Bundles - 	Entry: C:\Users\willian\.p2\pool\plugins\org.eclipse.m2e.maven.runtime_3.9.700.20240602-2313\jars\wagon-http-shared-3.5.3.jar
2026-06-09 20:54:39,012 [Worker-56: Launching Controle Gastos] INFO  o.eclipse.m2e.core.internal.Bundles - 	Entry: C:\Users\willian\.p2\pool\plugins\org.eclipse.m2e.maven.runtime_3.9.700.20240602-2313\jars\wagon-provider-api-3.5.3.jar
2026-06-09 20:54:39,012 [Worker-56: Launching Controle Gastos] INFO  o.eclipse.m2e.core.internal.Bundles - getClasspathEntries(Bundle=com.google.guava_33.2.0.jre [10])
2026-06-09 20:54:39,012 [Worker-56: Launching Controle Gastos] INFO  o.eclipse.m2e.core.internal.Bundles - 	Entry: C:\Users\willian\.p2\pool\plugins\com.google.guava_33.2.0.jre.jar
2026-06-09 20:54:39,012 [Worker-56: Launching Controle Gastos] INFO  o.eclipse.m2e.core.internal.Bundles - getClasspathEntries(Bundle=slf4j.api_2.0.13 [520])
2026-06-09 20:54:39,013 [Worker-56: Launching Controle Gastos] INFO  o.eclipse.m2e.core.internal.Bundles - 	Entry: C:\Users\willian\.p2\pool\plugins\slf4j.api_2.0.13.jar
2026-06-09 20:54:39,013 [Worker-56: Launching Controle Gastos] INFO  o.eclipse.m2e.core.internal.Bundles - getClasspathEntries(Bundle=jakarta.inject.jakarta.inject-api_1.0.5 [21])
2026-06-09 20:54:39,013 [Worker-56: Launching Controle Gastos] INFO  o.eclipse.m2e.core.internal.Bundles - 	Entry: C:\Users\willian\.p2\pool\plugins\jakarta.inject.jakarta.inject-api_1.0.5.jar
2026-06-09 20:54:39,013 [Worker-56: Launching Controle Gastos] INFO  o.eclipse.m2e.core.internal.Bundles - getClasspathEntries(Bundle=javax.annotation_1.3.5.v20200909-1856 [24])
2026-06-09 20:54:39,014 [Worker-56: Launching Controle Gastos] INFO  o.eclipse.m2e.core.internal.Bundles - 	Entry: C:\Users\willian\.p2\pool\plugins\javax.annotation_1.3.5.v20200909-1856.jar
2026-06-09 20:54:39,014 [Worker-56: Launching Controle Gastos] INFO  o.eclipse.m2e.core.internal.Bundles - getClasspathEntries(Bundle=org.apache.commons.cli_1.8.0 [47])
2026-06-09 20:54:39,014 [Worker-56: Launching Controle Gastos] INFO  o.eclipse.m2e.core.internal.Bundles - 	Entry: C:\Users\willian\.p2\pool\plugins\org.apache.commons.cli_1.8.0.jar
2026-06-09 20:54:39,014 [Worker-56: Launching Controle Gastos] INFO  o.eclipse.m2e.core.internal.Bundles - getClasspathEntries(Bundle=org.apache.commons.commons-codec_1.16.0 [48])
2026-06-09 20:54:39,014 [Worker-56: Launching Controle Gastos] INFO  o.eclipse.m2e.core.internal.Bundles - 	Entry: C:\Users\willian\.p2\pool\plugins\org.apache.commons.commons-codec_1.16.0.jar
2026-06-09 20:54:39,014 [Worker-56: Launching Controle Gastos] INFO  o.eclipse.m2e.core.internal.Bundles - getClasspathEntries(Bundle=org.apache.commons.lang3_3.14.0 [54])
2026-06-09 20:54:39,015 [Worker-56: Launching Controle Gastos] INFO  o.eclipse.m2e.core.internal.Bundles - 	Entry: C:\Users\willian\.p2\pool\plugins\org.apache.commons.lang3_3.14.0.jar
2026-06-09 20:54:39,015 [Worker-56: Launching Controle Gastos] INFO  o.eclipse.m2e.core.internal.Bundles - getClasspathEntries(Bundle=com.google.guava.failureaccess_1.0.2 [11])
2026-06-09 20:54:39,015 [Worker-56: Launching Controle Gastos] INFO  o.eclipse.m2e.core.internal.Bundles - 	Entry: C:\Users\willian\.p2\pool\plugins\com.google.guava.failureaccess_1.0.2.jar
2026-06-09 20:54:39,018 [Worker-56: Launching Controle Gastos] INFO  o.e.m.i.launch.MavenLaunchDelegate - Run build in "C:\Users\willian\Desktop\Projeto-app-controle-de-gastos-programa-o-para-resolu-o-de-problemas-2\controle-gastos":
2026-06-09 20:54:39,018 [Worker-56: Launching Controle Gastos] INFO  o.e.m.i.launch.MavenLaunchDelegate -  mvn  -B -Dstyle.color=always javafx:run
2026-06-09 20:55:06,629 [Worker-56: Launching Controle Gastos] INFO  o.eclipse.m2e.core.internal.Bundles - getClasspathEntries(Bundle=org.eclipse.m2e.maven.runtime_3.9.700.20240602-2313 [299])
2026-06-09 20:55:06,629 [Worker-56: Launching Controle Gastos] INFO  o.eclipse.m2e.core.internal.Bundles - 	Entry: C:\Users\willian\.p2\pool\plugins\org.eclipse.m2e.maven.runtime_3.9.700.20240602-2313
2026-06-09 20:55:06,629 [Worker-56: Launching Controle Gastos] INFO  o.eclipse.m2e.core.internal.Bundles - 	Entry: C:\Users\willian\.p2\pool\plugins\org.eclipse.m2e.maven.runtime_3.9.700.20240602-2313\jars\aopalliance-1.0.jar
2026-06-09 20:55:06,630 [Worker-56: Launching Controle Gastos] INFO  o.eclipse.m2e.core.internal.Bundles - 	Entry: C:\Users\willian\.p2\pool\plugins\org.eclipse.m2e.maven.runtime_3.9.700.20240602-2313\jars\guice-5.1.0.jar
2026-06-09 20:55:06,630 [Worker-56: Launching Controle Gastos] INFO  o.eclipse.m2e.core.internal.Bundles - 	Entry: C:\Users\willian\.p2\pool\plugins\org.eclipse.m2e.maven.runtime_3.9.700.20240602-2313\jars\httpclient-4.5.14.jar
2026-06-09 20:55:06,630 [Worker-56: Launching Controle Gastos] INFO  o.eclipse.m2e.core.internal.Bundles - 	Entry: C:\Users\willian\.p2\pool\plugins\org.eclipse.m2e.maven.runtime_3.9.700.20240602-2313\jars\httpcore-4.4.16.jar
2026-06-09 20:55:06,630 [Worker-56: Launching Controle Gastos] INFO  o.eclipse.m2e.core.internal.Bundles - 	Entry: C:\Users\willian\.p2\pool\plugins\org.eclipse.m2e.maven.runtime_3.9.700.20240602-2313\jars\jansi-2.4.1.jar
2026-06-09 20:55:06,630 [Worker-56: Launching Controle Gastos] INFO  o.eclipse.m2e.core.internal.Bundles - 	Entry: C:\Users\willian\.p2\pool\plugins\org.eclipse.m2e.maven.runtime_3.9.700.20240602-2313\jars\jcl-over-slf4j-1.7.36.jar
2026-06-09 20:55:06,630 [Worker-56: Launching Controle Gastos] INFO  o.eclipse.m2e.core.internal.Bundles - 	Entry: C:\Users\willian\.p2\pool\plugins\org.eclipse.m2e.maven.runtime_3.9.700.20240602-2313\jars\maven-artifact-3.9.7.jar
2026-06-09 20:55:06,631 [Worker-56: Launching Controle Gastos] INFO  o.eclipse.m2e.core.internal.Bundles - 	Entry: C:\Users\willian\.p2\pool\plugins\org.eclipse.m2e.maven.runtime_3.9.700.20240602-2313\jars\maven-builder-support-3.9.7.jar
2026-06-09 20:55:06,631 [Worker-56: Launching Controle Gastos] INFO  o.eclipse.m2e.core.internal.Bundles - 	Entry: C:\Users\willian\.p2\pool\plugins\org.eclipse.m2e.maven.runtime_3.9.700.20240602-2313\jars\maven-compat-3.9.7.jar
2026-06-09 20:55:06,631 [Worker-56: Launching Controle Gastos] INFO  o.eclipse.m2e.core.internal.Bundles - 	Entry: C:\Users\willian\.p2\pool\plugins\org.eclipse.m2e.maven.runtime_3.9.700.20240602-2313\jars\maven-core-3.9.7.jar
2026-06-09 20:55:06,631 [Worker-56: Launching Controle Gastos] INFO  o.eclipse.m2e.core.internal.Bundles - 	Entry: C:\Users\willian\.p2\pool\plugins\org.eclipse.m2e.maven.runtime_3.9.700.20240602-2313\jars\maven-embedder-3.9.7.jar
2026-06-09 20:55:06,631 [Worker-56: Launching Controle Gastos] INFO  o.eclipse.m2e.core.internal.Bundles - 	Entry: C:\Users\willian\.p2\pool\plugins\org.eclipse.m2e.maven.runtime_3.9.700.20240602-2313\jars\maven-model-3.9.7.jar
2026-06-09 20:55:06,631 [Worker-56: Launching Controle Gastos] INFO  o.eclipse.m2e.core.internal.Bundles - 	Entry: C:\Users\willian\.p2\pool\plugins\org.eclipse.m2e.maven.runtime_3.9.700.20240602-2313\jars\maven-model-builder-3.9.7.jar
2026-06-09 20:55:06,631 [Worker-56: Launching Controle Gastos] INFO  o.eclipse.m2e.core.internal.Bundles - 	Entry: C:\Users\willian\.p2\pool\plugins\org.eclipse.m2e.maven.runtime_3.9.700.20240602-2313\jars\maven-plugin-api-3.9.7.jar
2026-06-09 20:55:06,631 [Worker-56: Launching Controle Gastos] INFO  o.eclipse.m2e.core.internal.Bundles - 	Entry: C:\Users\willian\.p2\pool\plugins\org.eclipse.m2e.maven.runtime_3.9.700.20240602-2313\jars\maven-repository-metadata-3.9.7.jar
2026-06-09 20:55:06,632 [Worker-56: Launching Controle Gastos] INFO  o.eclipse.m2e.core.internal.Bundles - 	Entry: C:\Users\willian\.p2\pool\plugins\org.eclipse.m2e.maven.runtime_3.9.700.20240602-2313\jars\maven-resolver-api-1.9.20.jar
2026-06-09 20:55:06,632 [Worker-56: Launching Controle Gastos] INFO  o.eclipse.m2e.core.internal.Bundles - 	Entry: C:\Users\willian\.p2\pool\plugins\org.eclipse.m2e.maven.runtime_3.9.700.20240602-2313\jars\maven-resolver-connector-basic-1.9.20.jar
2026-06-09 20:55:06,632 [Worker-56: Launching Controle Gastos] INFO  o.eclipse.m2e.core.internal.Bundles - 	Entry: C:\Users\willian\.p2\pool\plugins\org.eclipse.m2e.maven.runtime_3.9.700.20240602-2313\jars\maven-resolver-impl-1.9.20.jar
2026-06-09 20:55:06,632 [Worker-56: Launching Controle Gastos] INFO  o.eclipse.m2e.core.internal.Bundles - 	Entry: C:\Users\willian\.p2\pool\plugins\org.eclipse.m2e.maven.runtime_3.9.700.20240602-2313\jars\maven-resolver-named-locks-1.9.20.jar
2026-06-09 20:55:06,632 [Worker-56: Launching Controle Gastos] INFO  o.eclipse.m2e.core.internal.Bundles - 	Entry: C:\Users\willian\.p2\pool\plugins\org.eclipse.m2e.maven.runtime_3.9.700.20240602-2313\jars\maven-resolver-provider-3.9.7.jar
2026-06-09 20:55:06,632 [Worker-56: Launching Controle Gastos] INFO  o.eclipse.m2e.core.internal.Bundles - 	Entry: C:\Users\willian\.p2\pool\plugins\org.eclipse.m2e.maven.runtime_3.9.700.20240602-2313\jars\maven-resolver-spi-1.9.20.jar
2026-06-09 20:55:06,632 [Worker-56: Launching Controle Gastos] INFO  o.eclipse.m2e.core.internal.Bundles - 	Entry: C:\Users\willian\.p2\pool\plugins\org.eclipse.m2e.maven.runtime_3.9.700.20240602-2313\jars\maven-resolver-transport-file-1.9.20.jar
2026-06-09 20:55:06,632 [Worker-56: Launching Controle Gastos] INFO  o.eclipse.m2e.core.internal.Bundles - 	Entry: C:\Users\willian\.p2\pool\plugins\org.eclipse.m2e.maven.runtime_3.9.700.20240602-2313\jars\maven-resolver-transport-http-1.9.20.jar
2026-06-09 20:55:06,633 [Worker-56: Launching Controle Gastos] INFO  o.eclipse.m2e.core.internal.Bundles - 	Entry: C:\Users\willian\.p2\pool\plugins\org.eclipse.m2e.maven.runtime_3.9.700.20240602-2313\jars\maven-resolver-transport-wagon-1.9.20.jar
2026-06-09 20:55:06,633 [Worker-56: Launching Controle Gastos] INFO  o.eclipse.m2e.core.internal.Bundles - 	Entry: C:\Users\willian\.p2\pool\plugins\org.eclipse.m2e.maven.runtime_3.9.700.20240602-2313\jars\maven-resolver-util-1.9.20.jar
2026-06-09 20:55:06,633 [Worker-56: Launching Controle Gastos] INFO  o.eclipse.m2e.core.internal.Bundles - 	Entry: C:\Users\willian\.p2\pool\plugins\org.eclipse.m2e.maven.runtime_3.9.700.20240602-2313\jars\maven-settings-3.9.7.jar
2026-06-09 20:55:06,633 [Worker-56: Launching Controle Gastos] INFO  o.eclipse.m2e.core.internal.Bundles - 	Entry: C:\Users\willian\.p2\pool\plugins\org.eclipse.m2e.maven.runtime_3.9.700.20240602-2313\jars\maven-settings-builder-3.9.7.jar
2026-06-09 20:55:06,633 [Worker-56: Launching Controle Gastos] INFO  o.eclipse.m2e.core.internal.Bundles - 	Entry: C:\Users\willian\.p2\pool\plugins\org.eclipse.m2e.maven.runtime_3.9.700.20240602-2313\jars\maven-shared-utils-3.4.2.jar
2026-06-09 20:55:06,633 [Worker-56: Launching Controle Gastos] INFO  o.eclipse.m2e.core.internal.Bundles - 	Entry: C:\Users\willian\.p2\pool\plugins\org.eclipse.m2e.maven.runtime_3.9.700.20240602-2313\jars\org.eclipse.sisu.inject-0.9.0.M2.jar
2026-06-09 20:55:06,633 [Worker-56: Launching Controle Gastos] INFO  o.eclipse.m2e.core.internal.Bundles - 	Entry: C:\Users\willian\.p2\pool\plugins\org.eclipse.m2e.maven.runtime_3.9.700.20240602-2313\jars\org.eclipse.sisu.plexus-0.9.0.M2.jar
2026-06-09 20:55:06,634 [Worker-56: Launching Controle Gastos] INFO  o.eclipse.m2e.core.internal.Bundles - 	Entry: C:\Users\willian\.p2\pool\plugins\org.eclipse.m2e.maven.runtime_3.9.700.20240602-2313\jars\plexus-build-api-0.0.7.jar
2026-06-09 20:55:06,634 [Worker-56: Launching Controle Gastos] INFO  o.eclipse.m2e.core.internal.Bundles - 	Entry: C:\Users\willian\.p2\pool\plugins\org.eclipse.m2e.maven.runtime_3.9.700.20240602-2313\jars\plexus-build-api-1.2.0.jar
2026-06-09 20:55:06,634 [Worker-56: Launching Controle Gastos] INFO  o.eclipse.m2e.core.internal.Bundles - 	Entry: C:\Users\willian\.p2\pool\plugins\org.eclipse.m2e.maven.runtime_3.9.700.20240602-2313\jars\plexus-cipher-2.0.jar
2026-06-09 20:55:06,634 [Worker-56: Launching Controle Gastos] INFO  o.eclipse.m2e.core.internal.Bundles - 	Entry: C:\Users\willian\.p2\pool\plugins\org.eclipse.m2e.maven.runtime_3.9.700.20240602-2313\jars\plexus-classworlds-2.8.0.jar
2026-06-09 20:55:06,634 [Worker-56: Launching Controle Gastos] INFO  o.eclipse.m2e.core.internal.Bundles - 	Entry: C:\Users\willian\.p2\pool\plugins\org.eclipse.m2e.maven.runtime_3.9.700.20240602-2313\jars\plexus-component-annotations-2.1.0.jar
2026-06-09 20:55:06,634 [Worker-56: Launching Controle Gastos] INFO  o.eclipse.m2e.core.internal.Bundles - 	Entry: C:\Users\willian\.p2\pool\plugins\org.eclipse.m2e.maven.runtime_3.9.700.20240602-2313\jars\plexus-interpolation-1.27.jar
2026-06-09 20:55:06,635 [Worker-56: Launching Controle Gastos] INFO  o.eclipse.m2e.core.internal.Bundles - 	Entry: C:\Users\willian\.p2\pool\plugins\org.eclipse.m2e.maven.runtime_3.9.700.20240602-2313\jars\plexus-sec-dispatcher-2.0.jar
2026-06-09 20:55:06,635 [Worker-56: Launching Controle Gastos] INFO  o.eclipse.m2e.core.internal.Bundles - 	Entry: C:\Users\willian\.p2\pool\plugins\org.eclipse.m2e.maven.runtime_3.9.700.20240602-2313\jars\plexus-utils-3.5.1.jar
2026-06-09 20:55:06,635 [Worker-56: Launching Controle Gastos] INFO  o.eclipse.m2e.core.internal.Bundles - 	Entry: C:\Users\willian\.p2\pool\plugins\org.eclipse.m2e.maven.runtime_3.9.700.20240602-2313\jars\wagon-file-3.5.3.jar
2026-06-09 20:55:06,635 [Worker-56: Launching Controle Gastos] INFO  o.eclipse.m2e.core.internal.Bundles - 	Entry: C:\Users\willian\.p2\pool\plugins\org.eclipse.m2e.maven.runtime_3.9.700.20240602-2313\jars\wagon-http-3.5.3.jar
2026-06-09 20:55:06,636 [Worker-56: Launching Controle Gastos] INFO  o.eclipse.m2e.core.internal.Bundles - 	Entry: C:\Users\willian\.p2\pool\plugins\org.eclipse.m2e.maven.runtime_3.9.700.20240602-2313\jars\wagon-http-shared-3.5.3.jar
2026-06-09 20:55:06,636 [Worker-56: Launching Controle Gastos] INFO  o.eclipse.m2e.core.internal.Bundles - 	Entry: C:\Users\willian\.p2\pool\plugins\org.eclipse.m2e.maven.runtime_3.9.700.20240602-2313\jars\wagon-provider-api-3.5.3.jar
2026-06-09 20:55:06,636 [Worker-56: Launching Controle Gastos] INFO  o.eclipse.m2e.core.internal.Bundles - getClasspathEntries(Bundle=com.google.guava_33.2.0.jre [10])
2026-06-09 20:55:06,637 [Worker-56: Launching Controle Gastos] INFO  o.eclipse.m2e.core.internal.Bundles - 	Entry: C:\Users\willian\.p2\pool\plugins\com.google.guava_33.2.0.jre.jar
2026-06-09 20:55:06,637 [Worker-56: Launching Controle Gastos] INFO  o.eclipse.m2e.core.internal.Bundles - getClasspathEntries(Bundle=slf4j.api_2.0.13 [520])
2026-06-09 20:55:06,637 [Worker-56: Launching Controle Gastos] INFO  o.eclipse.m2e.core.internal.Bundles - 	Entry: C:\Users\willian\.p2\pool\plugins\slf4j.api_2.0.13.jar
2026-06-09 20:55:06,637 [Worker-56: Launching Controle Gastos] INFO  o.eclipse.m2e.core.internal.Bundles - getClasspathEntries(Bundle=jakarta.inject.jakarta.inject-api_1.0.5 [21])
2026-06-09 20:55:06,637 [Worker-56: Launching Controle Gastos] INFO  o.eclipse.m2e.core.internal.Bundles - 	Entry: C:\Users\willian\.p2\pool\plugins\jakarta.inject.jakarta.inject-api_1.0.5.jar
2026-06-09 20:55:06,637 [Worker-56: Launching Controle Gastos] INFO  o.eclipse.m2e.core.internal.Bundles - getClasspathEntries(Bundle=javax.annotation_1.3.5.v20200909-1856 [24])
2026-06-09 20:55:06,638 [Worker-56: Launching Controle Gastos] INFO  o.eclipse.m2e.core.internal.Bundles - 	Entry: C:\Users\willian\.p2\pool\plugins\javax.annotation_1.3.5.v20200909-1856.jar
2026-06-09 20:55:06,638 [Worker-56: Launching Controle Gastos] INFO  o.eclipse.m2e.core.internal.Bundles - getClasspathEntries(Bundle=org.apache.commons.cli_1.8.0 [47])
2026-06-09 20:55:06,638 [Worker-56: Launching Controle Gastos] INFO  o.eclipse.m2e.core.internal.Bundles - 	Entry: C:\Users\willian\.p2\pool\plugins\org.apache.commons.cli_1.8.0.jar
2026-06-09 20:55:06,638 [Worker-56: Launching Controle Gastos] INFO  o.eclipse.m2e.core.internal.Bundles - getClasspathEntries(Bundle=org.apache.commons.commons-codec_1.16.0 [48])
2026-06-09 20:55:06,639 [Worker-56: Launching Controle Gastos] INFO  o.eclipse.m2e.core.internal.Bundles - 	Entry: C:\Users\willian\.p2\pool\plugins\org.apache.commons.commons-codec_1.16.0.jar
2026-06-09 20:55:06,639 [Worker-56: Launching Controle Gastos] INFO  o.eclipse.m2e.core.internal.Bundles - getClasspathEntries(Bundle=org.apache.commons.lang3_3.14.0 [54])
2026-06-09 20:55:06,639 [Worker-56: Launching Controle Gastos] INFO  o.eclipse.m2e.core.internal.Bundles - 	Entry: C:\Users\willian\.p2\pool\plugins\org.apache.commons.lang3_3.14.0.jar
2026-06-09 20:55:06,639 [Worker-56: Launching Controle Gastos] INFO  o.eclipse.m2e.core.internal.Bundles - getClasspathEntries(Bundle=com.google.guava.failureaccess_1.0.2 [11])
2026-06-09 20:55:06,639 [Worker-56: Launching Controle Gastos] INFO  o.eclipse.m2e.core.internal.Bundles - 	Entry: C:\Users\willian\.p2\pool\plugins\com.google.guava.failureaccess_1.0.2.jar
2026-06-09 20:55:06,641 [Worker-56: Launching Controle Gastos] INFO  o.e.m.i.launch.MavenLaunchDelegate - Run build in "C:\Users\willian\Desktop\Projeto-app-controle-de-gastos-programa-o-para-resolu-o-de-problemas-2\controle-gastos":
2026-06-09 20:55:06,641 [Worker-56: Launching Controle Gastos] INFO  o.e.m.i.launch.MavenLaunchDelegate -  mvn  -B -Dstyle.color=always javafx:run
2026-06-09 20:55:27,939 [Worker-58: Building] INFO  o.a.m.s.f.DefaultMavenResourcesFiltering - Copying 0 resource from src\main\resources to target\classes
2026-06-09 20:55:27,942 [Worker-58: Building] INFO  o.a.m.s.f.DefaultMavenResourcesFiltering - Copying 0 resource from src\test\resources to target\test-classes
2026-06-09 20:55:31,990 [Worker-59: Launching Controle Gastos] INFO  o.eclipse.m2e.core.internal.Bundles - getClasspathEntries(Bundle=org.eclipse.m2e.maven.runtime_3.9.700.20240602-2313 [299])
2026-06-09 20:55:31,991 [Worker-59: Launching Controle Gastos] INFO  o.eclipse.m2e.core.internal.Bundles - 	Entry: C:\Users\willian\.p2\pool\plugins\org.eclipse.m2e.maven.runtime_3.9.700.20240602-2313
2026-06-09 20:55:31,991 [Worker-59: Launching Controle Gastos] INFO  o.eclipse.m2e.core.internal.Bundles - 	Entry: C:\Users\willian\.p2\pool\plugins\org.eclipse.m2e.maven.runtime_3.9.700.20240602-2313\jars\aopalliance-1.0.jar
2026-06-09 20:55:31,991 [Worker-59: Launching Controle Gastos] INFO  o.eclipse.m2e.core.internal.Bundles - 	Entry: C:\Users\willian\.p2\pool\plugins\org.eclipse.m2e.maven.runtime_3.9.700.20240602-2313\jars\guice-5.1.0.jar
2026-06-09 20:55:31,991 [Worker-59: Launching Controle Gastos] INFO  o.eclipse.m2e.core.internal.Bundles - 	Entry: C:\Users\willian\.p2\pool\plugins\org.eclipse.m2e.maven.runtime_3.9.700.20240602-2313\jars\httpclient-4.5.14.jar
2026-06-09 20:55:31,991 [Worker-59: Launching Controle Gastos] INFO  o.eclipse.m2e.core.internal.Bundles - 	Entry: C:\Users\willian\.p2\pool\plugins\org.eclipse.m2e.maven.runtime_3.9.700.20240602-2313\jars\httpcore-4.4.16.jar
2026-06-09 20:55:31,992 [Worker-59: Launching Controle Gastos] INFO  o.eclipse.m2e.core.internal.Bundles - 	Entry: C:\Users\willian\.p2\pool\plugins\org.eclipse.m2e.maven.runtime_3.9.700.20240602-2313\jars\jansi-2.4.1.jar
2026-06-09 20:55:31,992 [Worker-59: Launching Controle Gastos] INFO  o.eclipse.m2e.core.internal.Bundles - 	Entry: C:\Users\willian\.p2\pool\plugins\org.eclipse.m2e.maven.runtime_3.9.700.20240602-2313\jars\jcl-over-slf4j-1.7.36.jar
2026-06-09 20:55:31,992 [Worker-59: Launching Controle Gastos] INFO  o.eclipse.m2e.core.internal.Bundles - 	Entry: C:\Users\willian\.p2\pool\plugins\org.eclipse.m2e.maven.runtime_3.9.700.20240602-2313\jars\maven-artifact-3.9.7.jar
2026-06-09 20:55:31,992 [Worker-59: Launching Controle Gastos] INFO  o.eclipse.m2e.core.internal.Bundles - 	Entry: C:\Users\willian\.p2\pool\plugins\org.eclipse.m2e.maven.runtime_3.9.700.20240602-2313\jars\maven-builder-support-3.9.7.jar
2026-06-09 20:55:31,992 [Worker-59: Launching Controle Gastos] INFO  o.eclipse.m2e.core.internal.Bundles - 	Entry: C:\Users\willian\.p2\pool\plugins\org.eclipse.m2e.maven.runtime_3.9.700.20240602-2313\jars\maven-compat-3.9.7.jar
2026-06-09 20:55:31,992 [Worker-59: Launching Controle Gastos] INFO  o.eclipse.m2e.core.internal.Bundles - 	Entry: C:\Users\willian\.p2\pool\plugins\org.eclipse.m2e.maven.runtime_3.9.700.20240602-2313\jars\maven-core-3.9.7.jar
2026-06-09 20:55:31,992 [Worker-59: Launching Controle Gastos] INFO  o.eclipse.m2e.core.internal.Bundles - 	Entry: C:\Users\willian\.p2\pool\plugins\org.eclipse.m2e.maven.runtime_3.9.700.20240602-2313\jars\maven-embedder-3.9.7.jar
2026-06-09 20:55:31,992 [Worker-59: Launching Controle Gastos] INFO  o.eclipse.m2e.core.internal.Bundles - 	Entry: C:\Users\willian\.p2\pool\plugins\org.eclipse.m2e.maven.runtime_3.9.700.20240602-2313\jars\maven-model-3.9.7.jar
2026-06-09 20:55:31,993 [Worker-59: Launching Controle Gastos] INFO  o.eclipse.m2e.core.internal.Bundles - 	Entry: C:\Users\willian\.p2\pool\plugins\org.eclipse.m2e.maven.runtime_3.9.700.20240602-2313\jars\maven-model-builder-3.9.7.jar
2026-06-09 20:55:31,993 [Worker-59: Launching Controle Gastos] INFO  o.eclipse.m2e.core.internal.Bundles - 	Entry: C:\Users\willian\.p2\pool\plugins\org.eclipse.m2e.maven.runtime_3.9.700.20240602-2313\jars\maven-plugin-api-3.9.7.jar
2026-06-09 20:55:31,993 [Worker-59: Launching Controle Gastos] INFO  o.eclipse.m2e.core.internal.Bundles - 	Entry: C:\Users\willian\.p2\pool\plugins\org.eclipse.m2e.maven.runtime_3.9.700.20240602-2313\jars\maven-repository-metadata-3.9.7.jar
2026-06-09 20:55:31,993 [Worker-59: Launching Controle Gastos] INFO  o.eclipse.m2e.core.internal.Bundles - 	Entry: C:\Users\willian\.p2\pool\plugins\org.eclipse.m2e.maven.runtime_3.9.700.20240602-2313\jars\maven-resolver-api-1.9.20.jar
2026-06-09 20:55:31,993 [Worker-59: Launching Controle Gastos] INFO  o.eclipse.m2e.core.internal.Bundles - 	Entry: C:\Users\willian\.p2\pool\plugins\org.eclipse.m2e.maven.runtime_3.9.700.20240602-2313\jars\maven-resolver-connector-basic-1.9.20.jar
2026-06-09 20:55:31,993 [Worker-59: Launching Controle Gastos] INFO  o.eclipse.m2e.core.internal.Bundles - 	Entry: C:\Users\willian\.p2\pool\plugins\org.eclipse.m2e.maven.runtime_3.9.700.20240602-2313\jars\maven-resolver-impl-1.9.20.jar
2026-06-09 20:55:31,993 [Worker-59: Launching Controle Gastos] INFO  o.eclipse.m2e.core.internal.Bundles - 	Entry: C:\Users\willian\.p2\pool\plugins\org.eclipse.m2e.maven.runtime_3.9.700.20240602-2313\jars\maven-resolver-named-locks-1.9.20.jar
2026-06-09 20:55:31,993 [Worker-59: Launching Controle Gastos] INFO  o.eclipse.m2e.core.internal.Bundles - 	Entry: C:\Users\willian\.p2\pool\plugins\org.eclipse.m2e.maven.runtime_3.9.700.20240602-2313\jars\maven-resolver-provider-3.9.7.jar
2026-06-09 20:55:31,994 [Worker-59: Launching Controle Gastos] INFO  o.eclipse.m2e.core.internal.Bundles - 	Entry: C:\Users\willian\.p2\pool\plugins\org.eclipse.m2e.maven.runtime_3.9.700.20240602-2313\jars\maven-resolver-spi-1.9.20.jar
2026-06-09 20:55:31,994 [Worker-59: Launching Controle Gastos] INFO  o.eclipse.m2e.core.internal.Bundles - 	Entry: C:\Users\willian\.p2\pool\plugins\org.eclipse.m2e.maven.runtime_3.9.700.20240602-2313\jars\maven-resolver-transport-file-1.9.20.jar
2026-06-09 20:55:31,994 [Worker-59: Launching Controle Gastos] INFO  o.eclipse.m2e.core.internal.Bundles - 	Entry: C:\Users\willian\.p2\pool\plugins\org.eclipse.m2e.maven.runtime_3.9.700.20240602-2313\jars\maven-resolver-transport-http-1.9.20.jar
2026-06-09 20:55:31,994 [Worker-59: Launching Controle Gastos] INFO  o.eclipse.m2e.core.internal.Bundles - 	Entry: C:\Users\willian\.p2\pool\plugins\org.eclipse.m2e.maven.runtime_3.9.700.20240602-2313\jars\maven-resolver-transport-wagon-1.9.20.jar
2026-06-09 20:55:31,994 [Worker-59: Launching Controle Gastos] INFO  o.eclipse.m2e.core.internal.Bundles - 	Entry: C:\Users\willian\.p2\pool\plugins\org.eclipse.m2e.maven.runtime_3.9.700.20240602-2313\jars\maven-resolver-util-1.9.20.jar
2026-06-09 20:55:31,994 [Worker-59: Launching Controle Gastos] INFO  o.eclipse.m2e.core.internal.Bundles - 	Entry: C:\Users\willian\.p2\pool\plugins\org.eclipse.m2e.maven.runtime_3.9.700.20240602-2313\jars\maven-settings-3.9.7.jar
2026-06-09 20:55:31,994 [Worker-59: Launching Controle Gastos] INFO  o.eclipse.m2e.core.internal.Bundles - 	Entry: C:\Users\willian\.p2\pool\plugins\org.eclipse.m2e.maven.runtime_3.9.700.20240602-2313\jars\maven-settings-builder-3.9.7.jar
2026-06-09 20:55:31,994 [Worker-59: Launching Controle Gastos] INFO  o.eclipse.m2e.core.internal.Bundles - 	Entry: C:\Users\willian\.p2\pool\plugins\org.eclipse.m2e.maven.runtime_3.9.700.20240602-2313\jars\maven-shared-utils-3.4.2.jar
2026-06-09 20:55:31,994 [Worker-59: Launching Controle Gastos] INFO  o.eclipse.m2e.core.internal.Bundles - 	Entry: C:\Users\willian\.p2\pool\plugins\org.eclipse.m2e.maven.runtime_3.9.700.20240602-2313\jars\org.eclipse.sisu.inject-0.9.0.M2.jar
2026-06-09 20:55:31,995 [Worker-59: Launching Controle Gastos] INFO  o.eclipse.m2e.core.internal.Bundles - 	Entry: C:\Users\willian\.p2\pool\plugins\org.eclipse.m2e.maven.runtime_3.9.700.20240602-2313\jars\org.eclipse.sisu.plexus-0.9.0.M2.jar
2026-06-09 20:55:31,995 [Worker-59: Launching Controle Gastos] INFO  o.eclipse.m2e.core.internal.Bundles - 	Entry: C:\Users\willian\.p2\pool\plugins\org.eclipse.m2e.maven.runtime_3.9.700.20240602-2313\jars\plexus-build-api-0.0.7.jar
2026-06-09 20:55:31,995 [Worker-59: Launching Controle Gastos] INFO  o.eclipse.m2e.core.internal.Bundles - 	Entry: C:\Users\willian\.p2\pool\plugins\org.eclipse.m2e.maven.runtime_3.9.700.20240602-2313\jars\plexus-build-api-1.2.0.jar
2026-06-09 20:55:31,995 [Worker-59: Launching Controle Gastos] INFO  o.eclipse.m2e.core.internal.Bundles - 	Entry: C:\Users\willian\.p2\pool\plugins\org.eclipse.m2e.maven.runtime_3.9.700.20240602-2313\jars\plexus-cipher-2.0.jar
2026-06-09 20:55:31,995 [Worker-59: Launching Controle Gastos] INFO  o.eclipse.m2e.core.internal.Bundles - 	Entry: C:\Users\willian\.p2\pool\plugins\org.eclipse.m2e.maven.runtime_3.9.700.20240602-2313\jars\plexus-classworlds-2.8.0.jar
2026-06-09 20:55:31,995 [Worker-59: Launching Controle Gastos] INFO  o.eclipse.m2e.core.internal.Bundles - 	Entry: C:\Users\willian\.p2\pool\plugins\org.eclipse.m2e.maven.runtime_3.9.700.20240602-2313\jars\plexus-component-annotations-2.1.0.jar
2026-06-09 20:55:31,995 [Worker-59: Launching Controle Gastos] INFO  o.eclipse.m2e.core.internal.Bundles - 	Entry: C:\Users\willian\.p2\pool\plugins\org.eclipse.m2e.maven.runtime_3.9.700.20240602-2313\jars\plexus-interpolation-1.27.jar
2026-06-09 20:55:31,995 [Worker-59: Launching Controle Gastos] INFO  o.eclipse.m2e.core.internal.Bundles - 	Entry: C:\Users\willian\.p2\pool\plugins\org.eclipse.m2e.maven.runtime_3.9.700.20240602-2313\jars\plexus-sec-dispatcher-2.0.jar
2026-06-09 20:55:31,996 [Worker-59: Launching Controle Gastos] INFO  o.eclipse.m2e.core.internal.Bundles - 	Entry: C:\Users\willian\.p2\pool\plugins\org.eclipse.m2e.maven.runtime_3.9.700.20240602-2313\jars\plexus-utils-3.5.1.jar
2026-06-09 20:55:31,996 [Worker-59: Launching Controle Gastos] INFO  o.eclipse.m2e.core.internal.Bundles - 	Entry: C:\Users\willian\.p2\pool\plugins\org.eclipse.m2e.maven.runtime_3.9.700.20240602-2313\jars\wagon-file-3.5.3.jar
2026-06-09 20:55:31,996 [Worker-59: Launching Controle Gastos] INFO  o.eclipse.m2e.core.internal.Bundles - 	Entry: C:\Users\willian\.p2\pool\plugins\org.eclipse.m2e.maven.runtime_3.9.700.20240602-2313\jars\wagon-http-3.5.3.jar
2026-06-09 20:55:31,996 [Worker-59: Launching Controle Gastos] INFO  o.eclipse.m2e.core.internal.Bundles - 	Entry: C:\Users\willian\.p2\pool\plugins\org.eclipse.m2e.maven.runtime_3.9.700.20240602-2313\jars\wagon-http-shared-3.5.3.jar
2026-06-09 20:55:31,996 [Worker-59: Launching Controle Gastos] INFO  o.eclipse.m2e.core.internal.Bundles - 	Entry: C:\Users\willian\.p2\pool\plugins\org.eclipse.m2e.maven.runtime_3.9.700.20240602-2313\jars\wagon-provider-api-3.5.3.jar
2026-06-09 20:55:31,996 [Worker-59: Launching Controle Gastos] INFO  o.eclipse.m2e.core.internal.Bundles - getClasspathEntries(Bundle=com.google.guava_33.2.0.jre [10])
2026-06-09 20:55:31,997 [Worker-59: Launching Controle Gastos] INFO  o.eclipse.m2e.core.internal.Bundles - 	Entry: C:\Users\willian\.p2\pool\plugins\com.google.guava_33.2.0.jre.jar
2026-06-09 20:55:31,997 [Worker-59: Launching Controle Gastos] INFO  o.eclipse.m2e.core.internal.Bundles - getClasspathEntries(Bundle=slf4j.api_2.0.13 [520])
2026-06-09 20:55:31,997 [Worker-59: Launching Controle Gastos] INFO  o.eclipse.m2e.core.internal.Bundles - 	Entry: C:\Users\willian\.p2\pool\plugins\slf4j.api_2.0.13.jar
2026-06-09 20:55:31,997 [Worker-59: Launching Controle Gastos] INFO  o.eclipse.m2e.core.internal.Bundles - getClasspathEntries(Bundle=jakarta.inject.jakarta.inject-api_1.0.5 [21])
2026-06-09 20:55:31,998 [Worker-59: Launching Controle Gastos] INFO  o.eclipse.m2e.core.internal.Bundles - 	Entry: C:\Users\willian\.p2\pool\plugins\jakarta.inject.jakarta.inject-api_1.0.5.jar
2026-06-09 20:55:31,998 [Worker-59: Launching Controle Gastos] INFO  o.eclipse.m2e.core.internal.Bundles - getClasspathEntries(Bundle=javax.annotation_1.3.5.v20200909-1856 [24])
2026-06-09 20:55:31,998 [Worker-59: Launching Controle Gastos] INFO  o.eclipse.m2e.core.internal.Bundles - 	Entry: C:\Users\willian\.p2\pool\plugins\javax.annotation_1.3.5.v20200909-1856.jar
2026-06-09 20:55:31,998 [Worker-59: Launching Controle Gastos] INFO  o.eclipse.m2e.core.internal.Bundles - getClasspathEntries(Bundle=org.apache.commons.cli_1.8.0 [47])
2026-06-09 20:55:31,998 [Worker-59: Launching Controle Gastos] INFO  o.eclipse.m2e.core.internal.Bundles - 	Entry: C:\Users\willian\.p2\pool\plugins\org.apache.commons.cli_1.8.0.jar
2026-06-09 20:55:31,998 [Worker-59: Launching Controle Gastos] INFO  o.eclipse.m2e.core.internal.Bundles - getClasspathEntries(Bundle=org.apache.commons.commons-codec_1.16.0 [48])
2026-06-09 20:55:31,999 [Worker-59: Launching Controle Gastos] INFO  o.eclipse.m2e.core.internal.Bundles - 	Entry: C:\Users\willian\.p2\pool\plugins\org.apache.commons.commons-codec_1.16.0.jar
2026-06-09 20:55:31,999 [Worker-59: Launching Controle Gastos] INFO  o.eclipse.m2e.core.internal.Bundles - getClasspathEntries(Bundle=org.apache.commons.lang3_3.14.0 [54])
2026-06-09 20:55:31,999 [Worker-59: Launching Controle Gastos] INFO  o.eclipse.m2e.core.internal.Bundles - 	Entry: C:\Users\willian\.p2\pool\plugins\org.apache.commons.lang3_3.14.0.jar
2026-06-09 20:55:31,999 [Worker-59: Launching Controle Gastos] INFO  o.eclipse.m2e.core.internal.Bundles - getClasspathEntries(Bundle=com.google.guava.failureaccess_1.0.2 [11])
2026-06-09 20:55:31,999 [Worker-59: Launching Controle Gastos] INFO  o.eclipse.m2e.core.internal.Bundles - 	Entry: C:\Users\willian\.p2\pool\plugins\com.google.guava.failureaccess_1.0.2.jar
2026-06-09 20:55:32,001 [Worker-59: Launching Controle Gastos] INFO  o.e.m.i.launch.MavenLaunchDelegate - Run build in "C:\Users\willian\Desktop\Projeto-app-controle-de-gastos-programa-o-para-resolu-o-de-problemas-2\controle-gastos":
2026-06-09 20:55:32,001 [Worker-59: Launching Controle Gastos] INFO  o.e.m.i.launch.MavenLaunchDelegate -  mvn  -B -Dstyle.color=always javafx:run
2026-06-09 20:55:57,093 [Worker-61: Launching Controle Gastos] INFO  o.eclipse.m2e.core.internal.Bundles - getClasspathEntries(Bundle=org.eclipse.m2e.maven.runtime_3.9.700.20240602-2313 [299])
2026-06-09 20:55:57,094 [Worker-61: Launching Controle Gastos] INFO  o.eclipse.m2e.core.internal.Bundles - 	Entry: C:\Users\willian\.p2\pool\plugins\org.eclipse.m2e.maven.runtime_3.9.700.20240602-2313
2026-06-09 20:55:57,094 [Worker-61: Launching Controle Gastos] INFO  o.eclipse.m2e.core.internal.Bundles - 	Entry: C:\Users\willian\.p2\pool\plugins\org.eclipse.m2e.maven.runtime_3.9.700.20240602-2313\jars\aopalliance-1.0.jar
2026-06-09 20:55:57,095 [Worker-61: Launching Controle Gastos] INFO  o.eclipse.m2e.core.internal.Bundles - 	Entry: C:\Users\willian\.p2\pool\plugins\org.eclipse.m2e.maven.runtime_3.9.700.20240602-2313\jars\guice-5.1.0.jar
2026-06-09 20:55:57,095 [Worker-61: Launching Controle Gastos] INFO  o.eclipse.m2e.core.internal.Bundles - 	Entry: C:\Users\willian\.p2\pool\plugins\org.eclipse.m2e.maven.runtime_3.9.700.20240602-2313\jars\httpclient-4.5.14.jar
2026-06-09 20:55:57,095 [Worker-61: Launching Controle Gastos] INFO  o.eclipse.m2e.core.internal.Bundles - 	Entry: C:\Users\willian\.p2\pool\plugins\org.eclipse.m2e.maven.runtime_3.9.700.20240602-2313\jars\httpcore-4.4.16.jar
2026-06-09 20:55:57,095 [Worker-61: Launching Controle Gastos] INFO  o.eclipse.m2e.core.internal.Bundles - 	Entry: C:\Users\willian\.p2\pool\plugins\org.eclipse.m2e.maven.runtime_3.9.700.20240602-2313\jars\jansi-2.4.1.jar
2026-06-09 20:55:57,095 [Worker-61: Launching Controle Gastos] INFO  o.eclipse.m2e.core.internal.Bundles - 	Entry: C:\Users\willian\.p2\pool\plugins\org.eclipse.m2e.maven.runtime_3.9.700.20240602-2313\jars\jcl-over-slf4j-1.7.36.jar
2026-06-09 20:55:57,095 [Worker-61: Launching Controle Gastos] INFO  o.eclipse.m2e.core.internal.Bundles - 	Entry: C:\Users\willian\.p2\pool\plugins\org.eclipse.m2e.maven.runtime_3.9.700.20240602-2313\jars\maven-artifact-3.9.7.jar
2026-06-09 20:55:57,096 [Worker-61: Launching Controle Gastos] INFO  o.eclipse.m2e.core.internal.Bundles - 	Entry: C:\Users\willian\.p2\pool\plugins\org.eclipse.m2e.maven.runtime_3.9.700.20240602-2313\jars\maven-builder-support-3.9.7.jar
2026-06-09 20:55:57,096 [Worker-61: Launching Controle Gastos] INFO  o.eclipse.m2e.core.internal.Bundles - 	Entry: C:\Users\willian\.p2\pool\plugins\org.eclipse.m2e.maven.runtime_3.9.700.20240602-2313\jars\maven-compat-3.9.7.jar
2026-06-09 20:55:57,096 [Worker-61: Launching Controle Gastos] INFO  o.eclipse.m2e.core.internal.Bundles - 	Entry: C:\Users\willian\.p2\pool\plugins\org.eclipse.m2e.maven.runtime_3.9.700.20240602-2313\jars\maven-core-3.9.7.jar
2026-06-09 20:55:57,096 [Worker-61: Launching Controle Gastos] INFO  o.eclipse.m2e.core.internal.Bundles - 	Entry: C:\Users\willian\.p2\pool\plugins\org.eclipse.m2e.maven.runtime_3.9.700.20240602-2313\jars\maven-embedder-3.9.7.jar
2026-06-09 20:55:57,096 [Worker-61: Launching Controle Gastos] INFO  o.eclipse.m2e.core.internal.Bundles - 	Entry: C:\Users\willian\.p2\pool\plugins\org.eclipse.m2e.maven.runtime_3.9.700.20240602-2313\jars\maven-model-3.9.7.jar
2026-06-09 20:55:57,096 [Worker-61: Launching Controle Gastos] INFO  o.eclipse.m2e.core.internal.Bundles - 	Entry: C:\Users\willian\.p2\pool\plugins\org.eclipse.m2e.maven.runtime_3.9.700.20240602-2313\jars\maven-model-builder-3.9.7.jar
2026-06-09 20:55:57,096 [Worker-61: Launching Controle Gastos] INFO  o.eclipse.m2e.core.internal.Bundles - 	Entry: C:\Users\willian\.p2\pool\plugins\org.eclipse.m2e.maven.runtime_3.9.700.20240602-2313\jars\maven-plugin-api-3.9.7.jar
2026-06-09 20:55:57,096 [Worker-61: Launching Controle Gastos] INFO  o.eclipse.m2e.core.internal.Bundles - 	Entry: C:\Users\willian\.p2\pool\plugins\org.eclipse.m2e.maven.runtime_3.9.700.20240602-2313\jars\maven-repository-metadata-3.9.7.jar
2026-06-09 20:55:57,097 [Worker-61: Launching Controle Gastos] INFO  o.eclipse.m2e.core.internal.Bundles - 	Entry: C:\Users\willian\.p2\pool\plugins\org.eclipse.m2e.maven.runtime_3.9.700.20240602-2313\jars\maven-resolver-api-1.9.20.jar
2026-06-09 20:55:57,097 [Worker-61: Launching Controle Gastos] INFO  o.eclipse.m2e.core.internal.Bundles - 	Entry: C:\Users\willian\.p2\pool\plugins\org.eclipse.m2e.maven.runtime_3.9.700.20240602-2313\jars\maven-resolver-connector-basic-1.9.20.jar
2026-06-09 20:55:57,097 [Worker-61: Launching Controle Gastos] INFO  o.eclipse.m2e.core.internal.Bundles - 	Entry: C:\Users\willian\.p2\pool\plugins\org.eclipse.m2e.maven.runtime_3.9.700.20240602-2313\jars\maven-resolver-impl-1.9.20.jar
2026-06-09 20:55:57,097 [Worker-61: Launching Controle Gastos] INFO  o.eclipse.m2e.core.internal.Bundles - 	Entry: C:\Users\willian\.p2\pool\plugins\org.eclipse.m2e.maven.runtime_3.9.700.20240602-2313\jars\maven-resolver-named-locks-1.9.20.jar
2026-06-09 20:55:57,097 [Worker-61: Launching Controle Gastos] INFO  o.eclipse.m2e.core.internal.Bundles - 	Entry: C:\Users\willian\.p2\pool\plugins\org.eclipse.m2e.maven.runtime_3.9.700.20240602-2313\jars\maven-resolver-provider-3.9.7.jar
2026-06-09 20:55:57,097 [Worker-61: Launching Controle Gastos] INFO  o.eclipse.m2e.core.internal.Bundles - 	Entry: C:\Users\willian\.p2\pool\plugins\org.eclipse.m2e.maven.runtime_3.9.700.20240602-2313\jars\maven-resolver-spi-1.9.20.jar
2026-06-09 20:55:57,097 [Worker-61: Launching Controle Gastos] INFO  o.eclipse.m2e.core.internal.Bundles - 	Entry: C:\Users\willian\.p2\pool\plugins\org.eclipse.m2e.maven.runtime_3.9.700.20240602-2313\jars\maven-resolver-transport-file-1.9.20.jar
2026-06-09 20:55:57,098 [Worker-61: Launching Controle Gastos] INFO  o.eclipse.m2e.core.internal.Bundles - 	Entry: C:\Users\willian\.p2\pool\plugins\org.eclipse.m2e.maven.runtime_3.9.700.20240602-2313\jars\maven-resolver-transport-http-1.9.20.jar
2026-06-09 20:55:57,098 [Worker-61: Launching Controle Gastos] INFO  o.eclipse.m2e.core.internal.Bundles - 	Entry: C:\Users\willian\.p2\pool\plugins\org.eclipse.m2e.maven.runtime_3.9.700.20240602-2313\jars\maven-resolver-transport-wagon-1.9.20.jar
2026-06-09 20:55:57,098 [Worker-61: Launching Controle Gastos] INFO  o.eclipse.m2e.core.internal.Bundles - 	Entry: C:\Users\willian\.p2\pool\plugins\org.eclipse.m2e.maven.runtime_3.9.700.20240602-2313\jars\maven-resolver-util-1.9.20.jar
2026-06-09 20:55:57,098 [Worker-61: Launching Controle Gastos] INFO  o.eclipse.m2e.core.internal.Bundles - 	Entry: C:\Users\willian\.p2\pool\plugins\org.eclipse.m2e.maven.runtime_3.9.700.20240602-2313\jars\maven-settings-3.9.7.jar
2026-06-09 20:55:57,098 [Worker-61: Launching Controle Gastos] INFO  o.eclipse.m2e.core.internal.Bundles - 	Entry: C:\Users\willian\.p2\pool\plugins\org.eclipse.m2e.maven.runtime_3.9.700.20240602-2313\jars\maven-settings-builder-3.9.7.jar
2026-06-09 20:55:57,098 [Worker-61: Launching Controle Gastos] INFO  o.eclipse.m2e.core.internal.Bundles - 	Entry: C:\Users\willian\.p2\pool\plugins\org.eclipse.m2e.maven.runtime_3.9.700.20240602-2313\jars\maven-shared-utils-3.4.2.jar
2026-06-09 20:55:57,099 [Worker-61: Launching Controle Gastos] INFO  o.eclipse.m2e.core.internal.Bundles - 	Entry: C:\Users\willian\.p2\pool\plugins\org.eclipse.m2e.maven.runtime_3.9.700.20240602-2313\jars\org.eclipse.sisu.inject-0.9.0.M2.jar
2026-06-09 20:55:57,099 [Worker-61: Launching Controle Gastos] INFO  o.eclipse.m2e.core.internal.Bundles - 	Entry: C:\Users\willian\.p2\pool\plugins\org.eclipse.m2e.maven.runtime_3.9.700.20240602-2313\jars\org.eclipse.sisu.plexus-0.9.0.M2.jar
2026-06-09 20:55:57,099 [Worker-61: Launching Controle Gastos] INFO  o.eclipse.m2e.core.internal.Bundles - 	Entry: C:\Users\willian\.p2\pool\plugins\org.eclipse.m2e.maven.runtime_3.9.700.20240602-2313\jars\plexus-build-api-0.0.7.jar
2026-06-09 20:55:57,099 [Worker-61: Launching Controle Gastos] INFO  o.eclipse.m2e.core.internal.Bundles - 	Entry: C:\Users\willian\.p2\pool\plugins\org.eclipse.m2e.maven.runtime_3.9.700.20240602-2313\jars\plexus-build-api-1.2.0.jar
2026-06-09 20:55:57,099 [Worker-61: Launching Controle Gastos] INFO  o.eclipse.m2e.core.internal.Bundles - 	Entry: C:\Users\willian\.p2\pool\plugins\org.eclipse.m2e.maven.runtime_3.9.700.20240602-2313\jars\plexus-cipher-2.0.jar
2026-06-09 20:55:57,099 [Worker-61: Launching Controle Gastos] INFO  o.eclipse.m2e.core.internal.Bundles - 	Entry: C:\Users\willian\.p2\pool\plugins\org.eclipse.m2e.maven.runtime_3.9.700.20240602-2313\jars\plexus-classworlds-2.8.0.jar
2026-06-09 20:55:57,100 [Worker-61: Launching Controle Gastos] INFO  o.eclipse.m2e.core.internal.Bundles - 	Entry: C:\Users\willian\.p2\pool\plugins\org.eclipse.m2e.maven.runtime_3.9.700.20240602-2313\jars\plexus-component-annotations-2.1.0.jar
2026-06-09 20:55:57,100 [Worker-61: Launching Controle Gastos] INFO  o.eclipse.m2e.core.internal.Bundles - 	Entry: C:\Users\willian\.p2\pool\plugins\org.eclipse.m2e.maven.runtime_3.9.700.20240602-2313\jars\plexus-interpolation-1.27.jar
2026-06-09 20:55:57,100 [Worker-61: Launching Controle Gastos] INFO  o.eclipse.m2e.core.internal.Bundles - 	Entry: C:\Users\willian\.p2\pool\plugins\org.eclipse.m2e.maven.runtime_3.9.700.20240602-2313\jars\plexus-sec-dispatcher-2.0.jar
2026-06-09 20:55:57,100 [Worker-61: Launching Controle Gastos] INFO  o.eclipse.m2e.core.internal.Bundles - 	Entry: C:\Users\willian\.p2\pool\plugins\org.eclipse.m2e.maven.runtime_3.9.700.20240602-2313\jars\plexus-utils-3.5.1.jar
2026-06-09 20:55:57,100 [Worker-61: Launching Controle Gastos] INFO  o.eclipse.m2e.core.internal.Bundles - 	Entry: C:\Users\willian\.p2\pool\plugins\org.eclipse.m2e.maven.runtime_3.9.700.20240602-2313\jars\wagon-file-3.5.3.jar
2026-06-09 20:55:57,100 [Worker-61: Launching Controle Gastos] INFO  o.eclipse.m2e.core.internal.Bundles - 	Entry: C:\Users\willian\.p2\pool\plugins\org.eclipse.m2e.maven.runtime_3.9.700.20240602-2313\jars\wagon-http-3.5.3.jar
2026-06-09 20:55:57,101 [Worker-61: Launching Controle Gastos] INFO  o.eclipse.m2e.core.internal.Bundles - 	Entry: C:\Users\willian\.p2\pool\plugins\org.eclipse.m2e.maven.runtime_3.9.700.20240602-2313\jars\wagon-http-shared-3.5.3.jar
2026-06-09 20:55:57,101 [Worker-61: Launching Controle Gastos] INFO  o.eclipse.m2e.core.internal.Bundles - 	Entry: C:\Users\willian\.p2\pool\plugins\org.eclipse.m2e.maven.runtime_3.9.700.20240602-2313\jars\wagon-provider-api-3.5.3.jar
2026-06-09 20:55:57,101 [Worker-61: Launching Controle Gastos] INFO  o.eclipse.m2e.core.internal.Bundles - getClasspathEntries(Bundle=com.google.guava_33.2.0.jre [10])
2026-06-09 20:55:57,101 [Worker-61: Launching Controle Gastos] INFO  o.eclipse.m2e.core.internal.Bundles - 	Entry: C:\Users\willian\.p2\pool\plugins\com.google.guava_33.2.0.jre.jar
2026-06-09 20:55:57,101 [Worker-61: Launching Controle Gastos] INFO  o.eclipse.m2e.core.internal.Bundles - getClasspathEntries(Bundle=slf4j.api_2.0.13 [520])
2026-06-09 20:55:57,102 [Worker-61: Launching Controle Gastos] INFO  o.eclipse.m2e.core.internal.Bundles - 	Entry: C:\Users\willian\.p2\pool\plugins\slf4j.api_2.0.13.jar
2026-06-09 20:55:57,102 [Worker-61: Launching Controle Gastos] INFO  o.eclipse.m2e.core.internal.Bundles - getClasspathEntries(Bundle=jakarta.inject.jakarta.inject-api_1.0.5 [21])
2026-06-09 20:55:57,102 [Worker-61: Launching Controle Gastos] INFO  o.eclipse.m2e.core.internal.Bundles - 	Entry: C:\Users\willian\.p2\pool\plugins\jakarta.inject.jakarta.inject-api_1.0.5.jar
2026-06-09 20:55:57,102 [Worker-61: Launching Controle Gastos] INFO  o.eclipse.m2e.core.internal.Bundles - getClasspathEntries(Bundle=javax.annotation_1.3.5.v20200909-1856 [24])
2026-06-09 20:55:57,102 [Worker-61: Launching Controle Gastos] INFO  o.eclipse.m2e.core.internal.Bundles - 	Entry: C:\Users\willian\.p2\pool\plugins\javax.annotation_1.3.5.v20200909-1856.jar
2026-06-09 20:55:57,102 [Worker-61: Launching Controle Gastos] INFO  o.eclipse.m2e.core.internal.Bundles - getClasspathEntries(Bundle=org.apache.commons.cli_1.8.0 [47])
2026-06-09 20:55:57,103 [Worker-61: Launching Controle Gastos] INFO  o.eclipse.m2e.core.internal.Bundles - 	Entry: C:\Users\willian\.p2\pool\plugins\org.apache.commons.cli_1.8.0.jar
2026-06-09 20:55:57,103 [Worker-61: Launching Controle Gastos] INFO  o.eclipse.m2e.core.internal.Bundles - getClasspathEntries(Bundle=org.apache.commons.commons-codec_1.16.0 [48])
2026-06-09 20:55:57,103 [Worker-61: Launching Controle Gastos] INFO  o.eclipse.m2e.core.internal.Bundles - 	Entry: C:\Users\willian\.p2\pool\plugins\org.apache.commons.commons-codec_1.16.0.jar
2026-06-09 20:55:57,103 [Worker-61: Launching Controle Gastos] INFO  o.eclipse.m2e.core.internal.Bundles - getClasspathEntries(Bundle=org.apache.commons.lang3_3.14.0 [54])
2026-06-09 20:55:57,103 [Worker-61: Launching Controle Gastos] INFO  o.eclipse.m2e.core.internal.Bundles - 	Entry: C:\Users\willian\.p2\pool\plugins\org.apache.commons.lang3_3.14.0.jar
2026-06-09 20:55:57,103 [Worker-61: Launching Controle Gastos] INFO  o.eclipse.m2e.core.internal.Bundles - getClasspathEntries(Bundle=com.google.guava.failureaccess_1.0.2 [11])
2026-06-09 20:55:57,104 [Worker-61: Launching Controle Gastos] INFO  o.eclipse.m2e.core.internal.Bundles - 	Entry: C:\Users\willian\.p2\pool\plugins\com.google.guava.failureaccess_1.0.2.jar
2026-06-09 20:55:57,105 [Worker-61: Launching Controle Gastos] INFO  o.e.m.i.launch.MavenLaunchDelegate - Run build in "C:\Users\willian\Desktop\Projeto-app-controle-de-gastos-programa-o-para-resolu-o-de-problemas-2\controle-gastos":
2026-06-09 20:55:57,105 [Worker-61: Launching Controle Gastos] INFO  o.e.m.i.launch.MavenLaunchDelegate -  mvn  -B -Dstyle.color=always javafx:run
2026-06-09 20:58:12,248 [Worker-58: Building] INFO  o.a.m.s.f.DefaultMavenResourcesFiltering - Copying 0 resource from src\main\resources to target\classes
2026-06-09 20:58:12,251 [Worker-58: Building] INFO  o.a.m.s.f.DefaultMavenResourcesFiltering - Copying 0 resource from src\test\resources to target\test-classes
2026-06-09 20:58:14,283 [Worker-58: Launching Controle Gastos] INFO  o.eclipse.m2e.core.internal.Bundles - getClasspathEntries(Bundle=org.eclipse.m2e.maven.runtime_3.9.700.20240602-2313 [299])
2026-06-09 20:58:14,284 [Worker-58: Launching Controle Gastos] INFO  o.eclipse.m2e.core.internal.Bundles - 	Entry: C:\Users\willian\.p2\pool\plugins\org.eclipse.m2e.maven.runtime_3.9.700.20240602-2313
2026-06-09 20:58:14,284 [Worker-58: Launching Controle Gastos] INFO  o.eclipse.m2e.core.internal.Bundles - 	Entry: C:\Users\willian\.p2\pool\plugins\org.eclipse.m2e.maven.runtime_3.9.700.20240602-2313\jars\aopalliance-1.0.jar
2026-06-09 20:58:14,284 [Worker-58: Launching Controle Gastos] INFO  o.eclipse.m2e.core.internal.Bundles - 	Entry: C:\Users\willian\.p2\pool\plugins\org.eclipse.m2e.maven.runtime_3.9.700.20240602-2313\jars\guice-5.1.0.jar
2026-06-09 20:58:14,284 [Worker-58: Launching Controle Gastos] INFO  o.eclipse.m2e.core.internal.Bundles - 	Entry: C:\Users\willian\.p2\pool\plugins\org.eclipse.m2e.maven.runtime_3.9.700.20240602-2313\jars\httpclient-4.5.14.jar
2026-06-09 20:58:14,284 [Worker-58: Launching Controle Gastos] INFO  o.eclipse.m2e.core.internal.Bundles - 	Entry: C:\Users\willian\.p2\pool\plugins\org.eclipse.m2e.maven.runtime_3.9.700.20240602-2313\jars\httpcore-4.4.16.jar
2026-06-09 20:58:14,285 [Worker-58: Launching Controle Gastos] INFO  o.eclipse.m2e.core.internal.Bundles - 	Entry: C:\Users\willian\.p2\pool\plugins\org.eclipse.m2e.maven.runtime_3.9.700.20240602-2313\jars\jansi-2.4.1.jar
2026-06-09 20:58:14,285 [Worker-58: Launching Controle Gastos] INFO  o.eclipse.m2e.core.internal.Bundles - 	Entry: C:\Users\willian\.p2\pool\plugins\org.eclipse.m2e.maven.runtime_3.9.700.20240602-2313\jars\jcl-over-slf4j-1.7.36.jar
2026-06-09 20:58:14,285 [Worker-58: Launching Controle Gastos] INFO  o.eclipse.m2e.core.internal.Bundles - 	Entry: C:\Users\willian\.p2\pool\plugins\org.eclipse.m2e.maven.runtime_3.9.700.20240602-2313\jars\maven-artifact-3.9.7.jar
2026-06-09 20:58:14,285 [Worker-58: Launching Controle Gastos] INFO  o.eclipse.m2e.core.internal.Bundles - 	Entry: C:\Users\willian\.p2\pool\plugins\org.eclipse.m2e.maven.runtime_3.9.700.20240602-2313\jars\maven-builder-support-3.9.7.jar
2026-06-09 20:58:14,285 [Worker-58: Launching Controle Gastos] INFO  o.eclipse.m2e.core.internal.Bundles - 	Entry: C:\Users\willian\.p2\pool\plugins\org.eclipse.m2e.maven.runtime_3.9.700.20240602-2313\jars\maven-compat-3.9.7.jar
2026-06-09 20:58:14,285 [Worker-58: Launching Controle Gastos] INFO  o.eclipse.m2e.core.internal.Bundles - 	Entry: C:\Users\willian\.p2\pool\plugins\org.eclipse.m2e.maven.runtime_3.9.700.20240602-2313\jars\maven-core-3.9.7.jar
2026-06-09 20:58:14,285 [Worker-58: Launching Controle Gastos] INFO  o.eclipse.m2e.core.internal.Bundles - 	Entry: C:\Users\willian\.p2\pool\plugins\org.eclipse.m2e.maven.runtime_3.9.700.20240602-2313\jars\maven-embedder-3.9.7.jar
2026-06-09 20:58:14,285 [Worker-58: Launching Controle Gastos] INFO  o.eclipse.m2e.core.internal.Bundles - 	Entry: C:\Users\willian\.p2\pool\plugins\org.eclipse.m2e.maven.runtime_3.9.700.20240602-2313\jars\maven-model-3.9.7.jar
2026-06-09 20:58:14,285 [Worker-58: Launching Controle Gastos] INFO  o.eclipse.m2e.core.internal.Bundles - 	Entry: C:\Users\willian\.p2\pool\plugins\org.eclipse.m2e.maven.runtime_3.9.700.20240602-2313\jars\maven-model-builder-3.9.7.jar
2026-06-09 20:58:14,286 [Worker-58: Launching Controle Gastos] INFO  o.eclipse.m2e.core.internal.Bundles - 	Entry: C:\Users\willian\.p2\pool\plugins\org.eclipse.m2e.maven.runtime_3.9.700.20240602-2313\jars\maven-plugin-api-3.9.7.jar
2026-06-09 20:58:14,286 [Worker-58: Launching Controle Gastos] INFO  o.eclipse.m2e.core.internal.Bundles - 	Entry: C:\Users\willian\.p2\pool\plugins\org.eclipse.m2e.maven.runtime_3.9.700.20240602-2313\jars\maven-repository-metadata-3.9.7.jar
2026-06-09 20:58:14,286 [Worker-58: Launching Controle Gastos] INFO  o.eclipse.m2e.core.internal.Bundles - 	Entry: C:\Users\willian\.p2\pool\plugins\org.eclipse.m2e.maven.runtime_3.9.700.20240602-2313\jars\maven-resolver-api-1.9.20.jar
2026-06-09 20:58:14,286 [Worker-58: Launching Controle Gastos] INFO  o.eclipse.m2e.core.internal.Bundles - 	Entry: C:\Users\willian\.p2\pool\plugins\org.eclipse.m2e.maven.runtime_3.9.700.20240602-2313\jars\maven-resolver-connector-basic-1.9.20.jar
2026-06-09 20:58:14,286 [Worker-58: Launching Controle Gastos] INFO  o.eclipse.m2e.core.internal.Bundles - 	Entry: C:\Users\willian\.p2\pool\plugins\org.eclipse.m2e.maven.runtime_3.9.700.20240602-2313\jars\maven-resolver-impl-1.9.20.jar
2026-06-09 20:58:14,286 [Worker-58: Launching Controle Gastos] INFO  o.eclipse.m2e.core.internal.Bundles - 	Entry: C:\Users\willian\.p2\pool\plugins\org.eclipse.m2e.maven.runtime_3.9.700.20240602-2313\jars\maven-resolver-named-locks-1.9.20.jar
2026-06-09 20:58:14,286 [Worker-58: Launching Controle Gastos] INFO  o.eclipse.m2e.core.internal.Bundles - 	Entry: C:\Users\willian\.p2\pool\plugins\org.eclipse.m2e.maven.runtime_3.9.700.20240602-2313\jars\maven-resolver-provider-3.9.7.jar
2026-06-09 20:58:14,286 [Worker-58: Launching Controle Gastos] INFO  o.eclipse.m2e.core.internal.Bundles - 	Entry: C:\Users\willian\.p2\pool\plugins\org.eclipse.m2e.maven.runtime_3.9.700.20240602-2313\jars\maven-resolver-spi-1.9.20.jar
2026-06-09 20:58:14,286 [Worker-58: Launching Controle Gastos] INFO  o.eclipse.m2e.core.internal.Bundles - 	Entry: C:\Users\willian\.p2\pool\plugins\org.eclipse.m2e.maven.runtime_3.9.700.20240602-2313\jars\maven-resolver-transport-file-1.9.20.jar
2026-06-09 20:58:14,286 [Worker-58: Launching Controle Gastos] INFO  o.eclipse.m2e.core.internal.Bundles - 	Entry: C:\Users\willian\.p2\pool\plugins\org.eclipse.m2e.maven.runtime_3.9.700.20240602-2313\jars\maven-resolver-transport-http-1.9.20.jar
2026-06-09 20:58:14,287 [Worker-58: Launching Controle Gastos] INFO  o.eclipse.m2e.core.internal.Bundles - 	Entry: C:\Users\willian\.p2\pool\plugins\org.eclipse.m2e.maven.runtime_3.9.700.20240602-2313\jars\maven-resolver-transport-wagon-1.9.20.jar
2026-06-09 20:58:14,287 [Worker-58: Launching Controle Gastos] INFO  o.eclipse.m2e.core.internal.Bundles - 	Entry: C:\Users\willian\.p2\pool\plugins\org.eclipse.m2e.maven.runtime_3.9.700.20240602-2313\jars\maven-resolver-util-1.9.20.jar
2026-06-09 20:58:14,287 [Worker-58: Launching Controle Gastos] INFO  o.eclipse.m2e.core.internal.Bundles - 	Entry: C:\Users\willian\.p2\pool\plugins\org.eclipse.m2e.maven.runtime_3.9.700.20240602-2313\jars\maven-settings-3.9.7.jar
2026-06-09 20:58:14,287 [Worker-58: Launching Controle Gastos] INFO  o.eclipse.m2e.core.internal.Bundles - 	Entry: C:\Users\willian\.p2\pool\plugins\org.eclipse.m2e.maven.runtime_3.9.700.20240602-2313\jars\maven-settings-builder-3.9.7.jar
2026-06-09 20:58:14,287 [Worker-58: Launching Controle Gastos] INFO  o.eclipse.m2e.core.internal.Bundles - 	Entry: C:\Users\willian\.p2\pool\plugins\org.eclipse.m2e.maven.runtime_3.9.700.20240602-2313\jars\maven-shared-utils-3.4.2.jar
2026-06-09 20:58:14,287 [Worker-58: Launching Controle Gastos] INFO  o.eclipse.m2e.core.internal.Bundles - 	Entry: C:\Users\willian\.p2\pool\plugins\org.eclipse.m2e.maven.runtime_3.9.700.20240602-2313\jars\org.eclipse.sisu.inject-0.9.0.M2.jar
2026-06-09 20:58:14,288 [Worker-58: Launching Controle Gastos] INFO  o.eclipse.m2e.core.internal.Bundles - 	Entry: C:\Users\willian\.p2\pool\plugins\org.eclipse.m2e.maven.runtime_3.9.700.20240602-2313\jars\org.eclipse.sisu.plexus-0.9.0.M2.jar
2026-06-09 20:58:14,288 [Worker-58: Launching Controle Gastos] INFO  o.eclipse.m2e.core.internal.Bundles - 	Entry: C:\Users\willian\.p2\pool\plugins\org.eclipse.m2e.maven.runtime_3.9.700.20240602-2313\jars\plexus-build-api-0.0.7.jar
2026-06-09 20:58:14,288 [Worker-58: Launching Controle Gastos] INFO  o.eclipse.m2e.core.internal.Bundles - 	Entry: C:\Users\willian\.p2\pool\plugins\org.eclipse.m2e.maven.runtime_3.9.700.20240602-2313\jars\plexus-build-api-1.2.0.jar
2026-06-09 20:58:14,288 [Worker-58: Launching Controle Gastos] INFO  o.eclipse.m2e.core.internal.Bundles - 	Entry: C:\Users\willian\.p2\pool\plugins\org.eclipse.m2e.maven.runtime_3.9.700.20240602-2313\jars\plexus-cipher-2.0.jar
2026-06-09 20:58:14,288 [Worker-58: Launching Controle Gastos] INFO  o.eclipse.m2e.core.internal.Bundles - 	Entry: C:\Users\willian\.p2\pool\plugins\org.eclipse.m2e.maven.runtime_3.9.700.20240602-2313\jars\plexus-classworlds-2.8.0.jar
2026-06-09 20:58:14,288 [Worker-58: Launching Controle Gastos] INFO  o.eclipse.m2e.core.internal.Bundles - 	Entry: C:\Users\willian\.p2\pool\plugins\org.eclipse.m2e.maven.runtime_3.9.700.20240602-2313\jars\plexus-component-annotations-2.1.0.jar
2026-06-09 20:58:14,288 [Worker-58: Launching Controle Gastos] INFO  o.eclipse.m2e.core.internal.Bundles - 	Entry: C:\Users\willian\.p2\pool\plugins\org.eclipse.m2e.maven.runtime_3.9.700.20240602-2313\jars\plexus-interpolation-1.27.jar
2026-06-09 20:58:14,288 [Worker-58: Launching Controle Gastos] INFO  o.eclipse.m2e.core.internal.Bundles - 	Entry: C:\Users\willian\.p2\pool\plugins\org.eclipse.m2e.maven.runtime_3.9.700.20240602-2313\jars\plexus-sec-dispatcher-2.0.jar
2026-06-09 20:58:14,289 [Worker-58: Launching Controle Gastos] INFO  o.eclipse.m2e.core.internal.Bundles - 	Entry: C:\Users\willian\.p2\pool\plugins\org.eclipse.m2e.maven.runtime_3.9.700.20240602-2313\jars\plexus-utils-3.5.1.jar
2026-06-09 20:58:14,289 [Worker-58: Launching Controle Gastos] INFO  o.eclipse.m2e.core.internal.Bundles - 	Entry: C:\Users\willian\.p2\pool\plugins\org.eclipse.m2e.maven.runtime_3.9.700.20240602-2313\jars\wagon-file-3.5.3.jar
2026-06-09 20:58:14,289 [Worker-58: Launching Controle Gastos] INFO  o.eclipse.m2e.core.internal.Bundles - 	Entry: C:\Users\willian\.p2\pool\plugins\org.eclipse.m2e.maven.runtime_3.9.700.20240602-2313\jars\wagon-http-3.5.3.jar
2026-06-09 20:58:14,289 [Worker-58: Launching Controle Gastos] INFO  o.eclipse.m2e.core.internal.Bundles - 	Entry: C:\Users\willian\.p2\pool\plugins\org.eclipse.m2e.maven.runtime_3.9.700.20240602-2313\jars\wagon-http-shared-3.5.3.jar
2026-06-09 20:58:14,289 [Worker-58: Launching Controle Gastos] INFO  o.eclipse.m2e.core.internal.Bundles - 	Entry: C:\Users\willian\.p2\pool\plugins\org.eclipse.m2e.maven.runtime_3.9.700.20240602-2313\jars\wagon-provider-api-3.5.3.jar
2026-06-09 20:58:14,289 [Worker-58: Launching Controle Gastos] INFO  o.eclipse.m2e.core.internal.Bundles - getClasspathEntries(Bundle=com.google.guava_33.2.0.jre [10])
2026-06-09 20:58:14,290 [Worker-58: Launching Controle Gastos] INFO  o.eclipse.m2e.core.internal.Bundles - 	Entry: C:\Users\willian\.p2\pool\plugins\com.google.guava_33.2.0.jre.jar
2026-06-09 20:58:14,290 [Worker-58: Launching Controle Gastos] INFO  o.eclipse.m2e.core.internal.Bundles - getClasspathEntries(Bundle=slf4j.api_2.0.13 [520])
2026-06-09 20:58:14,290 [Worker-58: Launching Controle Gastos] INFO  o.eclipse.m2e.core.internal.Bundles - 	Entry: C:\Users\willian\.p2\pool\plugins\slf4j.api_2.0.13.jar
2026-06-09 20:58:14,290 [Worker-58: Launching Controle Gastos] INFO  o.eclipse.m2e.core.internal.Bundles - getClasspathEntries(Bundle=jakarta.inject.jakarta.inject-api_1.0.5 [21])
2026-06-09 20:58:14,290 [Worker-58: Launching Controle Gastos] INFO  o.eclipse.m2e.core.internal.Bundles - 	Entry: C:\Users\willian\.p2\pool\plugins\jakarta.inject.jakarta.inject-api_1.0.5.jar
2026-06-09 20:58:14,290 [Worker-58: Launching Controle Gastos] INFO  o.eclipse.m2e.core.internal.Bundles - getClasspathEntries(Bundle=javax.annotation_1.3.5.v20200909-1856 [24])
2026-06-09 20:58:14,290 [Worker-58: Launching Controle Gastos] INFO  o.eclipse.m2e.core.internal.Bundles - 	Entry: C:\Users\willian\.p2\pool\plugins\javax.annotation_1.3.5.v20200909-1856.jar
2026-06-09 20:58:14,290 [Worker-58: Launching Controle Gastos] INFO  o.eclipse.m2e.core.internal.Bundles - getClasspathEntries(Bundle=org.apache.commons.cli_1.8.0 [47])
2026-06-09 20:58:14,291 [Worker-58: Launching Controle Gastos] INFO  o.eclipse.m2e.core.internal.Bundles - 	Entry: C:\Users\willian\.p2\pool\plugins\org.apache.commons.cli_1.8.0.jar
2026-06-09 20:58:14,291 [Worker-58: Launching Controle Gastos] INFO  o.eclipse.m2e.core.internal.Bundles - getClasspathEntries(Bundle=org.apache.commons.commons-codec_1.16.0 [48])
2026-06-09 20:58:14,291 [Worker-58: Launching Controle Gastos] INFO  o.eclipse.m2e.core.internal.Bundles - 	Entry: C:\Users\willian\.p2\pool\plugins\org.apache.commons.commons-codec_1.16.0.jar
2026-06-09 20:58:14,291 [Worker-58: Launching Controle Gastos] INFO  o.eclipse.m2e.core.internal.Bundles - getClasspathEntries(Bundle=org.apache.commons.lang3_3.14.0 [54])
2026-06-09 20:58:14,291 [Worker-58: Launching Controle Gastos] INFO  o.eclipse.m2e.core.internal.Bundles - 	Entry: C:\Users\willian\.p2\pool\plugins\org.apache.commons.lang3_3.14.0.jar
2026-06-09 20:58:14,291 [Worker-58: Launching Controle Gastos] INFO  o.eclipse.m2e.core.internal.Bundles - getClasspathEntries(Bundle=com.google.guava.failureaccess_1.0.2 [11])
2026-06-09 20:58:14,291 [Worker-58: Launching Controle Gastos] INFO  o.eclipse.m2e.core.internal.Bundles - 	Entry: C:\Users\willian\.p2\pool\plugins\com.google.guava.failureaccess_1.0.2.jar
2026-06-09 20:58:14,292 [Worker-58: Launching Controle Gastos] INFO  o.e.m.i.launch.MavenLaunchDelegate - Run build in "C:\Users\willian\Desktop\Projeto-app-controle-de-gastos-programa-o-para-resolu-o-de-problemas-2\controle-gastos":
2026-06-09 20:58:14,293 [Worker-58: Launching Controle Gastos] INFO  o.e.m.i.launch.MavenLaunchDelegate -  mvn  -B -Dstyle.color=always javafx:run
2026-06-09 21:14:38,661 [Worker-65: Building] INFO  o.a.m.s.f.DefaultMavenResourcesFiltering - Copying 0 resource from src\main\resources to target\classes
2026-06-09 21:14:38,664 [Worker-65: Building] INFO  o.a.m.s.f.DefaultMavenResourcesFiltering - Copying 0 resource from src\test\resources to target\test-classes
2026-06-09 21:14:48,851 [Worker-69: Launching Controle Gastos] INFO  o.eclipse.m2e.core.internal.Bundles - getClasspathEntries(Bundle=org.eclipse.m2e.maven.runtime_3.9.700.20240602-2313 [299])
2026-06-09 21:14:48,852 [Worker-69: Launching Controle Gastos] INFO  o.eclipse.m2e.core.internal.Bundles - 	Entry: C:\Users\willian\.p2\pool\plugins\org.eclipse.m2e.maven.runtime_3.9.700.20240602-2313
2026-06-09 21:14:48,852 [Worker-69: Launching Controle Gastos] INFO  o.eclipse.m2e.core.internal.Bundles - 	Entry: C:\Users\willian\.p2\pool\plugins\org.eclipse.m2e.maven.runtime_3.9.700.20240602-2313\jars\aopalliance-1.0.jar
2026-06-09 21:14:48,852 [Worker-69: Launching Controle Gastos] INFO  o.eclipse.m2e.core.internal.Bundles - 	Entry: C:\Users\willian\.p2\pool\plugins\org.eclipse.m2e.maven.runtime_3.9.700.20240602-2313\jars\guice-5.1.0.jar
2026-06-09 21:14:48,852 [Worker-69: Launching Controle Gastos] INFO  o.eclipse.m2e.core.internal.Bundles - 	Entry: C:\Users\willian\.p2\pool\plugins\org.eclipse.m2e.maven.runtime_3.9.700.20240602-2313\jars\httpclient-4.5.14.jar
2026-06-09 21:14:48,853 [Worker-69: Launching Controle Gastos] INFO  o.eclipse.m2e.core.internal.Bundles - 	Entry: C:\Users\willian\.p2\pool\plugins\org.eclipse.m2e.maven.runtime_3.9.700.20240602-2313\jars\httpcore-4.4.16.jar
2026-06-09 21:14:48,853 [Worker-69: Launching Controle Gastos] INFO  o.eclipse.m2e.core.internal.Bundles - 	Entry: C:\Users\willian\.p2\pool\plugins\org.eclipse.m2e.maven.runtime_3.9.700.20240602-2313\jars\jansi-2.4.1.jar
2026-06-09 21:14:48,853 [Worker-69: Launching Controle Gastos] INFO  o.eclipse.m2e.core.internal.Bundles - 	Entry: C:\Users\willian\.p2\pool\plugins\org.eclipse.m2e.maven.runtime_3.9.700.20240602-2313\jars\jcl-over-slf4j-1.7.36.jar
2026-06-09 21:14:48,853 [Worker-69: Launching Controle Gastos] INFO  o.eclipse.m2e.core.internal.Bundles - 	Entry: C:\Users\willian\.p2\pool\plugins\org.eclipse.m2e.maven.runtime_3.9.700.20240602-2313\jars\maven-artifact-3.9.7.jar
2026-06-09 21:14:48,853 [Worker-69: Launching Controle Gastos] INFO  o.eclipse.m2e.core.internal.Bundles - 	Entry: C:\Users\willian\.p2\pool\plugins\org.eclipse.m2e.maven.runtime_3.9.700.20240602-2313\jars\maven-builder-support-3.9.7.jar
2026-06-09 21:14:48,853 [Worker-69: Launching Controle Gastos] INFO  o.eclipse.m2e.core.internal.Bundles - 	Entry: C:\Users\willian\.p2\pool\plugins\org.eclipse.m2e.maven.runtime_3.9.700.20240602-2313\jars\maven-compat-3.9.7.jar
2026-06-09 21:14:48,854 [Worker-69: Launching Controle Gastos] INFO  o.eclipse.m2e.core.internal.Bundles - 	Entry: C:\Users\willian\.p2\pool\plugins\org.eclipse.m2e.maven.runtime_3.9.700.20240602-2313\jars\maven-core-3.9.7.jar
2026-06-09 21:14:48,854 [Worker-69: Launching Controle Gastos] INFO  o.eclipse.m2e.core.internal.Bundles - 	Entry: C:\Users\willian\.p2\pool\plugins\org.eclipse.m2e.maven.runtime_3.9.700.20240602-2313\jars\maven-embedder-3.9.7.jar
2026-06-09 21:14:48,854 [Worker-69: Launching Controle Gastos] INFO  o.eclipse.m2e.core.internal.Bundles - 	Entry: C:\Users\willian\.p2\pool\plugins\org.eclipse.m2e.maven.runtime_3.9.700.20240602-2313\jars\maven-model-3.9.7.jar
2026-06-09 21:14:48,854 [Worker-69: Launching Controle Gastos] INFO  o.eclipse.m2e.core.internal.Bundles - 	Entry: C:\Users\willian\.p2\pool\plugins\org.eclipse.m2e.maven.runtime_3.9.700.20240602-2313\jars\maven-model-builder-3.9.7.jar
2026-06-09 21:14:48,854 [Worker-69: Launching Controle Gastos] INFO  o.eclipse.m2e.core.internal.Bundles - 	Entry: C:\Users\willian\.p2\pool\plugins\org.eclipse.m2e.maven.runtime_3.9.700.20240602-2313\jars\maven-plugin-api-3.9.7.jar
2026-06-09 21:14:48,854 [Worker-69: Launching Controle Gastos] INFO  o.eclipse.m2e.core.internal.Bundles - 	Entry: C:\Users\willian\.p2\pool\plugins\org.eclipse.m2e.maven.runtime_3.9.700.20240602-2313\jars\maven-repository-metadata-3.9.7.jar
2026-06-09 21:14:48,854 [Worker-69: Launching Controle Gastos] INFO  o.eclipse.m2e.core.internal.Bundles - 	Entry: C:\Users\willian\.p2\pool\plugins\org.eclipse.m2e.maven.runtime_3.9.700.20240602-2313\jars\maven-resolver-api-1.9.20.jar
2026-06-09 21:14:48,855 [Worker-69: Launching Controle Gastos] INFO  o.eclipse.m2e.core.internal.Bundles - 	Entry: C:\Users\willian\.p2\pool\plugins\org.eclipse.m2e.maven.runtime_3.9.700.20240602-2313\jars\maven-resolver-connector-basic-1.9.20.jar
2026-06-09 21:14:48,855 [Worker-69: Launching Controle Gastos] INFO  o.eclipse.m2e.core.internal.Bundles - 	Entry: C:\Users\willian\.p2\pool\plugins\org.eclipse.m2e.maven.runtime_3.9.700.20240602-2313\jars\maven-resolver-impl-1.9.20.jar
2026-06-09 21:14:48,855 [Worker-69: Launching Controle Gastos] INFO  o.eclipse.m2e.core.internal.Bundles - 	Entry: C:\Users\willian\.p2\pool\plugins\org.eclipse.m2e.maven.runtime_3.9.700.20240602-2313\jars\maven-resolver-named-locks-1.9.20.jar
2026-06-09 21:14:48,855 [Worker-69: Launching Controle Gastos] INFO  o.eclipse.m2e.core.internal.Bundles - 	Entry: C:\Users\willian\.p2\pool\plugins\org.eclipse.m2e.maven.runtime_3.9.700.20240602-2313\jars\maven-resolver-provider-3.9.7.jar
2026-06-09 21:14:48,855 [Worker-69: Launching Controle Gastos] INFO  o.eclipse.m2e.core.internal.Bundles - 	Entry: C:\Users\willian\.p2\pool\plugins\org.eclipse.m2e.maven.runtime_3.9.700.20240602-2313\jars\maven-resolver-spi-1.9.20.jar
2026-06-09 21:14:48,855 [Worker-69: Launching Controle Gastos] INFO  o.eclipse.m2e.core.internal.Bundles - 	Entry: C:\Users\willian\.p2\pool\plugins\org.eclipse.m2e.maven.runtime_3.9.700.20240602-2313\jars\maven-resolver-transport-file-1.9.20.jar
2026-06-09 21:14:48,855 [Worker-69: Launching Controle Gastos] INFO  o.eclipse.m2e.core.internal.Bundles - 	Entry: C:\Users\willian\.p2\pool\plugins\org.eclipse.m2e.maven.runtime_3.9.700.20240602-2313\jars\maven-resolver-transport-http-1.9.20.jar
2026-06-09 21:14:48,856 [Worker-69: Launching Controle Gastos] INFO  o.eclipse.m2e.core.internal.Bundles - 	Entry: C:\Users\willian\.p2\pool\plugins\org.eclipse.m2e.maven.runtime_3.9.700.20240602-2313\jars\maven-resolver-transport-wagon-1.9.20.jar
2026-06-09 21:14:48,856 [Worker-69: Launching Controle Gastos] INFO  o.eclipse.m2e.core.internal.Bundles - 	Entry: C:\Users\willian\.p2\pool\plugins\org.eclipse.m2e.maven.runtime_3.9.700.20240602-2313\jars\maven-resolver-util-1.9.20.jar
2026-06-09 21:14:48,856 [Worker-69: Launching Controle Gastos] INFO  o.eclipse.m2e.core.internal.Bundles - 	Entry: C:\Users\willian\.p2\pool\plugins\org.eclipse.m2e.maven.runtime_3.9.700.20240602-2313\jars\maven-settings-3.9.7.jar
2026-06-09 21:14:48,856 [Worker-69: Launching Controle Gastos] INFO  o.eclipse.m2e.core.internal.Bundles - 	Entry: C:\Users\willian\.p2\pool\plugins\org.eclipse.m2e.maven.runtime_3.9.700.20240602-2313\jars\maven-settings-builder-3.9.7.jar
2026-06-09 21:14:48,856 [Worker-69: Launching Controle Gastos] INFO  o.eclipse.m2e.core.internal.Bundles - 	Entry: C:\Users\willian\.p2\pool\plugins\org.eclipse.m2e.maven.runtime_3.9.700.20240602-2313\jars\maven-shared-utils-3.4.2.jar
2026-06-09 21:14:48,856 [Worker-69: Launching Controle Gastos] INFO  o.eclipse.m2e.core.internal.Bundles - 	Entry: C:\Users\willian\.p2\pool\plugins\org.eclipse.m2e.maven.runtime_3.9.700.20240602-2313\jars\org.eclipse.sisu.inject-0.9.0.M2.jar
2026-06-09 21:14:48,856 [Worker-69: Launching Controle Gastos] INFO  o.eclipse.m2e.core.internal.Bundles - 	Entry: C:\Users\willian\.p2\pool\plugins\org.eclipse.m2e.maven.runtime_3.9.700.20240602-2313\jars\org.eclipse.sisu.plexus-0.9.0.M2.jar
2026-06-09 21:14:48,857 [Worker-69: Launching Controle Gastos] INFO  o.eclipse.m2e.core.internal.Bundles - 	Entry: C:\Users\willian\.p2\pool\plugins\org.eclipse.m2e.maven.runtime_3.9.700.20240602-2313\jars\plexus-build-api-0.0.7.jar
2026-06-09 21:14:48,857 [Worker-69: Launching Controle Gastos] INFO  o.eclipse.m2e.core.internal.Bundles - 	Entry: C:\Users\willian\.p2\pool\plugins\org.eclipse.m2e.maven.runtime_3.9.700.20240602-2313\jars\plexus-build-api-1.2.0.jar
2026-06-09 21:14:48,857 [Worker-69: Launching Controle Gastos] INFO  o.eclipse.m2e.core.internal.Bundles - 	Entry: C:\Users\willian\.p2\pool\plugins\org.eclipse.m2e.maven.runtime_3.9.700.20240602-2313\jars\plexus-cipher-2.0.jar
2026-06-09 21:14:48,857 [Worker-69: Launching Controle Gastos] INFO  o.eclipse.m2e.core.internal.Bundles - 	Entry: C:\Users\willian\.p2\pool\plugins\org.eclipse.m2e.maven.runtime_3.9.700.20240602-2313\jars\plexus-classworlds-2.8.0.jar
2026-06-09 21:14:48,857 [Worker-69: Launching Controle Gastos] INFO  o.eclipse.m2e.core.internal.Bundles - 	Entry: C:\Users\willian\.p2\pool\plugins\org.eclipse.m2e.maven.runtime_3.9.700.20240602-2313\jars\plexus-component-annotations-2.1.0.jar
2026-06-09 21:14:48,857 [Worker-69: Launching Controle Gastos] INFO  o.eclipse.m2e.core.internal.Bundles - 	Entry: C:\Users\willian\.p2\pool\plugins\org.eclipse.m2e.maven.runtime_3.9.700.20240602-2313\jars\plexus-interpolation-1.27.jar
2026-06-09 21:14:48,857 [Worker-69: Launching Controle Gastos] INFO  o.eclipse.m2e.core.internal.Bundles - 	Entry: C:\Users\willian\.p2\pool\plugins\org.eclipse.m2e.maven.runtime_3.9.700.20240602-2313\jars\plexus-sec-dispatcher-2.0.jar
2026-06-09 21:14:48,858 [Worker-69: Launching Controle Gastos] INFO  o.eclipse.m2e.core.internal.Bundles - 	Entry: C:\Users\willian\.p2\pool\plugins\org.eclipse.m2e.maven.runtime_3.9.700.20240602-2313\jars\plexus-utils-3.5.1.jar
2026-06-09 21:14:48,858 [Worker-69: Launching Controle Gastos] INFO  o.eclipse.m2e.core.internal.Bundles - 	Entry: C:\Users\willian\.p2\pool\plugins\org.eclipse.m2e.maven.runtime_3.9.700.20240602-2313\jars\wagon-file-3.5.3.jar
2026-06-09 21:14:48,858 [Worker-69: Launching Controle Gastos] INFO  o.eclipse.m2e.core.internal.Bundles - 	Entry: C:\Users\willian\.p2\pool\plugins\org.eclipse.m2e.maven.runtime_3.9.700.20240602-2313\jars\wagon-http-3.5.3.jar
2026-06-09 21:14:48,858 [Worker-69: Launching Controle Gastos] INFO  o.eclipse.m2e.core.internal.Bundles - 	Entry: C:\Users\willian\.p2\pool\plugins\org.eclipse.m2e.maven.runtime_3.9.700.20240602-2313\jars\wagon-http-shared-3.5.3.jar
2026-06-09 21:14:48,858 [Worker-69: Launching Controle Gastos] INFO  o.eclipse.m2e.core.internal.Bundles - 	Entry: C:\Users\willian\.p2\pool\plugins\org.eclipse.m2e.maven.runtime_3.9.700.20240602-2313\jars\wagon-provider-api-3.5.3.jar
2026-06-09 21:14:48,858 [Worker-69: Launching Controle Gastos] INFO  o.eclipse.m2e.core.internal.Bundles - getClasspathEntries(Bundle=com.google.guava_33.2.0.jre [10])
2026-06-09 21:14:48,859 [Worker-69: Launching Controle Gastos] INFO  o.eclipse.m2e.core.internal.Bundles - 	Entry: C:\Users\willian\.p2\pool\plugins\com.google.guava_33.2.0.jre.jar
2026-06-09 21:14:48,859 [Worker-69: Launching Controle Gastos] INFO  o.eclipse.m2e.core.internal.Bundles - getClasspathEntries(Bundle=slf4j.api_2.0.13 [520])
2026-06-09 21:14:48,859 [Worker-69: Launching Controle Gastos] INFO  o.eclipse.m2e.core.internal.Bundles - 	Entry: C:\Users\willian\.p2\pool\plugins\slf4j.api_2.0.13.jar
2026-06-09 21:14:48,859 [Worker-69: Launching Controle Gastos] INFO  o.eclipse.m2e.core.internal.Bundles - getClasspathEntries(Bundle=jakarta.inject.jakarta.inject-api_1.0.5 [21])
2026-06-09 21:14:48,860 [Worker-69: Launching Controle Gastos] INFO  o.eclipse.m2e.core.internal.Bundles - 	Entry: C:\Users\willian\.p2\pool\plugins\jakarta.inject.jakarta.inject-api_1.0.5.jar
2026-06-09 21:14:48,860 [Worker-69: Launching Controle Gastos] INFO  o.eclipse.m2e.core.internal.Bundles - getClasspathEntries(Bundle=javax.annotation_1.3.5.v20200909-1856 [24])
2026-06-09 21:14:48,860 [Worker-69: Launching Controle Gastos] INFO  o.eclipse.m2e.core.internal.Bundles - 	Entry: C:\Users\willian\.p2\pool\plugins\javax.annotation_1.3.5.v20200909-1856.jar
2026-06-09 21:14:48,860 [Worker-69: Launching Controle Gastos] INFO  o.eclipse.m2e.core.internal.Bundles - getClasspathEntries(Bundle=org.apache.commons.cli_1.8.0 [47])
2026-06-09 21:14:48,860 [Worker-69: Launching Controle Gastos] INFO  o.eclipse.m2e.core.internal.Bundles - 	Entry: C:\Users\willian\.p2\pool\plugins\org.apache.commons.cli_1.8.0.jar
2026-06-09 21:14:48,860 [Worker-69: Launching Controle Gastos] INFO  o.eclipse.m2e.core.internal.Bundles - getClasspathEntries(Bundle=org.apache.commons.commons-codec_1.16.0 [48])
2026-06-09 21:14:48,860 [Worker-69: Launching Controle Gastos] INFO  o.eclipse.m2e.core.internal.Bundles - 	Entry: C:\Users\willian\.p2\pool\plugins\org.apache.commons.commons-codec_1.16.0.jar
2026-06-09 21:14:48,860 [Worker-69: Launching Controle Gastos] INFO  o.eclipse.m2e.core.internal.Bundles - getClasspathEntries(Bundle=org.apache.commons.lang3_3.14.0 [54])
2026-06-09 21:14:48,861 [Worker-69: Launching Controle Gastos] INFO  o.eclipse.m2e.core.internal.Bundles - 	Entry: C:\Users\willian\.p2\pool\plugins\org.apache.commons.lang3_3.14.0.jar
2026-06-09 21:14:48,861 [Worker-69: Launching Controle Gastos] INFO  o.eclipse.m2e.core.internal.Bundles - getClasspathEntries(Bundle=com.google.guava.failureaccess_1.0.2 [11])
2026-06-09 21:14:48,861 [Worker-69: Launching Controle Gastos] INFO  o.eclipse.m2e.core.internal.Bundles - 	Entry: C:\Users\willian\.p2\pool\plugins\com.google.guava.failureaccess_1.0.2.jar
2026-06-09 21:14:48,862 [Worker-69: Launching Controle Gastos] INFO  o.e.m.i.launch.MavenLaunchDelegate - Run build in "C:\Users\willian\Desktop\Projeto-app-controle-de-gastos-programa-o-para-resolu-o-de-problemas-2\controle-gastos":
2026-06-09 21:14:48,862 [Worker-69: Launching Controle Gastos] INFO  o.e.m.i.launch.MavenLaunchDelegate -  mvn  -B -Dstyle.color=always javafx:run
2026-06-09 21:16:09,385 [Worker-70: Building] INFO  o.a.m.s.f.DefaultMavenResourcesFiltering - Copying 0 resource from src\main\resources to target\classes
2026-06-09 21:16:09,390 [Worker-70: Building] INFO  o.a.m.s.f.DefaultMavenResourcesFiltering - Copying 0 resource from src\test\resources to target\test-classes
2026-06-09 21:16:11,086 [Worker-70: Launching Controle Gastos] INFO  o.eclipse.m2e.core.internal.Bundles - getClasspathEntries(Bundle=org.eclipse.m2e.maven.runtime_3.9.700.20240602-2313 [299])
2026-06-09 21:16:11,087 [Worker-70: Launching Controle Gastos] INFO  o.eclipse.m2e.core.internal.Bundles - 	Entry: C:\Users\willian\.p2\pool\plugins\org.eclipse.m2e.maven.runtime_3.9.700.20240602-2313
2026-06-09 21:16:11,087 [Worker-70: Launching Controle Gastos] INFO  o.eclipse.m2e.core.internal.Bundles - 	Entry: C:\Users\willian\.p2\pool\plugins\org.eclipse.m2e.maven.runtime_3.9.700.20240602-2313\jars\aopalliance-1.0.jar
2026-06-09 21:16:11,087 [Worker-70: Launching Controle Gastos] INFO  o.eclipse.m2e.core.internal.Bundles - 	Entry: C:\Users\willian\.p2\pool\plugins\org.eclipse.m2e.maven.runtime_3.9.700.20240602-2313\jars\guice-5.1.0.jar
2026-06-09 21:16:11,087 [Worker-70: Launching Controle Gastos] INFO  o.eclipse.m2e.core.internal.Bundles - 	Entry: C:\Users\willian\.p2\pool\plugins\org.eclipse.m2e.maven.runtime_3.9.700.20240602-2313\jars\httpclient-4.5.14.jar
2026-06-09 21:16:11,087 [Worker-70: Launching Controle Gastos] INFO  o.eclipse.m2e.core.internal.Bundles - 	Entry: C:\Users\willian\.p2\pool\plugins\org.eclipse.m2e.maven.runtime_3.9.700.20240602-2313\jars\httpcore-4.4.16.jar
2026-06-09 21:16:11,087 [Worker-70: Launching Controle Gastos] INFO  o.eclipse.m2e.core.internal.Bundles - 	Entry: C:\Users\willian\.p2\pool\plugins\org.eclipse.m2e.maven.runtime_3.9.700.20240602-2313\jars\jansi-2.4.1.jar
2026-06-09 21:16:11,087 [Worker-70: Launching Controle Gastos] INFO  o.eclipse.m2e.core.internal.Bundles - 	Entry: C:\Users\willian\.p2\pool\plugins\org.eclipse.m2e.maven.runtime_3.9.700.20240602-2313\jars\jcl-over-slf4j-1.7.36.jar
2026-06-09 21:16:11,087 [Worker-70: Launching Controle Gastos] INFO  o.eclipse.m2e.core.internal.Bundles - 	Entry: C:\Users\willian\.p2\pool\plugins\org.eclipse.m2e.maven.runtime_3.9.700.20240602-2313\jars\maven-artifact-3.9.7.jar
2026-06-09 21:16:11,087 [Worker-70: Launching Controle Gastos] INFO  o.eclipse.m2e.core.internal.Bundles - 	Entry: C:\Users\willian\.p2\pool\plugins\org.eclipse.m2e.maven.runtime_3.9.700.20240602-2313\jars\maven-builder-support-3.9.7.jar
2026-06-09 21:16:11,088 [Worker-70: Launching Controle Gastos] INFO  o.eclipse.m2e.core.internal.Bundles - 	Entry: C:\Users\willian\.p2\pool\plugins\org.eclipse.m2e.maven.runtime_3.9.700.20240602-2313\jars\maven-compat-3.9.7.jar
2026-06-09 21:16:11,088 [Worker-70: Launching Controle Gastos] INFO  o.eclipse.m2e.core.internal.Bundles - 	Entry: C:\Users\willian\.p2\pool\plugins\org.eclipse.m2e.maven.runtime_3.9.700.20240602-2313\jars\maven-core-3.9.7.jar
2026-06-09 21:16:11,088 [Worker-70: Launching Controle Gastos] INFO  o.eclipse.m2e.core.internal.Bundles - 	Entry: C:\Users\willian\.p2\pool\plugins\org.eclipse.m2e.maven.runtime_3.9.700.20240602-2313\jars\maven-embedder-3.9.7.jar
2026-06-09 21:16:11,088 [Worker-70: Launching Controle Gastos] INFO  o.eclipse.m2e.core.internal.Bundles - 	Entry: C:\Users\willian\.p2\pool\plugins\org.eclipse.m2e.maven.runtime_3.9.700.20240602-2313\jars\maven-model-3.9.7.jar
2026-06-09 21:16:11,088 [Worker-70: Launching Controle Gastos] INFO  o.eclipse.m2e.core.internal.Bundles - 	Entry: C:\Users\willian\.p2\pool\plugins\org.eclipse.m2e.maven.runtime_3.9.700.20240602-2313\jars\maven-model-builder-3.9.7.jar
2026-06-09 21:16:11,088 [Worker-70: Launching Controle Gastos] INFO  o.eclipse.m2e.core.internal.Bundles - 	Entry: C:\Users\willian\.p2\pool\plugins\org.eclipse.m2e.maven.runtime_3.9.700.20240602-2313\jars\maven-plugin-api-3.9.7.jar
2026-06-09 21:16:11,088 [Worker-70: Launching Controle Gastos] INFO  o.eclipse.m2e.core.internal.Bundles - 	Entry: C:\Users\willian\.p2\pool\plugins\org.eclipse.m2e.maven.runtime_3.9.700.20240602-2313\jars\maven-repository-metadata-3.9.7.jar
2026-06-09 21:16:11,088 [Worker-70: Launching Controle Gastos] INFO  o.eclipse.m2e.core.internal.Bundles - 	Entry: C:\Users\willian\.p2\pool\plugins\org.eclipse.m2e.maven.runtime_3.9.700.20240602-2313\jars\maven-resolver-api-1.9.20.jar
2026-06-09 21:16:11,088 [Worker-70: Launching Controle Gastos] INFO  o.eclipse.m2e.core.internal.Bundles - 	Entry: C:\Users\willian\.p2\pool\plugins\org.eclipse.m2e.maven.runtime_3.9.700.20240602-2313\jars\maven-resolver-connector-basic-1.9.20.jar
2026-06-09 21:16:11,089 [Worker-70: Launching Controle Gastos] INFO  o.eclipse.m2e.core.internal.Bundles - 	Entry: C:\Users\willian\.p2\pool\plugins\org.eclipse.m2e.maven.runtime_3.9.700.20240602-2313\jars\maven-resolver-impl-1.9.20.jar
2026-06-09 21:16:11,089 [Worker-70: Launching Controle Gastos] INFO  o.eclipse.m2e.core.internal.Bundles - 	Entry: C:\Users\willian\.p2\pool\plugins\org.eclipse.m2e.maven.runtime_3.9.700.20240602-2313\jars\maven-resolver-named-locks-1.9.20.jar
2026-06-09 21:16:11,089 [Worker-70: Launching Controle Gastos] INFO  o.eclipse.m2e.core.internal.Bundles - 	Entry: C:\Users\willian\.p2\pool\plugins\org.eclipse.m2e.maven.runtime_3.9.700.20240602-2313\jars\maven-resolver-provider-3.9.7.jar
2026-06-09 21:16:11,089 [Worker-70: Launching Controle Gastos] INFO  o.eclipse.m2e.core.internal.Bundles - 	Entry: C:\Users\willian\.p2\pool\plugins\org.eclipse.m2e.maven.runtime_3.9.700.20240602-2313\jars\maven-resolver-spi-1.9.20.jar
2026-06-09 21:16:11,089 [Worker-70: Launching Controle Gastos] INFO  o.eclipse.m2e.core.internal.Bundles - 	Entry: C:\Users\willian\.p2\pool\plugins\org.eclipse.m2e.maven.runtime_3.9.700.20240602-2313\jars\maven-resolver-transport-file-1.9.20.jar
2026-06-09 21:16:11,089 [Worker-70: Launching Controle Gastos] INFO  o.eclipse.m2e.core.internal.Bundles - 	Entry: C:\Users\willian\.p2\pool\plugins\org.eclipse.m2e.maven.runtime_3.9.700.20240602-2313\jars\maven-resolver-transport-http-1.9.20.jar
2026-06-09 21:16:11,089 [Worker-70: Launching Controle Gastos] INFO  o.eclipse.m2e.core.internal.Bundles - 	Entry: C:\Users\willian\.p2\pool\plugins\org.eclipse.m2e.maven.runtime_3.9.700.20240602-2313\jars\maven-resolver-transport-wagon-1.9.20.jar
2026-06-09 21:16:11,089 [Worker-70: Launching Controle Gastos] INFO  o.eclipse.m2e.core.internal.Bundles - 	Entry: C:\Users\willian\.p2\pool\plugins\org.eclipse.m2e.maven.runtime_3.9.700.20240602-2313\jars\maven-resolver-util-1.9.20.jar
2026-06-09 21:16:11,089 [Worker-70: Launching Controle Gastos] INFO  o.eclipse.m2e.core.internal.Bundles - 	Entry: C:\Users\willian\.p2\pool\plugins\org.eclipse.m2e.maven.runtime_3.9.700.20240602-2313\jars\maven-settings-3.9.7.jar
2026-06-09 21:16:11,090 [Worker-70: Launching Controle Gastos] INFO  o.eclipse.m2e.core.internal.Bundles - 	Entry: C:\Users\willian\.p2\pool\plugins\org.eclipse.m2e.maven.runtime_3.9.700.20240602-2313\jars\maven-settings-builder-3.9.7.jar
2026-06-09 21:16:11,090 [Worker-70: Launching Controle Gastos] INFO  o.eclipse.m2e.core.internal.Bundles - 	Entry: C:\Users\willian\.p2\pool\plugins\org.eclipse.m2e.maven.runtime_3.9.700.20240602-2313\jars\maven-shared-utils-3.4.2.jar
2026-06-09 21:16:11,090 [Worker-70: Launching Controle Gastos] INFO  o.eclipse.m2e.core.internal.Bundles - 	Entry: C:\Users\willian\.p2\pool\plugins\org.eclipse.m2e.maven.runtime_3.9.700.20240602-2313\jars\org.eclipse.sisu.inject-0.9.0.M2.jar
2026-06-09 21:16:11,090 [Worker-70: Launching Controle Gastos] INFO  o.eclipse.m2e.core.internal.Bundles - 	Entry: C:\Users\willian\.p2\pool\plugins\org.eclipse.m2e.maven.runtime_3.9.700.20240602-2313\jars\org.eclipse.sisu.plexus-0.9.0.M2.jar
2026-06-09 21:16:11,090 [Worker-70: Launching Controle Gastos] INFO  o.eclipse.m2e.core.internal.Bundles - 	Entry: C:\Users\willian\.p2\pool\plugins\org.eclipse.m2e.maven.runtime_3.9.700.20240602-2313\jars\plexus-build-api-0.0.7.jar
2026-06-09 21:16:11,090 [Worker-70: Launching Controle Gastos] INFO  o.eclipse.m2e.core.internal.Bundles - 	Entry: C:\Users\willian\.p2\pool\plugins\org.eclipse.m2e.maven.runtime_3.9.700.20240602-2313\jars\plexus-build-api-1.2.0.jar
2026-06-09 21:16:11,090 [Worker-70: Launching Controle Gastos] INFO  o.eclipse.m2e.core.internal.Bundles - 	Entry: C:\Users\willian\.p2\pool\plugins\org.eclipse.m2e.maven.runtime_3.9.700.20240602-2313\jars\plexus-cipher-2.0.jar
2026-06-09 21:16:11,090 [Worker-70: Launching Controle Gastos] INFO  o.eclipse.m2e.core.internal.Bundles - 	Entry: C:\Users\willian\.p2\pool\plugins\org.eclipse.m2e.maven.runtime_3.9.700.20240602-2313\jars\plexus-classworlds-2.8.0.jar
2026-06-09 21:16:11,090 [Worker-70: Launching Controle Gastos] INFO  o.eclipse.m2e.core.internal.Bundles - 	Entry: C:\Users\willian\.p2\pool\plugins\org.eclipse.m2e.maven.runtime_3.9.700.20240602-2313\jars\plexus-component-annotations-2.1.0.jar
2026-06-09 21:16:11,090 [Worker-70: Launching Controle Gastos] INFO  o.eclipse.m2e.core.internal.Bundles - 	Entry: C:\Users\willian\.p2\pool\plugins\org.eclipse.m2e.maven.runtime_3.9.700.20240602-2313\jars\plexus-interpolation-1.27.jar
2026-06-09 21:16:11,091 [Worker-70: Launching Controle Gastos] INFO  o.eclipse.m2e.core.internal.Bundles - 	Entry: C:\Users\willian\.p2\pool\plugins\org.eclipse.m2e.maven.runtime_3.9.700.20240602-2313\jars\plexus-sec-dispatcher-2.0.jar
2026-06-09 21:16:11,091 [Worker-70: Launching Controle Gastos] INFO  o.eclipse.m2e.core.internal.Bundles - 	Entry: C:\Users\willian\.p2\pool\plugins\org.eclipse.m2e.maven.runtime_3.9.700.20240602-2313\jars\plexus-utils-3.5.1.jar
2026-06-09 21:16:11,091 [Worker-70: Launching Controle Gastos] INFO  o.eclipse.m2e.core.internal.Bundles - 	Entry: C:\Users\willian\.p2\pool\plugins\org.eclipse.m2e.maven.runtime_3.9.700.20240602-2313\jars\wagon-file-3.5.3.jar
2026-06-09 21:16:11,091 [Worker-70: Launching Controle Gastos] INFO  o.eclipse.m2e.core.internal.Bundles - 	Entry: C:\Users\willian\.p2\pool\plugins\org.eclipse.m2e.maven.runtime_3.9.700.20240602-2313\jars\wagon-http-3.5.3.jar
2026-06-09 21:16:11,091 [Worker-70: Launching Controle Gastos] INFO  o.eclipse.m2e.core.internal.Bundles - 	Entry: C:\Users\willian\.p2\pool\plugins\org.eclipse.m2e.maven.runtime_3.9.700.20240602-2313\jars\wagon-http-shared-3.5.3.jar
2026-06-09 21:16:11,091 [Worker-70: Launching Controle Gastos] INFO  o.eclipse.m2e.core.internal.Bundles - 	Entry: C:\Users\willian\.p2\pool\plugins\org.eclipse.m2e.maven.runtime_3.9.700.20240602-2313\jars\wagon-provider-api-3.5.3.jar
2026-06-09 21:16:11,091 [Worker-70: Launching Controle Gastos] INFO  o.eclipse.m2e.core.internal.Bundles - getClasspathEntries(Bundle=com.google.guava_33.2.0.jre [10])
2026-06-09 21:16:11,092 [Worker-70: Launching Controle Gastos] INFO  o.eclipse.m2e.core.internal.Bundles - 	Entry: C:\Users\willian\.p2\pool\plugins\com.google.guava_33.2.0.jre.jar
2026-06-09 21:16:11,092 [Worker-70: Launching Controle Gastos] INFO  o.eclipse.m2e.core.internal.Bundles - getClasspathEntries(Bundle=slf4j.api_2.0.13 [520])
2026-06-09 21:16:11,092 [Worker-70: Launching Controle Gastos] INFO  o.eclipse.m2e.core.internal.Bundles - 	Entry: C:\Users\willian\.p2\pool\plugins\slf4j.api_2.0.13.jar
2026-06-09 21:16:11,092 [Worker-70: Launching Controle Gastos] INFO  o.eclipse.m2e.core.internal.Bundles - getClasspathEntries(Bundle=jakarta.inject.jakarta.inject-api_1.0.5 [21])
2026-06-09 21:16:11,092 [Worker-70: Launching Controle Gastos] INFO  o.eclipse.m2e.core.internal.Bundles - 	Entry: C:\Users\willian\.p2\pool\plugins\jakarta.inject.jakarta.inject-api_1.0.5.jar
2026-06-09 21:16:11,092 [Worker-70: Launching Controle Gastos] INFO  o.eclipse.m2e.core.internal.Bundles - getClasspathEntries(Bundle=javax.annotation_1.3.5.v20200909-1856 [24])
2026-06-09 21:16:11,092 [Worker-70: Launching Controle Gastos] INFO  o.eclipse.m2e.core.internal.Bundles - 	Entry: C:\Users\willian\.p2\pool\plugins\javax.annotation_1.3.5.v20200909-1856.jar
2026-06-09 21:16:11,092 [Worker-70: Launching Controle Gastos] INFO  o.eclipse.m2e.core.internal.Bundles - getClasspathEntries(Bundle=org.apache.commons.cli_1.8.0 [47])
2026-06-09 21:16:11,093 [Worker-70: Launching Controle Gastos] INFO  o.eclipse.m2e.core.internal.Bundles - 	Entry: C:\Users\willian\.p2\pool\plugins\org.apache.commons.cli_1.8.0.jar
2026-06-09 21:16:11,093 [Worker-70: Launching Controle Gastos] INFO  o.eclipse.m2e.core.internal.Bundles - getClasspathEntries(Bundle=org.apache.commons.commons-codec_1.16.0 [48])
2026-06-09 21:16:11,093 [Worker-70: Launching Controle Gastos] INFO  o.eclipse.m2e.core.internal.Bundles - 	Entry: C:\Users\willian\.p2\pool\plugins\org.apache.commons.commons-codec_1.16.0.jar
2026-06-09 21:16:11,093 [Worker-70: Launching Controle Gastos] INFO  o.eclipse.m2e.core.internal.Bundles - getClasspathEntries(Bundle=org.apache.commons.lang3_3.14.0 [54])
2026-06-09 21:16:11,093 [Worker-70: Launching Controle Gastos] INFO  o.eclipse.m2e.core.internal.Bundles - 	Entry: C:\Users\willian\.p2\pool\plugins\org.apache.commons.lang3_3.14.0.jar
2026-06-09 21:16:11,093 [Worker-70: Launching Controle Gastos] INFO  o.eclipse.m2e.core.internal.Bundles - getClasspathEntries(Bundle=com.google.guava.failureaccess_1.0.2 [11])
2026-06-09 21:16:11,093 [Worker-70: Launching Controle Gastos] INFO  o.eclipse.m2e.core.internal.Bundles - 	Entry: C:\Users\willian\.p2\pool\plugins\com.google.guava.failureaccess_1.0.2.jar
2026-06-09 21:16:11,094 [Worker-70: Launching Controle Gastos] INFO  o.e.m.i.launch.MavenLaunchDelegate - Run build in "C:\Users\willian\Desktop\Projeto-app-controle-de-gastos-programa-o-para-resolu-o-de-problemas-2\controle-gastos":
2026-06-09 21:16:11,095 [Worker-70: Launching Controle Gastos] INFO  o.e.m.i.launch.MavenLaunchDelegate -  mvn  -B -Dstyle.color=always javafx:run
2026-06-09 21:16:20,396 [Worker-70: Launching Controle Gastos] INFO  o.eclipse.m2e.core.internal.Bundles - getClasspathEntries(Bundle=org.eclipse.m2e.maven.runtime_3.9.700.20240602-2313 [299])
2026-06-09 21:16:20,396 [Worker-70: Launching Controle Gastos] INFO  o.eclipse.m2e.core.internal.Bundles - 	Entry: C:\Users\willian\.p2\pool\plugins\org.eclipse.m2e.maven.runtime_3.9.700.20240602-2313
2026-06-09 21:16:20,397 [Worker-70: Launching Controle Gastos] INFO  o.eclipse.m2e.core.internal.Bundles - 	Entry: C:\Users\willian\.p2\pool\plugins\org.eclipse.m2e.maven.runtime_3.9.700.20240602-2313\jars\aopalliance-1.0.jar
2026-06-09 21:16:20,397 [Worker-70: Launching Controle Gastos] INFO  o.eclipse.m2e.core.internal.Bundles - 	Entry: C:\Users\willian\.p2\pool\plugins\org.eclipse.m2e.maven.runtime_3.9.700.20240602-2313\jars\guice-5.1.0.jar
2026-06-09 21:16:20,397 [Worker-70: Launching Controle Gastos] INFO  o.eclipse.m2e.core.internal.Bundles - 	Entry: C:\Users\willian\.p2\pool\plugins\org.eclipse.m2e.maven.runtime_3.9.700.20240602-2313\jars\httpclient-4.5.14.jar
2026-06-09 21:16:20,397 [Worker-70: Launching Controle Gastos] INFO  o.eclipse.m2e.core.internal.Bundles - 	Entry: C:\Users\willian\.p2\pool\plugins\org.eclipse.m2e.maven.runtime_3.9.700.20240602-2313\jars\httpcore-4.4.16.jar
2026-06-09 21:16:20,397 [Worker-70: Launching Controle Gastos] INFO  o.eclipse.m2e.core.internal.Bundles - 	Entry: C:\Users\willian\.p2\pool\plugins\org.eclipse.m2e.maven.runtime_3.9.700.20240602-2313\jars\jansi-2.4.1.jar
2026-06-09 21:16:20,397 [Worker-70: Launching Controle Gastos] INFO  o.eclipse.m2e.core.internal.Bundles - 	Entry: C:\Users\willian\.p2\pool\plugins\org.eclipse.m2e.maven.runtime_3.9.700.20240602-2313\jars\jcl-over-slf4j-1.7.36.jar
2026-06-09 21:16:20,397 [Worker-70: Launching Controle Gastos] INFO  o.eclipse.m2e.core.internal.Bundles - 	Entry: C:\Users\willian\.p2\pool\plugins\org.eclipse.m2e.maven.runtime_3.9.700.20240602-2313\jars\maven-artifact-3.9.7.jar
2026-06-09 21:16:20,397 [Worker-70: Launching Controle Gastos] INFO  o.eclipse.m2e.core.internal.Bundles - 	Entry: C:\Users\willian\.p2\pool\plugins\org.eclipse.m2e.maven.runtime_3.9.700.20240602-2313\jars\maven-builder-support-3.9.7.jar
2026-06-09 21:16:20,398 [Worker-70: Launching Controle Gastos] INFO  o.eclipse.m2e.core.internal.Bundles - 	Entry: C:\Users\willian\.p2\pool\plugins\org.eclipse.m2e.maven.runtime_3.9.700.20240602-2313\jars\maven-compat-3.9.7.jar
2026-06-09 21:16:20,398 [Worker-70: Launching Controle Gastos] INFO  o.eclipse.m2e.core.internal.Bundles - 	Entry: C:\Users\willian\.p2\pool\plugins\org.eclipse.m2e.maven.runtime_3.9.700.20240602-2313\jars\maven-core-3.9.7.jar
2026-06-09 21:16:20,398 [Worker-70: Launching Controle Gastos] INFO  o.eclipse.m2e.core.internal.Bundles - 	Entry: C:\Users\willian\.p2\pool\plugins\org.eclipse.m2e.maven.runtime_3.9.700.20240602-2313\jars\maven-embedder-3.9.7.jar
2026-06-09 21:16:20,398 [Worker-70: Launching Controle Gastos] INFO  o.eclipse.m2e.core.internal.Bundles - 	Entry: C:\Users\willian\.p2\pool\plugins\org.eclipse.m2e.maven.runtime_3.9.700.20240602-2313\jars\maven-model-3.9.7.jar
2026-06-09 21:16:20,398 [Worker-70: Launching Controle Gastos] INFO  o.eclipse.m2e.core.internal.Bundles - 	Entry: C:\Users\willian\.p2\pool\plugins\org.eclipse.m2e.maven.runtime_3.9.700.20240602-2313\jars\maven-model-builder-3.9.7.jar
2026-06-09 21:16:20,398 [Worker-70: Launching Controle Gastos] INFO  o.eclipse.m2e.core.internal.Bundles - 	Entry: C:\Users\willian\.p2\pool\plugins\org.eclipse.m2e.maven.runtime_3.9.700.20240602-2313\jars\maven-plugin-api-3.9.7.jar
2026-06-09 21:16:20,398 [Worker-70: Launching Controle Gastos] INFO  o.eclipse.m2e.core.internal.Bundles - 	Entry: C:\Users\willian\.p2\pool\plugins\org.eclipse.m2e.maven.runtime_3.9.700.20240602-2313\jars\maven-repository-metadata-3.9.7.jar
2026-06-09 21:16:20,398 [Worker-70: Launching Controle Gastos] INFO  o.eclipse.m2e.core.internal.Bundles - 	Entry: C:\Users\willian\.p2\pool\plugins\org.eclipse.m2e.maven.runtime_3.9.700.20240602-2313\jars\maven-resolver-api-1.9.20.jar
2026-06-09 21:16:20,398 [Worker-70: Launching Controle Gastos] INFO  o.eclipse.m2e.core.internal.Bundles - 	Entry: C:\Users\willian\.p2\pool\plugins\org.eclipse.m2e.maven.runtime_3.9.700.20240602-2313\jars\maven-resolver-connector-basic-1.9.20.jar
2026-06-09 21:16:20,398 [Worker-70: Launching Controle Gastos] INFO  o.eclipse.m2e.core.internal.Bundles - 	Entry: C:\Users\willian\.p2\pool\plugins\org.eclipse.m2e.maven.runtime_3.9.700.20240602-2313\jars\maven-resolver-impl-1.9.20.jar
2026-06-09 21:16:20,399 [Worker-70: Launching Controle Gastos] INFO  o.eclipse.m2e.core.internal.Bundles - 	Entry: C:\Users\willian\.p2\pool\plugins\org.eclipse.m2e.maven.runtime_3.9.700.20240602-2313\jars\maven-resolver-named-locks-1.9.20.jar
2026-06-09 21:16:20,399 [Worker-70: Launching Controle Gastos] INFO  o.eclipse.m2e.core.internal.Bundles - 	Entry: C:\Users\willian\.p2\pool\plugins\org.eclipse.m2e.maven.runtime_3.9.700.20240602-2313\jars\maven-resolver-provider-3.9.7.jar
2026-06-09 21:16:20,399 [Worker-70: Launching Controle Gastos] INFO  o.eclipse.m2e.core.internal.Bundles - 	Entry: C:\Users\willian\.p2\pool\plugins\org.eclipse.m2e.maven.runtime_3.9.700.20240602-2313\jars\maven-resolver-spi-1.9.20.jar
2026-06-09 21:16:20,399 [Worker-70: Launching Controle Gastos] INFO  o.eclipse.m2e.core.internal.Bundles - 	Entry: C:\Users\willian\.p2\pool\plugins\org.eclipse.m2e.maven.runtime_3.9.700.20240602-2313\jars\maven-resolver-transport-file-1.9.20.jar
2026-06-09 21:16:20,399 [Worker-70: Launching Controle Gastos] INFO  o.eclipse.m2e.core.internal.Bundles - 	Entry: C:\Users\willian\.p2\pool\plugins\org.eclipse.m2e.maven.runtime_3.9.700.20240602-2313\jars\maven-resolver-transport-http-1.9.20.jar
2026-06-09 21:16:20,399 [Worker-70: Launching Controle Gastos] INFO  o.eclipse.m2e.core.internal.Bundles - 	Entry: C:\Users\willian\.p2\pool\plugins\org.eclipse.m2e.maven.runtime_3.9.700.20240602-2313\jars\maven-resolver-transport-wagon-1.9.20.jar
2026-06-09 21:16:20,399 [Worker-70: Launching Controle Gastos] INFO  o.eclipse.m2e.core.internal.Bundles - 	Entry: C:\Users\willian\.p2\pool\plugins\org.eclipse.m2e.maven.runtime_3.9.700.20240602-2313\jars\maven-resolver-util-1.9.20.jar
2026-06-09 21:16:20,399 [Worker-70: Launching Controle Gastos] INFO  o.eclipse.m2e.core.internal.Bundles - 	Entry: C:\Users\willian\.p2\pool\plugins\org.eclipse.m2e.maven.runtime_3.9.700.20240602-2313\jars\maven-settings-3.9.7.jar
2026-06-09 21:16:20,399 [Worker-70: Launching Controle Gastos] INFO  o.eclipse.m2e.core.internal.Bundles - 	Entry: C:\Users\willian\.p2\pool\plugins\org.eclipse.m2e.maven.runtime_3.9.700.20240602-2313\jars\maven-settings-builder-3.9.7.jar
2026-06-09 21:16:20,400 [Worker-70: Launching Controle Gastos] INFO  o.eclipse.m2e.core.internal.Bundles - 	Entry: C:\Users\willian\.p2\pool\plugins\org.eclipse.m2e.maven.runtime_3.9.700.20240602-2313\jars\maven-shared-utils-3.4.2.jar
2026-06-09 21:16:20,400 [Worker-70: Launching Controle Gastos] INFO  o.eclipse.m2e.core.internal.Bundles - 	Entry: C:\Users\willian\.p2\pool\plugins\org.eclipse.m2e.maven.runtime_3.9.700.20240602-2313\jars\org.eclipse.sisu.inject-0.9.0.M2.jar
2026-06-09 21:16:20,400 [Worker-70: Launching Controle Gastos] INFO  o.eclipse.m2e.core.internal.Bundles - 	Entry: C:\Users\willian\.p2\pool\plugins\org.eclipse.m2e.maven.runtime_3.9.700.20240602-2313\jars\org.eclipse.sisu.plexus-0.9.0.M2.jar
2026-06-09 21:16:20,400 [Worker-70: Launching Controle Gastos] INFO  o.eclipse.m2e.core.internal.Bundles - 	Entry: C:\Users\willian\.p2\pool\plugins\org.eclipse.m2e.maven.runtime_3.9.700.20240602-2313\jars\plexus-build-api-0.0.7.jar
2026-06-09 21:16:20,400 [Worker-70: Launching Controle Gastos] INFO  o.eclipse.m2e.core.internal.Bundles - 	Entry: C:\Users\willian\.p2\pool\plugins\org.eclipse.m2e.maven.runtime_3.9.700.20240602-2313\jars\plexus-build-api-1.2.0.jar
2026-06-09 21:16:20,400 [Worker-70: Launching Controle Gastos] INFO  o.eclipse.m2e.core.internal.Bundles - 	Entry: C:\Users\willian\.p2\pool\plugins\org.eclipse.m2e.maven.runtime_3.9.700.20240602-2313\jars\plexus-cipher-2.0.jar
2026-06-09 21:16:20,400 [Worker-70: Launching Controle Gastos] INFO  o.eclipse.m2e.core.internal.Bundles - 	Entry: C:\Users\willian\.p2\pool\plugins\org.eclipse.m2e.maven.runtime_3.9.700.20240602-2313\jars\plexus-classworlds-2.8.0.jar
2026-06-09 21:16:20,400 [Worker-70: Launching Controle Gastos] INFO  o.eclipse.m2e.core.internal.Bundles - 	Entry: C:\Users\willian\.p2\pool\plugins\org.eclipse.m2e.maven.runtime_3.9.700.20240602-2313\jars\plexus-component-annotations-2.1.0.jar
2026-06-09 21:16:20,400 [Worker-70: Launching Controle Gastos] INFO  o.eclipse.m2e.core.internal.Bundles - 	Entry: C:\Users\willian\.p2\pool\plugins\org.eclipse.m2e.maven.runtime_3.9.700.20240602-2313\jars\plexus-interpolation-1.27.jar
2026-06-09 21:16:20,400 [Worker-70: Launching Controle Gastos] INFO  o.eclipse.m2e.core.internal.Bundles - 	Entry: C:\Users\willian\.p2\pool\plugins\org.eclipse.m2e.maven.runtime_3.9.700.20240602-2313\jars\plexus-sec-dispatcher-2.0.jar
2026-06-09 21:16:20,401 [Worker-70: Launching Controle Gastos] INFO  o.eclipse.m2e.core.internal.Bundles - 	Entry: C:\Users\willian\.p2\pool\plugins\org.eclipse.m2e.maven.runtime_3.9.700.20240602-2313\jars\plexus-utils-3.5.1.jar
2026-06-09 21:16:20,401 [Worker-70: Launching Controle Gastos] INFO  o.eclipse.m2e.core.internal.Bundles - 	Entry: C:\Users\willian\.p2\pool\plugins\org.eclipse.m2e.maven.runtime_3.9.700.20240602-2313\jars\wagon-file-3.5.3.jar
2026-06-09 21:16:20,401 [Worker-70: Launching Controle Gastos] INFO  o.eclipse.m2e.core.internal.Bundles - 	Entry: C:\Users\willian\.p2\pool\plugins\org.eclipse.m2e.maven.runtime_3.9.700.20240602-2313\jars\wagon-http-3.5.3.jar
2026-06-09 21:16:20,401 [Worker-70: Launching Controle Gastos] INFO  o.eclipse.m2e.core.internal.Bundles - 	Entry: C:\Users\willian\.p2\pool\plugins\org.eclipse.m2e.maven.runtime_3.9.700.20240602-2313\jars\wagon-http-shared-3.5.3.jar
2026-06-09 21:16:20,401 [Worker-70: Launching Controle Gastos] INFO  o.eclipse.m2e.core.internal.Bundles - 	Entry: C:\Users\willian\.p2\pool\plugins\org.eclipse.m2e.maven.runtime_3.9.700.20240602-2313\jars\wagon-provider-api-3.5.3.jar
2026-06-09 21:16:20,401 [Worker-70: Launching Controle Gastos] INFO  o.eclipse.m2e.core.internal.Bundles - getClasspathEntries(Bundle=com.google.guava_33.2.0.jre [10])
2026-06-09 21:16:20,401 [Worker-70: Launching Controle Gastos] INFO  o.eclipse.m2e.core.internal.Bundles - 	Entry: C:\Users\willian\.p2\pool\plugins\com.google.guava_33.2.0.jre.jar
2026-06-09 21:16:20,401 [Worker-70: Launching Controle Gastos] INFO  o.eclipse.m2e.core.internal.Bundles - getClasspathEntries(Bundle=slf4j.api_2.0.13 [520])
2026-06-09 21:16:20,402 [Worker-70: Launching Controle Gastos] INFO  o.eclipse.m2e.core.internal.Bundles - 	Entry: C:\Users\willian\.p2\pool\plugins\slf4j.api_2.0.13.jar
2026-06-09 21:16:20,402 [Worker-70: Launching Controle Gastos] INFO  o.eclipse.m2e.core.internal.Bundles - getClasspathEntries(Bundle=jakarta.inject.jakarta.inject-api_1.0.5 [21])
2026-06-09 21:16:20,402 [Worker-70: Launching Controle Gastos] INFO  o.eclipse.m2e.core.internal.Bundles - 	Entry: C:\Users\willian\.p2\pool\plugins\jakarta.inject.jakarta.inject-api_1.0.5.jar
2026-06-09 21:16:20,402 [Worker-70: Launching Controle Gastos] INFO  o.eclipse.m2e.core.internal.Bundles - getClasspathEntries(Bundle=javax.annotation_1.3.5.v20200909-1856 [24])
2026-06-09 21:16:20,402 [Worker-70: Launching Controle Gastos] INFO  o.eclipse.m2e.core.internal.Bundles - 	Entry: C:\Users\willian\.p2\pool\plugins\javax.annotation_1.3.5.v20200909-1856.jar
2026-06-09 21:16:20,402 [Worker-70: Launching Controle Gastos] INFO  o.eclipse.m2e.core.internal.Bundles - getClasspathEntries(Bundle=org.apache.commons.cli_1.8.0 [47])
2026-06-09 21:16:20,402 [Worker-70: Launching Controle Gastos] INFO  o.eclipse.m2e.core.internal.Bundles - 	Entry: C:\Users\willian\.p2\pool\plugins\org.apache.commons.cli_1.8.0.jar
2026-06-09 21:16:20,402 [Worker-70: Launching Controle Gastos] INFO  o.eclipse.m2e.core.internal.Bundles - getClasspathEntries(Bundle=org.apache.commons.commons-codec_1.16.0 [48])
2026-06-09 21:16:20,403 [Worker-70: Launching Controle Gastos] INFO  o.eclipse.m2e.core.internal.Bundles - 	Entry: C:\Users\willian\.p2\pool\plugins\org.apache.commons.commons-codec_1.16.0.jar
2026-06-09 21:16:20,403 [Worker-70: Launching Controle Gastos] INFO  o.eclipse.m2e.core.internal.Bundles - getClasspathEntries(Bundle=org.apache.commons.lang3_3.14.0 [54])
2026-06-09 21:16:20,403 [Worker-70: Launching Controle Gastos] INFO  o.eclipse.m2e.core.internal.Bundles - 	Entry: C:\Users\willian\.p2\pool\plugins\org.apache.commons.lang3_3.14.0.jar
2026-06-09 21:16:20,403 [Worker-70: Launching Controle Gastos] INFO  o.eclipse.m2e.core.internal.Bundles - getClasspathEntries(Bundle=com.google.guava.failureaccess_1.0.2 [11])
2026-06-09 21:16:20,403 [Worker-70: Launching Controle Gastos] INFO  o.eclipse.m2e.core.internal.Bundles - 	Entry: C:\Users\willian\.p2\pool\plugins\com.google.guava.failureaccess_1.0.2.jar
2026-06-09 21:16:20,404 [Worker-70: Launching Controle Gastos] INFO  o.e.m.i.launch.MavenLaunchDelegate - Run build in "C:\Users\willian\Desktop\Projeto-app-controle-de-gastos-programa-o-para-resolu-o-de-problemas-2\controle-gastos":
2026-06-09 21:16:20,404 [Worker-70: Launching Controle Gastos] INFO  o.e.m.i.launch.MavenLaunchDelegate -  mvn  -B -Dstyle.color=always javafx:run
2026-06-09 21:18:30,813 [Worker-72: Building] INFO  o.a.m.s.f.DefaultMavenResourcesFiltering - Copying 0 resource from src\main\resources to target\classes
2026-06-09 21:18:30,815 [Worker-72: Building] INFO  o.a.m.s.f.DefaultMavenResourcesFiltering - Copying 0 resource from src\test\resources to target\test-classes
2026-06-09 21:18:31,755 [Worker-71: Launching Controle Gastos] INFO  o.eclipse.m2e.core.internal.Bundles - getClasspathEntries(Bundle=org.eclipse.m2e.maven.runtime_3.9.700.20240602-2313 [299])
2026-06-09 21:18:31,756 [Worker-71: Launching Controle Gastos] INFO  o.eclipse.m2e.core.internal.Bundles - 	Entry: C:\Users\willian\.p2\pool\plugins\org.eclipse.m2e.maven.runtime_3.9.700.20240602-2313
2026-06-09 21:18:31,756 [Worker-71: Launching Controle Gastos] INFO  o.eclipse.m2e.core.internal.Bundles - 	Entry: C:\Users\willian\.p2\pool\plugins\org.eclipse.m2e.maven.runtime_3.9.700.20240602-2313\jars\aopalliance-1.0.jar
2026-06-09 21:18:31,756 [Worker-71: Launching Controle Gastos] INFO  o.eclipse.m2e.core.internal.Bundles - 	Entry: C:\Users\willian\.p2\pool\plugins\org.eclipse.m2e.maven.runtime_3.9.700.20240602-2313\jars\guice-5.1.0.jar
2026-06-09 21:18:31,756 [Worker-71: Launching Controle Gastos] INFO  o.eclipse.m2e.core.internal.Bundles - 	Entry: C:\Users\willian\.p2\pool\plugins\org.eclipse.m2e.maven.runtime_3.9.700.20240602-2313\jars\httpclient-4.5.14.jar
2026-06-09 21:18:31,756 [Worker-71: Launching Controle Gastos] INFO  o.eclipse.m2e.core.internal.Bundles - 	Entry: C:\Users\willian\.p2\pool\plugins\org.eclipse.m2e.maven.runtime_3.9.700.20240602-2313\jars\httpcore-4.4.16.jar
2026-06-09 21:18:31,756 [Worker-71: Launching Controle Gastos] INFO  o.eclipse.m2e.core.internal.Bundles - 	Entry: C:\Users\willian\.p2\pool\plugins\org.eclipse.m2e.maven.runtime_3.9.700.20240602-2313\jars\jansi-2.4.1.jar
2026-06-09 21:18:31,757 [Worker-71: Launching Controle Gastos] INFO  o.eclipse.m2e.core.internal.Bundles - 	Entry: C:\Users\willian\.p2\pool\plugins\org.eclipse.m2e.maven.runtime_3.9.700.20240602-2313\jars\jcl-over-slf4j-1.7.36.jar
2026-06-09 21:18:31,757 [Worker-71: Launching Controle Gastos] INFO  o.eclipse.m2e.core.internal.Bundles - 	Entry: C:\Users\willian\.p2\pool\plugins\org.eclipse.m2e.maven.runtime_3.9.700.20240602-2313\jars\maven-artifact-3.9.7.jar
2026-06-09 21:18:31,757 [Worker-71: Launching Controle Gastos] INFO  o.eclipse.m2e.core.internal.Bundles - 	Entry: C:\Users\willian\.p2\pool\plugins\org.eclipse.m2e.maven.runtime_3.9.700.20240602-2313\jars\maven-builder-support-3.9.7.jar
2026-06-09 21:18:31,757 [Worker-71: Launching Controle Gastos] INFO  o.eclipse.m2e.core.internal.Bundles - 	Entry: C:\Users\willian\.p2\pool\plugins\org.eclipse.m2e.maven.runtime_3.9.700.20240602-2313\jars\maven-compat-3.9.7.jar
2026-06-09 21:18:31,757 [Worker-71: Launching Controle Gastos] INFO  o.eclipse.m2e.core.internal.Bundles - 	Entry: C:\Users\willian\.p2\pool\plugins\org.eclipse.m2e.maven.runtime_3.9.700.20240602-2313\jars\maven-core-3.9.7.jar
2026-06-09 21:18:31,757 [Worker-71: Launching Controle Gastos] INFO  o.eclipse.m2e.core.internal.Bundles - 	Entry: C:\Users\willian\.p2\pool\plugins\org.eclipse.m2e.maven.runtime_3.9.700.20240602-2313\jars\maven-embedder-3.9.7.jar
2026-06-09 21:18:31,757 [Worker-71: Launching Controle Gastos] INFO  o.eclipse.m2e.core.internal.Bundles - 	Entry: C:\Users\willian\.p2\pool\plugins\org.eclipse.m2e.maven.runtime_3.9.700.20240602-2313\jars\maven-model-3.9.7.jar
2026-06-09 21:18:31,757 [Worker-71: Launching Controle Gastos] INFO  o.eclipse.m2e.core.internal.Bundles - 	Entry: C:\Users\willian\.p2\pool\plugins\org.eclipse.m2e.maven.runtime_3.9.700.20240602-2313\jars\maven-model-builder-3.9.7.jar
2026-06-09 21:18:31,757 [Worker-71: Launching Controle Gastos] INFO  o.eclipse.m2e.core.internal.Bundles - 	Entry: C:\Users\willian\.p2\pool\plugins\org.eclipse.m2e.maven.runtime_3.9.700.20240602-2313\jars\maven-plugin-api-3.9.7.jar
2026-06-09 21:18:31,758 [Worker-71: Launching Controle Gastos] INFO  o.eclipse.m2e.core.internal.Bundles - 	Entry: C:\Users\willian\.p2\pool\plugins\org.eclipse.m2e.maven.runtime_3.9.700.20240602-2313\jars\maven-repository-metadata-3.9.7.jar
2026-06-09 21:18:31,758 [Worker-71: Launching Controle Gastos] INFO  o.eclipse.m2e.core.internal.Bundles - 	Entry: C:\Users\willian\.p2\pool\plugins\org.eclipse.m2e.maven.runtime_3.9.700.20240602-2313\jars\maven-resolver-api-1.9.20.jar
2026-06-09 21:18:31,758 [Worker-71: Launching Controle Gastos] INFO  o.eclipse.m2e.core.internal.Bundles - 	Entry: C:\Users\willian\.p2\pool\plugins\org.eclipse.m2e.maven.runtime_3.9.700.20240602-2313\jars\maven-resolver-connector-basic-1.9.20.jar
2026-06-09 21:18:31,758 [Worker-71: Launching Controle Gastos] INFO  o.eclipse.m2e.core.internal.Bundles - 	Entry: C:\Users\willian\.p2\pool\plugins\org.eclipse.m2e.maven.runtime_3.9.700.20240602-2313\jars\maven-resolver-impl-1.9.20.jar
2026-06-09 21:18:31,758 [Worker-71: Launching Controle Gastos] INFO  o.eclipse.m2e.core.internal.Bundles - 	Entry: C:\Users\willian\.p2\pool\plugins\org.eclipse.m2e.maven.runtime_3.9.700.20240602-2313\jars\maven-resolver-named-locks-1.9.20.jar
2026-06-09 21:18:31,758 [Worker-71: Launching Controle Gastos] INFO  o.eclipse.m2e.core.internal.Bundles - 	Entry: C:\Users\willian\.p2\pool\plugins\org.eclipse.m2e.maven.runtime_3.9.700.20240602-2313\jars\maven-resolver-provider-3.9.7.jar
2026-06-09 21:18:31,758 [Worker-71: Launching Controle Gastos] INFO  o.eclipse.m2e.core.internal.Bundles - 	Entry: C:\Users\willian\.p2\pool\plugins\org.eclipse.m2e.maven.runtime_3.9.700.20240602-2313\jars\maven-resolver-spi-1.9.20.jar
2026-06-09 21:18:31,758 [Worker-71: Launching Controle Gastos] INFO  o.eclipse.m2e.core.internal.Bundles - 	Entry: C:\Users\willian\.p2\pool\plugins\org.eclipse.m2e.maven.runtime_3.9.700.20240602-2313\jars\maven-resolver-transport-file-1.9.20.jar
2026-06-09 21:18:31,758 [Worker-71: Launching Controle Gastos] INFO  o.eclipse.m2e.core.internal.Bundles - 	Entry: C:\Users\willian\.p2\pool\plugins\org.eclipse.m2e.maven.runtime_3.9.700.20240602-2313\jars\maven-resolver-transport-http-1.9.20.jar
2026-06-09 21:18:31,759 [Worker-71: Launching Controle Gastos] INFO  o.eclipse.m2e.core.internal.Bundles - 	Entry: C:\Users\willian\.p2\pool\plugins\org.eclipse.m2e.maven.runtime_3.9.700.20240602-2313\jars\maven-resolver-transport-wagon-1.9.20.jar
2026-06-09 21:18:31,759 [Worker-71: Launching Controle Gastos] INFO  o.eclipse.m2e.core.internal.Bundles - 	Entry: C:\Users\willian\.p2\pool\plugins\org.eclipse.m2e.maven.runtime_3.9.700.20240602-2313\jars\maven-resolver-util-1.9.20.jar
2026-06-09 21:18:31,759 [Worker-71: Launching Controle Gastos] INFO  o.eclipse.m2e.core.internal.Bundles - 	Entry: C:\Users\willian\.p2\pool\plugins\org.eclipse.m2e.maven.runtime_3.9.700.20240602-2313\jars\maven-settings-3.9.7.jar
2026-06-09 21:18:31,759 [Worker-71: Launching Controle Gastos] INFO  o.eclipse.m2e.core.internal.Bundles - 	Entry: C:\Users\willian\.p2\pool\plugins\org.eclipse.m2e.maven.runtime_3.9.700.20240602-2313\jars\maven-settings-builder-3.9.7.jar
2026-06-09 21:18:31,759 [Worker-71: Launching Controle Gastos] INFO  o.eclipse.m2e.core.internal.Bundles - 	Entry: C:\Users\willian\.p2\pool\plugins\org.eclipse.m2e.maven.runtime_3.9.700.20240602-2313\jars\maven-shared-utils-3.4.2.jar
2026-06-09 21:18:31,759 [Worker-71: Launching Controle Gastos] INFO  o.eclipse.m2e.core.internal.Bundles - 	Entry: C:\Users\willian\.p2\pool\plugins\org.eclipse.m2e.maven.runtime_3.9.700.20240602-2313\jars\org.eclipse.sisu.inject-0.9.0.M2.jar
2026-06-09 21:18:31,759 [Worker-71: Launching Controle Gastos] INFO  o.eclipse.m2e.core.internal.Bundles - 	Entry: C:\Users\willian\.p2\pool\plugins\org.eclipse.m2e.maven.runtime_3.9.700.20240602-2313\jars\org.eclipse.sisu.plexus-0.9.0.M2.jar
2026-06-09 21:18:31,759 [Worker-71: Launching Controle Gastos] INFO  o.eclipse.m2e.core.internal.Bundles - 	Entry: C:\Users\willian\.p2\pool\plugins\org.eclipse.m2e.maven.runtime_3.9.700.20240602-2313\jars\plexus-build-api-0.0.7.jar
2026-06-09 21:18:31,759 [Worker-71: Launching Controle Gastos] INFO  o.eclipse.m2e.core.internal.Bundles - 	Entry: C:\Users\willian\.p2\pool\plugins\org.eclipse.m2e.maven.runtime_3.9.700.20240602-2313\jars\plexus-build-api-1.2.0.jar
2026-06-09 21:18:31,760 [Worker-71: Launching Controle Gastos] INFO  o.eclipse.m2e.core.internal.Bundles - 	Entry: C:\Users\willian\.p2\pool\plugins\org.eclipse.m2e.maven.runtime_3.9.700.20240602-2313\jars\plexus-cipher-2.0.jar
2026-06-09 21:18:31,760 [Worker-71: Launching Controle Gastos] INFO  o.eclipse.m2e.core.internal.Bundles - 	Entry: C:\Users\willian\.p2\pool\plugins\org.eclipse.m2e.maven.runtime_3.9.700.20240602-2313\jars\plexus-classworlds-2.8.0.jar
2026-06-09 21:18:31,760 [Worker-71: Launching Controle Gastos] INFO  o.eclipse.m2e.core.internal.Bundles - 	Entry: C:\Users\willian\.p2\pool\plugins\org.eclipse.m2e.maven.runtime_3.9.700.20240602-2313\jars\plexus-component-annotations-2.1.0.jar
2026-06-09 21:18:31,760 [Worker-71: Launching Controle Gastos] INFO  o.eclipse.m2e.core.internal.Bundles - 	Entry: C:\Users\willian\.p2\pool\plugins\org.eclipse.m2e.maven.runtime_3.9.700.20240602-2313\jars\plexus-interpolation-1.27.jar
2026-06-09 21:18:31,760 [Worker-71: Launching Controle Gastos] INFO  o.eclipse.m2e.core.internal.Bundles - 	Entry: C:\Users\willian\.p2\pool\plugins\org.eclipse.m2e.maven.runtime_3.9.700.20240602-2313\jars\plexus-sec-dispatcher-2.0.jar
2026-06-09 21:18:31,760 [Worker-71: Launching Controle Gastos] INFO  o.eclipse.m2e.core.internal.Bundles - 	Entry: C:\Users\willian\.p2\pool\plugins\org.eclipse.m2e.maven.runtime_3.9.700.20240602-2313\jars\plexus-utils-3.5.1.jar
2026-06-09 21:18:31,760 [Worker-71: Launching Controle Gastos] INFO  o.eclipse.m2e.core.internal.Bundles - 	Entry: C:\Users\willian\.p2\pool\plugins\org.eclipse.m2e.maven.runtime_3.9.700.20240602-2313\jars\wagon-file-3.5.3.jar
2026-06-09 21:18:31,760 [Worker-71: Launching Controle Gastos] INFO  o.eclipse.m2e.core.internal.Bundles - 	Entry: C:\Users\willian\.p2\pool\plugins\org.eclipse.m2e.maven.runtime_3.9.700.20240602-2313\jars\wagon-http-3.5.3.jar
2026-06-09 21:18:31,760 [Worker-71: Launching Controle Gastos] INFO  o.eclipse.m2e.core.internal.Bundles - 	Entry: C:\Users\willian\.p2\pool\plugins\org.eclipse.m2e.maven.runtime_3.9.700.20240602-2313\jars\wagon-http-shared-3.5.3.jar
2026-06-09 21:18:31,760 [Worker-71: Launching Controle Gastos] INFO  o.eclipse.m2e.core.internal.Bundles - 	Entry: C:\Users\willian\.p2\pool\plugins\org.eclipse.m2e.maven.runtime_3.9.700.20240602-2313\jars\wagon-provider-api-3.5.3.jar
2026-06-09 21:18:31,761 [Worker-71: Launching Controle Gastos] INFO  o.eclipse.m2e.core.internal.Bundles - getClasspathEntries(Bundle=com.google.guava_33.2.0.jre [10])
2026-06-09 21:18:31,761 [Worker-71: Launching Controle Gastos] INFO  o.eclipse.m2e.core.internal.Bundles - 	Entry: C:\Users\willian\.p2\pool\plugins\com.google.guava_33.2.0.jre.jar
2026-06-09 21:18:31,761 [Worker-71: Launching Controle Gastos] INFO  o.eclipse.m2e.core.internal.Bundles - getClasspathEntries(Bundle=slf4j.api_2.0.13 [520])
2026-06-09 21:18:31,761 [Worker-71: Launching Controle Gastos] INFO  o.eclipse.m2e.core.internal.Bundles - 	Entry: C:\Users\willian\.p2\pool\plugins\slf4j.api_2.0.13.jar
2026-06-09 21:18:31,761 [Worker-71: Launching Controle Gastos] INFO  o.eclipse.m2e.core.internal.Bundles - getClasspathEntries(Bundle=jakarta.inject.jakarta.inject-api_1.0.5 [21])
2026-06-09 21:18:31,761 [Worker-71: Launching Controle Gastos] INFO  o.eclipse.m2e.core.internal.Bundles - 	Entry: C:\Users\willian\.p2\pool\plugins\jakarta.inject.jakarta.inject-api_1.0.5.jar
2026-06-09 21:18:31,761 [Worker-71: Launching Controle Gastos] INFO  o.eclipse.m2e.core.internal.Bundles - getClasspathEntries(Bundle=javax.annotation_1.3.5.v20200909-1856 [24])
2026-06-09 21:18:31,762 [Worker-71: Launching Controle Gastos] INFO  o.eclipse.m2e.core.internal.Bundles - 	Entry: C:\Users\willian\.p2\pool\plugins\javax.annotation_1.3.5.v20200909-1856.jar
2026-06-09 21:18:31,762 [Worker-71: Launching Controle Gastos] INFO  o.eclipse.m2e.core.internal.Bundles - getClasspathEntries(Bundle=org.apache.commons.cli_1.8.0 [47])
2026-06-09 21:18:31,762 [Worker-71: Launching Controle Gastos] INFO  o.eclipse.m2e.core.internal.Bundles - 	Entry: C:\Users\willian\.p2\pool\plugins\org.apache.commons.cli_1.8.0.jar
2026-06-09 21:18:31,762 [Worker-71: Launching Controle Gastos] INFO  o.eclipse.m2e.core.internal.Bundles - getClasspathEntries(Bundle=org.apache.commons.commons-codec_1.16.0 [48])
2026-06-09 21:18:31,762 [Worker-71: Launching Controle Gastos] INFO  o.eclipse.m2e.core.internal.Bundles - 	Entry: C:\Users\willian\.p2\pool\plugins\org.apache.commons.commons-codec_1.16.0.jar
2026-06-09 21:18:31,762 [Worker-71: Launching Controle Gastos] INFO  o.eclipse.m2e.core.internal.Bundles - getClasspathEntries(Bundle=org.apache.commons.lang3_3.14.0 [54])
2026-06-09 21:18:31,762 [Worker-71: Launching Controle Gastos] INFO  o.eclipse.m2e.core.internal.Bundles - 	Entry: C:\Users\willian\.p2\pool\plugins\org.apache.commons.lang3_3.14.0.jar
2026-06-09 21:18:31,762 [Worker-71: Launching Controle Gastos] INFO  o.eclipse.m2e.core.internal.Bundles - getClasspathEntries(Bundle=com.google.guava.failureaccess_1.0.2 [11])
2026-06-09 21:18:31,763 [Worker-71: Launching Controle Gastos] INFO  o.eclipse.m2e.core.internal.Bundles - 	Entry: C:\Users\willian\.p2\pool\plugins\com.google.guava.failureaccess_1.0.2.jar
2026-06-09 21:18:31,764 [Worker-71: Launching Controle Gastos] INFO  o.e.m.i.launch.MavenLaunchDelegate - Run build in "C:\Users\willian\Desktop\Projeto-app-controle-de-gastos-programa-o-para-resolu-o-de-problemas-2\controle-gastos":
2026-06-09 21:18:31,764 [Worker-71: Launching Controle Gastos] INFO  o.e.m.i.launch.MavenLaunchDelegate -  mvn  -B -Dstyle.color=always javafx:run
2026-06-09 21:18:58,977 [Worker-71: Building] INFO  o.a.m.s.f.DefaultMavenResourcesFiltering - Copying 0 resource from src\main\resources to target\classes
2026-06-09 21:18:58,979 [Worker-71: Building] INFO  o.a.m.s.f.DefaultMavenResourcesFiltering - Copying 0 resource from src\test\resources to target\test-classes
2026-06-09 21:19:41,620 [Worker-71: Building] INFO  o.a.m.s.f.DefaultMavenResourcesFiltering - Copying 0 resource from src\main\resources to target\classes
2026-06-09 21:19:41,623 [Worker-71: Building] INFO  o.a.m.s.f.DefaultMavenResourcesFiltering - Copying 0 resource from src\test\resources to target\test-classes
2026-06-09 21:19:46,697 [Worker-71: Launching Controle Gastos] INFO  o.eclipse.m2e.core.internal.Bundles - getClasspathEntries(Bundle=org.eclipse.m2e.maven.runtime_3.9.700.20240602-2313 [299])
2026-06-09 21:19:46,698 [Worker-71: Launching Controle Gastos] INFO  o.eclipse.m2e.core.internal.Bundles - 	Entry: C:\Users\willian\.p2\pool\plugins\org.eclipse.m2e.maven.runtime_3.9.700.20240602-2313
2026-06-09 21:19:46,698 [Worker-71: Launching Controle Gastos] INFO  o.eclipse.m2e.core.internal.Bundles - 	Entry: C:\Users\willian\.p2\pool\plugins\org.eclipse.m2e.maven.runtime_3.9.700.20240602-2313\jars\aopalliance-1.0.jar
2026-06-09 21:19:46,698 [Worker-71: Launching Controle Gastos] INFO  o.eclipse.m2e.core.internal.Bundles - 	Entry: C:\Users\willian\.p2\pool\plugins\org.eclipse.m2e.maven.runtime_3.9.700.20240602-2313\jars\guice-5.1.0.jar
2026-06-09 21:19:46,698 [Worker-71: Launching Controle Gastos] INFO  o.eclipse.m2e.core.internal.Bundles - 	Entry: C:\Users\willian\.p2\pool\plugins\org.eclipse.m2e.maven.runtime_3.9.700.20240602-2313\jars\httpclient-4.5.14.jar
2026-06-09 21:19:46,698 [Worker-71: Launching Controle Gastos] INFO  o.eclipse.m2e.core.internal.Bundles - 	Entry: C:\Users\willian\.p2\pool\plugins\org.eclipse.m2e.maven.runtime_3.9.700.20240602-2313\jars\httpcore-4.4.16.jar
2026-06-09 21:19:46,698 [Worker-71: Launching Controle Gastos] INFO  o.eclipse.m2e.core.internal.Bundles - 	Entry: C:\Users\willian\.p2\pool\plugins\org.eclipse.m2e.maven.runtime_3.9.700.20240602-2313\jars\jansi-2.4.1.jar
2026-06-09 21:19:46,698 [Worker-71: Launching Controle Gastos] INFO  o.eclipse.m2e.core.internal.Bundles - 	Entry: C:\Users\willian\.p2\pool\plugins\org.eclipse.m2e.maven.runtime_3.9.700.20240602-2313\jars\jcl-over-slf4j-1.7.36.jar
2026-06-09 21:19:46,699 [Worker-71: Launching Controle Gastos] INFO  o.eclipse.m2e.core.internal.Bundles - 	Entry: C:\Users\willian\.p2\pool\plugins\org.eclipse.m2e.maven.runtime_3.9.700.20240602-2313\jars\maven-artifact-3.9.7.jar
2026-06-09 21:19:46,699 [Worker-71: Launching Controle Gastos] INFO  o.eclipse.m2e.core.internal.Bundles - 	Entry: C:\Users\willian\.p2\pool\plugins\org.eclipse.m2e.maven.runtime_3.9.700.20240602-2313\jars\maven-builder-support-3.9.7.jar
2026-06-09 21:19:46,699 [Worker-71: Launching Controle Gastos] INFO  o.eclipse.m2e.core.internal.Bundles - 	Entry: C:\Users\willian\.p2\pool\plugins\org.eclipse.m2e.maven.runtime_3.9.700.20240602-2313\jars\maven-compat-3.9.7.jar
2026-06-09 21:19:46,699 [Worker-71: Launching Controle Gastos] INFO  o.eclipse.m2e.core.internal.Bundles - 	Entry: C:\Users\willian\.p2\pool\plugins\org.eclipse.m2e.maven.runtime_3.9.700.20240602-2313\jars\maven-core-3.9.7.jar
2026-06-09 21:19:46,699 [Worker-71: Launching Controle Gastos] INFO  o.eclipse.m2e.core.internal.Bundles - 	Entry: C:\Users\willian\.p2\pool\plugins\org.eclipse.m2e.maven.runtime_3.9.700.20240602-2313\jars\maven-embedder-3.9.7.jar
2026-06-09 21:19:46,699 [Worker-71: Launching Controle Gastos] INFO  o.eclipse.m2e.core.internal.Bundles - 	Entry: C:\Users\willian\.p2\pool\plugins\org.eclipse.m2e.maven.runtime_3.9.700.20240602-2313\jars\maven-model-3.9.7.jar
2026-06-09 21:19:46,699 [Worker-71: Launching Controle Gastos] INFO  o.eclipse.m2e.core.internal.Bundles - 	Entry: C:\Users\willian\.p2\pool\plugins\org.eclipse.m2e.maven.runtime_3.9.700.20240602-2313\jars\maven-model-builder-3.9.7.jar
2026-06-09 21:19:46,699 [Worker-71: Launching Controle Gastos] INFO  o.eclipse.m2e.core.internal.Bundles - 	Entry: C:\Users\willian\.p2\pool\plugins\org.eclipse.m2e.maven.runtime_3.9.700.20240602-2313\jars\maven-plugin-api-3.9.7.jar
2026-06-09 21:19:46,699 [Worker-71: Launching Controle Gastos] INFO  o.eclipse.m2e.core.internal.Bundles - 	Entry: C:\Users\willian\.p2\pool\plugins\org.eclipse.m2e.maven.runtime_3.9.700.20240602-2313\jars\maven-repository-metadata-3.9.7.jar
2026-06-09 21:19:46,699 [Worker-71: Launching Controle Gastos] INFO  o.eclipse.m2e.core.internal.Bundles - 	Entry: C:\Users\willian\.p2\pool\plugins\org.eclipse.m2e.maven.runtime_3.9.700.20240602-2313\jars\maven-resolver-api-1.9.20.jar
2026-06-09 21:19:46,700 [Worker-71: Launching Controle Gastos] INFO  o.eclipse.m2e.core.internal.Bundles - 	Entry: C:\Users\willian\.p2\pool\plugins\org.eclipse.m2e.maven.runtime_3.9.700.20240602-2313\jars\maven-resolver-connector-basic-1.9.20.jar
2026-06-09 21:19:46,700 [Worker-71: Launching Controle Gastos] INFO  o.eclipse.m2e.core.internal.Bundles - 	Entry: C:\Users\willian\.p2\pool\plugins\org.eclipse.m2e.maven.runtime_3.9.700.20240602-2313\jars\maven-resolver-impl-1.9.20.jar
2026-06-09 21:19:46,700 [Worker-71: Launching Controle Gastos] INFO  o.eclipse.m2e.core.internal.Bundles - 	Entry: C:\Users\willian\.p2\pool\plugins\org.eclipse.m2e.maven.runtime_3.9.700.20240602-2313\jars\maven-resolver-named-locks-1.9.20.jar
2026-06-09 21:19:46,700 [Worker-71: Launching Controle Gastos] INFO  o.eclipse.m2e.core.internal.Bundles - 	Entry: C:\Users\willian\.p2\pool\plugins\org.eclipse.m2e.maven.runtime_3.9.700.20240602-2313\jars\maven-resolver-provider-3.9.7.jar
2026-06-09 21:19:46,700 [Worker-71: Launching Controle Gastos] INFO  o.eclipse.m2e.core.internal.Bundles - 	Entry: C:\Users\willian\.p2\pool\plugins\org.eclipse.m2e.maven.runtime_3.9.700.20240602-2313\jars\maven-resolver-spi-1.9.20.jar
2026-06-09 21:19:46,700 [Worker-71: Launching Controle Gastos] INFO  o.eclipse.m2e.core.internal.Bundles - 	Entry: C:\Users\willian\.p2\pool\plugins\org.eclipse.m2e.maven.runtime_3.9.700.20240602-2313\jars\maven-resolver-transport-file-1.9.20.jar
2026-06-09 21:19:46,700 [Worker-71: Launching Controle Gastos] INFO  o.eclipse.m2e.core.internal.Bundles - 	Entry: C:\Users\willian\.p2\pool\plugins\org.eclipse.m2e.maven.runtime_3.9.700.20240602-2313\jars\maven-resolver-transport-http-1.9.20.jar
2026-06-09 21:19:46,700 [Worker-71: Launching Controle Gastos] INFO  o.eclipse.m2e.core.internal.Bundles - 	Entry: C:\Users\willian\.p2\pool\plugins\org.eclipse.m2e.maven.runtime_3.9.700.20240602-2313\jars\maven-resolver-transport-wagon-1.9.20.jar
2026-06-09 21:19:46,700 [Worker-71: Launching Controle Gastos] INFO  o.eclipse.m2e.core.internal.Bundles - 	Entry: C:\Users\willian\.p2\pool\plugins\org.eclipse.m2e.maven.runtime_3.9.700.20240602-2313\jars\maven-resolver-util-1.9.20.jar
2026-06-09 21:19:46,701 [Worker-71: Launching Controle Gastos] INFO  o.eclipse.m2e.core.internal.Bundles - 	Entry: C:\Users\willian\.p2\pool\plugins\org.eclipse.m2e.maven.runtime_3.9.700.20240602-2313\jars\maven-settings-3.9.7.jar
2026-06-09 21:19:46,701 [Worker-71: Launching Controle Gastos] INFO  o.eclipse.m2e.core.internal.Bundles - 	Entry: C:\Users\willian\.p2\pool\plugins\org.eclipse.m2e.maven.runtime_3.9.700.20240602-2313\jars\maven-settings-builder-3.9.7.jar
2026-06-09 21:19:46,701 [Worker-71: Launching Controle Gastos] INFO  o.eclipse.m2e.core.internal.Bundles - 	Entry: C:\Users\willian\.p2\pool\plugins\org.eclipse.m2e.maven.runtime_3.9.700.20240602-2313\jars\maven-shared-utils-3.4.2.jar
2026-06-09 21:19:46,701 [Worker-71: Launching Controle Gastos] INFO  o.eclipse.m2e.core.internal.Bundles - 	Entry: C:\Users\willian\.p2\pool\plugins\org.eclipse.m2e.maven.runtime_3.9.700.20240602-2313\jars\org.eclipse.sisu.inject-0.9.0.M2.jar
2026-06-09 21:19:46,701 [Worker-71: Launching Controle Gastos] INFO  o.eclipse.m2e.core.internal.Bundles - 	Entry: C:\Users\willian\.p2\pool\plugins\org.eclipse.m2e.maven.runtime_3.9.700.20240602-2313\jars\org.eclipse.sisu.plexus-0.9.0.M2.jar
2026-06-09 21:19:46,701 [Worker-71: Launching Controle Gastos] INFO  o.eclipse.m2e.core.internal.Bundles - 	Entry: C:\Users\willian\.p2\pool\plugins\org.eclipse.m2e.maven.runtime_3.9.700.20240602-2313\jars\plexus-build-api-0.0.7.jar
2026-06-09 21:19:46,701 [Worker-71: Launching Controle Gastos] INFO  o.eclipse.m2e.core.internal.Bundles - 	Entry: C:\Users\willian\.p2\pool\plugins\org.eclipse.m2e.maven.runtime_3.9.700.20240602-2313\jars\plexus-build-api-1.2.0.jar
2026-06-09 21:19:46,701 [Worker-71: Launching Controle Gastos] INFO  o.eclipse.m2e.core.internal.Bundles - 	Entry: C:\Users\willian\.p2\pool\plugins\org.eclipse.m2e.maven.runtime_3.9.700.20240602-2313\jars\plexus-cipher-2.0.jar
2026-06-09 21:19:46,701 [Worker-71: Launching Controle Gastos] INFO  o.eclipse.m2e.core.internal.Bundles - 	Entry: C:\Users\willian\.p2\pool\plugins\org.eclipse.m2e.maven.runtime_3.9.700.20240602-2313\jars\plexus-classworlds-2.8.0.jar
2026-06-09 21:19:46,701 [Worker-71: Launching Controle Gastos] INFO  o.eclipse.m2e.core.internal.Bundles - 	Entry: C:\Users\willian\.p2\pool\plugins\org.eclipse.m2e.maven.runtime_3.9.700.20240602-2313\jars\plexus-component-annotations-2.1.0.jar
2026-06-09 21:19:46,702 [Worker-71: Launching Controle Gastos] INFO  o.eclipse.m2e.core.internal.Bundles - 	Entry: C:\Users\willian\.p2\pool\plugins\org.eclipse.m2e.maven.runtime_3.9.700.20240602-2313\jars\plexus-interpolation-1.27.jar
2026-06-09 21:19:46,702 [Worker-71: Launching Controle Gastos] INFO  o.eclipse.m2e.core.internal.Bundles - 	Entry: C:\Users\willian\.p2\pool\plugins\org.eclipse.m2e.maven.runtime_3.9.700.20240602-2313\jars\plexus-sec-dispatcher-2.0.jar
2026-06-09 21:19:46,702 [Worker-71: Launching Controle Gastos] INFO  o.eclipse.m2e.core.internal.Bundles - 	Entry: C:\Users\willian\.p2\pool\plugins\org.eclipse.m2e.maven.runtime_3.9.700.20240602-2313\jars\plexus-utils-3.5.1.jar
2026-06-09 21:19:46,702 [Worker-71: Launching Controle Gastos] INFO  o.eclipse.m2e.core.internal.Bundles - 	Entry: C:\Users\willian\.p2\pool\plugins\org.eclipse.m2e.maven.runtime_3.9.700.20240602-2313\jars\wagon-file-3.5.3.jar
2026-06-09 21:19:46,702 [Worker-71: Launching Controle Gastos] INFO  o.eclipse.m2e.core.internal.Bundles - 	Entry: C:\Users\willian\.p2\pool\plugins\org.eclipse.m2e.maven.runtime_3.9.700.20240602-2313\jars\wagon-http-3.5.3.jar
2026-06-09 21:19:46,702 [Worker-71: Launching Controle Gastos] INFO  o.eclipse.m2e.core.internal.Bundles - 	Entry: C:\Users\willian\.p2\pool\plugins\org.eclipse.m2e.maven.runtime_3.9.700.20240602-2313\jars\wagon-http-shared-3.5.3.jar
2026-06-09 21:19:46,702 [Worker-71: Launching Controle Gastos] INFO  o.eclipse.m2e.core.internal.Bundles - 	Entry: C:\Users\willian\.p2\pool\plugins\org.eclipse.m2e.maven.runtime_3.9.700.20240602-2313\jars\wagon-provider-api-3.5.3.jar
2026-06-09 21:19:46,702 [Worker-71: Launching Controle Gastos] INFO  o.eclipse.m2e.core.internal.Bundles - getClasspathEntries(Bundle=com.google.guava_33.2.0.jre [10])
2026-06-09 21:19:46,703 [Worker-71: Launching Controle Gastos] INFO  o.eclipse.m2e.core.internal.Bundles - 	Entry: C:\Users\willian\.p2\pool\plugins\com.google.guava_33.2.0.jre.jar
2026-06-09 21:19:46,703 [Worker-71: Launching Controle Gastos] INFO  o.eclipse.m2e.core.internal.Bundles - getClasspathEntries(Bundle=slf4j.api_2.0.13 [520])
2026-06-09 21:19:46,703 [Worker-71: Launching Controle Gastos] INFO  o.eclipse.m2e.core.internal.Bundles - 	Entry: C:\Users\willian\.p2\pool\plugins\slf4j.api_2.0.13.jar
2026-06-09 21:19:46,703 [Worker-71: Launching Controle Gastos] INFO  o.eclipse.m2e.core.internal.Bundles - getClasspathEntries(Bundle=jakarta.inject.jakarta.inject-api_1.0.5 [21])
2026-06-09 21:19:46,703 [Worker-71: Launching Controle Gastos] INFO  o.eclipse.m2e.core.internal.Bundles - 	Entry: C:\Users\willian\.p2\pool\plugins\jakarta.inject.jakarta.inject-api_1.0.5.jar
2026-06-09 21:19:46,703 [Worker-71: Launching Controle Gastos] INFO  o.eclipse.m2e.core.internal.Bundles - getClasspathEntries(Bundle=javax.annotation_1.3.5.v20200909-1856 [24])
2026-06-09 21:19:46,703 [Worker-71: Launching Controle Gastos] INFO  o.eclipse.m2e.core.internal.Bundles - 	Entry: C:\Users\willian\.p2\pool\plugins\javax.annotation_1.3.5.v20200909-1856.jar
2026-06-09 21:19:46,703 [Worker-71: Launching Controle Gastos] INFO  o.eclipse.m2e.core.internal.Bundles - getClasspathEntries(Bundle=org.apache.commons.cli_1.8.0 [47])
2026-06-09 21:19:46,704 [Worker-71: Launching Controle Gastos] INFO  o.eclipse.m2e.core.internal.Bundles - 	Entry: C:\Users\willian\.p2\pool\plugins\org.apache.commons.cli_1.8.0.jar
2026-06-09 21:19:46,704 [Worker-71: Launching Controle Gastos] INFO  o.eclipse.m2e.core.internal.Bundles - getClasspathEntries(Bundle=org.apache.commons.commons-codec_1.16.0 [48])
2026-06-09 21:19:46,704 [Worker-71: Launching Controle Gastos] INFO  o.eclipse.m2e.core.internal.Bundles - 	Entry: C:\Users\willian\.p2\pool\plugins\org.apache.commons.commons-codec_1.16.0.jar
2026-06-09 21:19:46,704 [Worker-71: Launching Controle Gastos] INFO  o.eclipse.m2e.core.internal.Bundles - getClasspathEntries(Bundle=org.apache.commons.lang3_3.14.0 [54])
2026-06-09 21:19:46,704 [Worker-71: Launching Controle Gastos] INFO  o.eclipse.m2e.core.internal.Bundles - 	Entry: C:\Users\willian\.p2\pool\plugins\org.apache.commons.lang3_3.14.0.jar
2026-06-09 21:19:46,704 [Worker-71: Launching Controle Gastos] INFO  o.eclipse.m2e.core.internal.Bundles - getClasspathEntries(Bundle=com.google.guava.failureaccess_1.0.2 [11])
2026-06-09 21:19:46,704 [Worker-71: Launching Controle Gastos] INFO  o.eclipse.m2e.core.internal.Bundles - 	Entry: C:\Users\willian\.p2\pool\plugins\com.google.guava.failureaccess_1.0.2.jar
2026-06-09 21:19:46,706 [Worker-71: Launching Controle Gastos] INFO  o.e.m.i.launch.MavenLaunchDelegate - Run build in "C:\Users\willian\Desktop\Projeto-app-controle-de-gastos-programa-o-para-resolu-o-de-problemas-2\controle-gastos":
2026-06-09 21:19:46,706 [Worker-71: Launching Controle Gastos] INFO  o.e.m.i.launch.MavenLaunchDelegate -  mvn  -B -Dstyle.color=always javafx:run
2026-06-09 21:20:59,481 [Worker-72: Building] INFO  o.a.m.s.f.DefaultMavenResourcesFiltering - Copying 0 resource from src\main\resources to target\classes
2026-06-09 21:20:59,483 [Worker-72: Building] INFO  o.a.m.s.f.DefaultMavenResourcesFiltering - Copying 0 resource from src\test\resources to target\test-classes
2026-06-09 21:21:01,493 [Worker-70: Launching Controle Gastos] INFO  o.eclipse.m2e.core.internal.Bundles - getClasspathEntries(Bundle=org.eclipse.m2e.maven.runtime_3.9.700.20240602-2313 [299])
2026-06-09 21:21:01,493 [Worker-70: Launching Controle Gastos] INFO  o.eclipse.m2e.core.internal.Bundles - 	Entry: C:\Users\willian\.p2\pool\plugins\org.eclipse.m2e.maven.runtime_3.9.700.20240602-2313
2026-06-09 21:21:01,493 [Worker-70: Launching Controle Gastos] INFO  o.eclipse.m2e.core.internal.Bundles - 	Entry: C:\Users\willian\.p2\pool\plugins\org.eclipse.m2e.maven.runtime_3.9.700.20240602-2313\jars\aopalliance-1.0.jar
2026-06-09 21:21:01,493 [Worker-70: Launching Controle Gastos] INFO  o.eclipse.m2e.core.internal.Bundles - 	Entry: C:\Users\willian\.p2\pool\plugins\org.eclipse.m2e.maven.runtime_3.9.700.20240602-2313\jars\guice-5.1.0.jar
2026-06-09 21:21:01,493 [Worker-70: Launching Controle Gastos] INFO  o.eclipse.m2e.core.internal.Bundles - 	Entry: C:\Users\willian\.p2\pool\plugins\org.eclipse.m2e.maven.runtime_3.9.700.20240602-2313\jars\httpclient-4.5.14.jar
2026-06-09 21:21:01,494 [Worker-70: Launching Controle Gastos] INFO  o.eclipse.m2e.core.internal.Bundles - 	Entry: C:\Users\willian\.p2\pool\plugins\org.eclipse.m2e.maven.runtime_3.9.700.20240602-2313\jars\httpcore-4.4.16.jar
2026-06-09 21:21:01,494 [Worker-70: Launching Controle Gastos] INFO  o.eclipse.m2e.core.internal.Bundles - 	Entry: C:\Users\willian\.p2\pool\plugins\org.eclipse.m2e.maven.runtime_3.9.700.20240602-2313\jars\jansi-2.4.1.jar
2026-06-09 21:21:01,494 [Worker-70: Launching Controle Gastos] INFO  o.eclipse.m2e.core.internal.Bundles - 	Entry: C:\Users\willian\.p2\pool\plugins\org.eclipse.m2e.maven.runtime_3.9.700.20240602-2313\jars\jcl-over-slf4j-1.7.36.jar
2026-06-09 21:21:01,494 [Worker-70: Launching Controle Gastos] INFO  o.eclipse.m2e.core.internal.Bundles - 	Entry: C:\Users\willian\.p2\pool\plugins\org.eclipse.m2e.maven.runtime_3.9.700.20240602-2313\jars\maven-artifact-3.9.7.jar
2026-06-09 21:21:01,494 [Worker-70: Launching Controle Gastos] INFO  o.eclipse.m2e.core.internal.Bundles - 	Entry: C:\Users\willian\.p2\pool\plugins\org.eclipse.m2e.maven.runtime_3.9.700.20240602-2313\jars\maven-builder-support-3.9.7.jar
2026-06-09 21:21:01,494 [Worker-70: Launching Controle Gastos] INFO  o.eclipse.m2e.core.internal.Bundles - 	Entry: C:\Users\willian\.p2\pool\plugins\org.eclipse.m2e.maven.runtime_3.9.700.20240602-2313\jars\maven-compat-3.9.7.jar
2026-06-09 21:21:01,494 [Worker-70: Launching Controle Gastos] INFO  o.eclipse.m2e.core.internal.Bundles - 	Entry: C:\Users\willian\.p2\pool\plugins\org.eclipse.m2e.maven.runtime_3.9.700.20240602-2313\jars\maven-core-3.9.7.jar
2026-06-09 21:21:01,494 [Worker-70: Launching Controle Gastos] INFO  o.eclipse.m2e.core.internal.Bundles - 	Entry: C:\Users\willian\.p2\pool\plugins\org.eclipse.m2e.maven.runtime_3.9.700.20240602-2313\jars\maven-embedder-3.9.7.jar
2026-06-09 21:21:01,494 [Worker-70: Launching Controle Gastos] INFO  o.eclipse.m2e.core.internal.Bundles - 	Entry: C:\Users\willian\.p2\pool\plugins\org.eclipse.m2e.maven.runtime_3.9.700.20240602-2313\jars\maven-model-3.9.7.jar
2026-06-09 21:21:01,494 [Worker-70: Launching Controle Gastos] INFO  o.eclipse.m2e.core.internal.Bundles - 	Entry: C:\Users\willian\.p2\pool\plugins\org.eclipse.m2e.maven.runtime_3.9.700.20240602-2313\jars\maven-model-builder-3.9.7.jar
2026-06-09 21:21:01,495 [Worker-70: Launching Controle Gastos] INFO  o.eclipse.m2e.core.internal.Bundles - 	Entry: C:\Users\willian\.p2\pool\plugins\org.eclipse.m2e.maven.runtime_3.9.700.20240602-2313\jars\maven-plugin-api-3.9.7.jar
2026-06-09 21:21:01,495 [Worker-70: Launching Controle Gastos] INFO  o.eclipse.m2e.core.internal.Bundles - 	Entry: C:\Users\willian\.p2\pool\plugins\org.eclipse.m2e.maven.runtime_3.9.700.20240602-2313\jars\maven-repository-metadata-3.9.7.jar
2026-06-09 21:21:01,495 [Worker-70: Launching Controle Gastos] INFO  o.eclipse.m2e.core.internal.Bundles - 	Entry: C:\Users\willian\.p2\pool\plugins\org.eclipse.m2e.maven.runtime_3.9.700.20240602-2313\jars\maven-resolver-api-1.9.20.jar
2026-06-09 21:21:01,495 [Worker-70: Launching Controle Gastos] INFO  o.eclipse.m2e.core.internal.Bundles - 	Entry: C:\Users\willian\.p2\pool\plugins\org.eclipse.m2e.maven.runtime_3.9.700.20240602-2313\jars\maven-resolver-connector-basic-1.9.20.jar
2026-06-09 21:21:01,495 [Worker-70: Launching Controle Gastos] INFO  o.eclipse.m2e.core.internal.Bundles - 	Entry: C:\Users\willian\.p2\pool\plugins\org.eclipse.m2e.maven.runtime_3.9.700.20240602-2313\jars\maven-resolver-impl-1.9.20.jar
2026-06-09 21:21:01,495 [Worker-70: Launching Controle Gastos] INFO  o.eclipse.m2e.core.internal.Bundles - 	Entry: C:\Users\willian\.p2\pool\plugins\org.eclipse.m2e.maven.runtime_3.9.700.20240602-2313\jars\maven-resolver-named-locks-1.9.20.jar
2026-06-09 21:21:01,495 [Worker-70: Launching Controle Gastos] INFO  o.eclipse.m2e.core.internal.Bundles - 	Entry: C:\Users\willian\.p2\pool\plugins\org.eclipse.m2e.maven.runtime_3.9.700.20240602-2313\jars\maven-resolver-provider-3.9.7.jar
2026-06-09 21:21:01,495 [Worker-70: Launching Controle Gastos] INFO  o.eclipse.m2e.core.internal.Bundles - 	Entry: C:\Users\willian\.p2\pool\plugins\org.eclipse.m2e.maven.runtime_3.9.700.20240602-2313\jars\maven-resolver-spi-1.9.20.jar
2026-06-09 21:21:01,496 [Worker-70: Launching Controle Gastos] INFO  o.eclipse.m2e.core.internal.Bundles - 	Entry: C:\Users\willian\.p2\pool\plugins\org.eclipse.m2e.maven.runtime_3.9.700.20240602-2313\jars\maven-resolver-transport-file-1.9.20.jar
2026-06-09 21:21:01,496 [Worker-70: Launching Controle Gastos] INFO  o.eclipse.m2e.core.internal.Bundles - 	Entry: C:\Users\willian\.p2\pool\plugins\org.eclipse.m2e.maven.runtime_3.9.700.20240602-2313\jars\maven-resolver-transport-http-1.9.20.jar
2026-06-09 21:21:01,496 [Worker-70: Launching Controle Gastos] INFO  o.eclipse.m2e.core.internal.Bundles - 	Entry: C:\Users\willian\.p2\pool\plugins\org.eclipse.m2e.maven.runtime_3.9.700.20240602-2313\jars\maven-resolver-transport-wagon-1.9.20.jar
2026-06-09 21:21:01,496 [Worker-70: Launching Controle Gastos] INFO  o.eclipse.m2e.core.internal.Bundles - 	Entry: C:\Users\willian\.p2\pool\plugins\org.eclipse.m2e.maven.runtime_3.9.700.20240602-2313\jars\maven-resolver-util-1.9.20.jar
2026-06-09 21:21:01,496 [Worker-70: Launching Controle Gastos] INFO  o.eclipse.m2e.core.internal.Bundles - 	Entry: C:\Users\willian\.p2\pool\plugins\org.eclipse.m2e.maven.runtime_3.9.700.20240602-2313\jars\maven-settings-3.9.7.jar
2026-06-09 21:21:01,496 [Worker-70: Launching Controle Gastos] INFO  o.eclipse.m2e.core.internal.Bundles - 	Entry: C:\Users\willian\.p2\pool\plugins\org.eclipse.m2e.maven.runtime_3.9.700.20240602-2313\jars\maven-settings-builder-3.9.7.jar
2026-06-09 21:21:01,496 [Worker-70: Launching Controle Gastos] INFO  o.eclipse.m2e.core.internal.Bundles - 	Entry: C:\Users\willian\.p2\pool\plugins\org.eclipse.m2e.maven.runtime_3.9.700.20240602-2313\jars\maven-shared-utils-3.4.2.jar
2026-06-09 21:21:01,496 [Worker-70: Launching Controle Gastos] INFO  o.eclipse.m2e.core.internal.Bundles - 	Entry: C:\Users\willian\.p2\pool\plugins\org.eclipse.m2e.maven.runtime_3.9.700.20240602-2313\jars\org.eclipse.sisu.inject-0.9.0.M2.jar
2026-06-09 21:21:01,496 [Worker-70: Launching Controle Gastos] INFO  o.eclipse.m2e.core.internal.Bundles - 	Entry: C:\Users\willian\.p2\pool\plugins\org.eclipse.m2e.maven.runtime_3.9.700.20240602-2313\jars\org.eclipse.sisu.plexus-0.9.0.M2.jar
2026-06-09 21:21:01,496 [Worker-70: Launching Controle Gastos] INFO  o.eclipse.m2e.core.internal.Bundles - 	Entry: C:\Users\willian\.p2\pool\plugins\org.eclipse.m2e.maven.runtime_3.9.700.20240602-2313\jars\plexus-build-api-0.0.7.jar
2026-06-09 21:21:01,497 [Worker-70: Launching Controle Gastos] INFO  o.eclipse.m2e.core.internal.Bundles - 	Entry: C:\Users\willian\.p2\pool\plugins\org.eclipse.m2e.maven.runtime_3.9.700.20240602-2313\jars\plexus-build-api-1.2.0.jar
2026-06-09 21:21:01,497 [Worker-70: Launching Controle Gastos] INFO  o.eclipse.m2e.core.internal.Bundles - 	Entry: C:\Users\willian\.p2\pool\plugins\org.eclipse.m2e.maven.runtime_3.9.700.20240602-2313\jars\plexus-cipher-2.0.jar
2026-06-09 21:21:01,497 [Worker-70: Launching Controle Gastos] INFO  o.eclipse.m2e.core.internal.Bundles - 	Entry: C:\Users\willian\.p2\pool\plugins\org.eclipse.m2e.maven.runtime_3.9.700.20240602-2313\jars\plexus-classworlds-2.8.0.jar
2026-06-09 21:21:01,497 [Worker-70: Launching Controle Gastos] INFO  o.eclipse.m2e.core.internal.Bundles - 	Entry: C:\Users\willian\.p2\pool\plugins\org.eclipse.m2e.maven.runtime_3.9.700.20240602-2313\jars\plexus-component-annotations-2.1.0.jar
2026-06-09 21:21:01,497 [Worker-70: Launching Controle Gastos] INFO  o.eclipse.m2e.core.internal.Bundles - 	Entry: C:\Users\willian\.p2\pool\plugins\org.eclipse.m2e.maven.runtime_3.9.700.20240602-2313\jars\plexus-interpolation-1.27.jar
2026-06-09 21:21:01,497 [Worker-70: Launching Controle Gastos] INFO  o.eclipse.m2e.core.internal.Bundles - 	Entry: C:\Users\willian\.p2\pool\plugins\org.eclipse.m2e.maven.runtime_3.9.700.20240602-2313\jars\plexus-sec-dispatcher-2.0.jar
2026-06-09 21:21:01,497 [Worker-70: Launching Controle Gastos] INFO  o.eclipse.m2e.core.internal.Bundles - 	Entry: C:\Users\willian\.p2\pool\plugins\org.eclipse.m2e.maven.runtime_3.9.700.20240602-2313\jars\plexus-utils-3.5.1.jar
2026-06-09 21:21:01,497 [Worker-70: Launching Controle Gastos] INFO  o.eclipse.m2e.core.internal.Bundles - 	Entry: C:\Users\willian\.p2\pool\plugins\org.eclipse.m2e.maven.runtime_3.9.700.20240602-2313\jars\wagon-file-3.5.3.jar
2026-06-09 21:21:01,497 [Worker-70: Launching Controle Gastos] INFO  o.eclipse.m2e.core.internal.Bundles - 	Entry: C:\Users\willian\.p2\pool\plugins\org.eclipse.m2e.maven.runtime_3.9.700.20240602-2313\jars\wagon-http-3.5.3.jar
2026-06-09 21:21:01,498 [Worker-70: Launching Controle Gastos] INFO  o.eclipse.m2e.core.internal.Bundles - 	Entry: C:\Users\willian\.p2\pool\plugins\org.eclipse.m2e.maven.runtime_3.9.700.20240602-2313\jars\wagon-http-shared-3.5.3.jar
2026-06-09 21:21:01,498 [Worker-70: Launching Controle Gastos] INFO  o.eclipse.m2e.core.internal.Bundles - 	Entry: C:\Users\willian\.p2\pool\plugins\org.eclipse.m2e.maven.runtime_3.9.700.20240602-2313\jars\wagon-provider-api-3.5.3.jar
2026-06-09 21:21:01,498 [Worker-70: Launching Controle Gastos] INFO  o.eclipse.m2e.core.internal.Bundles - getClasspathEntries(Bundle=com.google.guava_33.2.0.jre [10])
2026-06-09 21:21:01,498 [Worker-70: Launching Controle Gastos] INFO  o.eclipse.m2e.core.internal.Bundles - 	Entry: C:\Users\willian\.p2\pool\plugins\com.google.guava_33.2.0.jre.jar
2026-06-09 21:21:01,498 [Worker-70: Launching Controle Gastos] INFO  o.eclipse.m2e.core.internal.Bundles - getClasspathEntries(Bundle=slf4j.api_2.0.13 [520])
2026-06-09 21:21:01,498 [Worker-70: Launching Controle Gastos] INFO  o.eclipse.m2e.core.internal.Bundles - 	Entry: C:\Users\willian\.p2\pool\plugins\slf4j.api_2.0.13.jar
2026-06-09 21:21:01,498 [Worker-70: Launching Controle Gastos] INFO  o.eclipse.m2e.core.internal.Bundles - getClasspathEntries(Bundle=jakarta.inject.jakarta.inject-api_1.0.5 [21])
2026-06-09 21:21:01,499 [Worker-70: Launching Controle Gastos] INFO  o.eclipse.m2e.core.internal.Bundles - 	Entry: C:\Users\willian\.p2\pool\plugins\jakarta.inject.jakarta.inject-api_1.0.5.jar
2026-06-09 21:21:01,499 [Worker-70: Launching Controle Gastos] INFO  o.eclipse.m2e.core.internal.Bundles - getClasspathEntries(Bundle=javax.annotation_1.3.5.v20200909-1856 [24])
2026-06-09 21:21:01,499 [Worker-70: Launching Controle Gastos] INFO  o.eclipse.m2e.core.internal.Bundles - 	Entry: C:\Users\willian\.p2\pool\plugins\javax.annotation_1.3.5.v20200909-1856.jar
2026-06-09 21:21:01,499 [Worker-70: Launching Controle Gastos] INFO  o.eclipse.m2e.core.internal.Bundles - getClasspathEntries(Bundle=org.apache.commons.cli_1.8.0 [47])
2026-06-09 21:21:01,499 [Worker-70: Launching Controle Gastos] INFO  o.eclipse.m2e.core.internal.Bundles - 	Entry: C:\Users\willian\.p2\pool\plugins\org.apache.commons.cli_1.8.0.jar
2026-06-09 21:21:01,499 [Worker-70: Launching Controle Gastos] INFO  o.eclipse.m2e.core.internal.Bundles - getClasspathEntries(Bundle=org.apache.commons.commons-codec_1.16.0 [48])
2026-06-09 21:21:01,499 [Worker-70: Launching Controle Gastos] INFO  o.eclipse.m2e.core.internal.Bundles - 	Entry: C:\Users\willian\.p2\pool\plugins\org.apache.commons.commons-codec_1.16.0.jar
2026-06-09 21:21:01,499 [Worker-70: Launching Controle Gastos] INFO  o.eclipse.m2e.core.internal.Bundles - getClasspathEntries(Bundle=org.apache.commons.lang3_3.14.0 [54])
2026-06-09 21:21:01,500 [Worker-70: Launching Controle Gastos] INFO  o.eclipse.m2e.core.internal.Bundles - 	Entry: C:\Users\willian\.p2\pool\plugins\org.apache.commons.lang3_3.14.0.jar
2026-06-09 21:21:01,500 [Worker-70: Launching Controle Gastos] INFO  o.eclipse.m2e.core.internal.Bundles - getClasspathEntries(Bundle=com.google.guava.failureaccess_1.0.2 [11])
2026-06-09 21:21:01,500 [Worker-70: Launching Controle Gastos] INFO  o.eclipse.m2e.core.internal.Bundles - 	Entry: C:\Users\willian\.p2\pool\plugins\com.google.guava.failureaccess_1.0.2.jar
2026-06-09 21:21:01,501 [Worker-70: Launching Controle Gastos] INFO  o.e.m.i.launch.MavenLaunchDelegate - Run build in "C:\Users\willian\Desktop\Projeto-app-controle-de-gastos-programa-o-para-resolu-o-de-problemas-2\controle-gastos":
2026-06-09 21:21:01,501 [Worker-70: Launching Controle Gastos] INFO  o.e.m.i.launch.MavenLaunchDelegate -  mvn  -B -Dstyle.color=always javafx:run
2026-06-09 21:22:30,370 [Worker-69: Building] INFO  o.a.m.s.f.DefaultMavenResourcesFiltering - Copying 0 resource from src\main\resources to target\classes
2026-06-09 21:22:30,373 [Worker-69: Building] INFO  o.a.m.s.f.DefaultMavenResourcesFiltering - Copying 0 resource from src\test\resources to target\test-classes
2026-06-09 21:22:51,012 [Worker-69: Building] INFO  o.a.m.s.f.DefaultMavenResourcesFiltering - Copying 0 resource from src\main\resources to target\classes
2026-06-09 21:22:51,014 [Worker-69: Building] INFO  o.a.m.s.f.DefaultMavenResourcesFiltering - Copying 0 resource from src\test\resources to target\test-classes
2026-06-09 21:27:12,544 [Worker-69: Building] INFO  o.a.m.s.f.DefaultMavenResourcesFiltering - Copying 0 resource from src\main\resources to target\classes
2026-06-09 21:27:12,545 [Worker-69: Building] INFO  o.a.m.s.f.DefaultMavenResourcesFiltering - Copying 0 resource from src\test\resources to target\test-classes
2026-06-09 21:27:28,455 [Worker-70: Launching Controle Gastos] INFO  o.eclipse.m2e.core.internal.Bundles - getClasspathEntries(Bundle=org.eclipse.m2e.maven.runtime_3.9.700.20240602-2313 [299])
2026-06-09 21:27:28,456 [Worker-70: Launching Controle Gastos] INFO  o.eclipse.m2e.core.internal.Bundles - 	Entry: C:\Users\willian\.p2\pool\plugins\org.eclipse.m2e.maven.runtime_3.9.700.20240602-2313
2026-06-09 21:27:28,456 [Worker-70: Launching Controle Gastos] INFO  o.eclipse.m2e.core.internal.Bundles - 	Entry: C:\Users\willian\.p2\pool\plugins\org.eclipse.m2e.maven.runtime_3.9.700.20240602-2313\jars\aopalliance-1.0.jar
2026-06-09 21:27:28,456 [Worker-70: Launching Controle Gastos] INFO  o.eclipse.m2e.core.internal.Bundles - 	Entry: C:\Users\willian\.p2\pool\plugins\org.eclipse.m2e.maven.runtime_3.9.700.20240602-2313\jars\guice-5.1.0.jar
2026-06-09 21:27:28,456 [Worker-70: Launching Controle Gastos] INFO  o.eclipse.m2e.core.internal.Bundles - 	Entry: C:\Users\willian\.p2\pool\plugins\org.eclipse.m2e.maven.runtime_3.9.700.20240602-2313\jars\httpclient-4.5.14.jar
2026-06-09 21:27:28,456 [Worker-70: Launching Controle Gastos] INFO  o.eclipse.m2e.core.internal.Bundles - 	Entry: C:\Users\willian\.p2\pool\plugins\org.eclipse.m2e.maven.runtime_3.9.700.20240602-2313\jars\httpcore-4.4.16.jar
2026-06-09 21:27:28,456 [Worker-70: Launching Controle Gastos] INFO  o.eclipse.m2e.core.internal.Bundles - 	Entry: C:\Users\willian\.p2\pool\plugins\org.eclipse.m2e.maven.runtime_3.9.700.20240602-2313\jars\jansi-2.4.1.jar
2026-06-09 21:27:28,456 [Worker-70: Launching Controle Gastos] INFO  o.eclipse.m2e.core.internal.Bundles - 	Entry: C:\Users\willian\.p2\pool\plugins\org.eclipse.m2e.maven.runtime_3.9.700.20240602-2313\jars\jcl-over-slf4j-1.7.36.jar
2026-06-09 21:27:28,457 [Worker-70: Launching Controle Gastos] INFO  o.eclipse.m2e.core.internal.Bundles - 	Entry: C:\Users\willian\.p2\pool\plugins\org.eclipse.m2e.maven.runtime_3.9.700.20240602-2313\jars\maven-artifact-3.9.7.jar
2026-06-09 21:27:28,457 [Worker-70: Launching Controle Gastos] INFO  o.eclipse.m2e.core.internal.Bundles - 	Entry: C:\Users\willian\.p2\pool\plugins\org.eclipse.m2e.maven.runtime_3.9.700.20240602-2313\jars\maven-builder-support-3.9.7.jar
2026-06-09 21:27:28,457 [Worker-70: Launching Controle Gastos] INFO  o.eclipse.m2e.core.internal.Bundles - 	Entry: C:\Users\willian\.p2\pool\plugins\org.eclipse.m2e.maven.runtime_3.9.700.20240602-2313\jars\maven-compat-3.9.7.jar
2026-06-09 21:27:28,457 [Worker-70: Launching Controle Gastos] INFO  o.eclipse.m2e.core.internal.Bundles - 	Entry: C:\Users\willian\.p2\pool\plugins\org.eclipse.m2e.maven.runtime_3.9.700.20240602-2313\jars\maven-core-3.9.7.jar
2026-06-09 21:27:28,457 [Worker-70: Launching Controle Gastos] INFO  o.eclipse.m2e.core.internal.Bundles - 	Entry: C:\Users\willian\.p2\pool\plugins\org.eclipse.m2e.maven.runtime_3.9.700.20240602-2313\jars\maven-embedder-3.9.7.jar
2026-06-09 21:27:28,457 [Worker-70: Launching Controle Gastos] INFO  o.eclipse.m2e.core.internal.Bundles - 	Entry: C:\Users\willian\.p2\pool\plugins\org.eclipse.m2e.maven.runtime_3.9.700.20240602-2313\jars\maven-model-3.9.7.jar
2026-06-09 21:27:28,457 [Worker-70: Launching Controle Gastos] INFO  o.eclipse.m2e.core.internal.Bundles - 	Entry: C:\Users\willian\.p2\pool\plugins\org.eclipse.m2e.maven.runtime_3.9.700.20240602-2313\jars\maven-model-builder-3.9.7.jar
2026-06-09 21:27:28,457 [Worker-70: Launching Controle Gastos] INFO  o.eclipse.m2e.core.internal.Bundles - 	Entry: C:\Users\willian\.p2\pool\plugins\org.eclipse.m2e.maven.runtime_3.9.700.20240602-2313\jars\maven-plugin-api-3.9.7.jar
2026-06-09 21:27:28,457 [Worker-70: Launching Controle Gastos] INFO  o.eclipse.m2e.core.internal.Bundles - 	Entry: C:\Users\willian\.p2\pool\plugins\org.eclipse.m2e.maven.runtime_3.9.700.20240602-2313\jars\maven-repository-metadata-3.9.7.jar
2026-06-09 21:27:28,457 [Worker-70: Launching Controle Gastos] INFO  o.eclipse.m2e.core.internal.Bundles - 	Entry: C:\Users\willian\.p2\pool\plugins\org.eclipse.m2e.maven.runtime_3.9.700.20240602-2313\jars\maven-resolver-api-1.9.20.jar
2026-06-09 21:27:28,458 [Worker-70: Launching Controle Gastos] INFO  o.eclipse.m2e.core.internal.Bundles - 	Entry: C:\Users\willian\.p2\pool\plugins\org.eclipse.m2e.maven.runtime_3.9.700.20240602-2313\jars\maven-resolver-connector-basic-1.9.20.jar
2026-06-09 21:27:28,458 [Worker-70: Launching Controle Gastos] INFO  o.eclipse.m2e.core.internal.Bundles - 	Entry: C:\Users\willian\.p2\pool\plugins\org.eclipse.m2e.maven.runtime_3.9.700.20240602-2313\jars\maven-resolver-impl-1.9.20.jar
2026-06-09 21:27:28,458 [Worker-70: Launching Controle Gastos] INFO  o.eclipse.m2e.core.internal.Bundles - 	Entry: C:\Users\willian\.p2\pool\plugins\org.eclipse.m2e.maven.runtime_3.9.700.20240602-2313\jars\maven-resolver-named-locks-1.9.20.jar
2026-06-09 21:27:28,458 [Worker-70: Launching Controle Gastos] INFO  o.eclipse.m2e.core.internal.Bundles - 	Entry: C:\Users\willian\.p2\pool\plugins\org.eclipse.m2e.maven.runtime_3.9.700.20240602-2313\jars\maven-resolver-provider-3.9.7.jar
2026-06-09 21:27:28,458 [Worker-70: Launching Controle Gastos] INFO  o.eclipse.m2e.core.internal.Bundles - 	Entry: C:\Users\willian\.p2\pool\plugins\org.eclipse.m2e.maven.runtime_3.9.700.20240602-2313\jars\maven-resolver-spi-1.9.20.jar
2026-06-09 21:27:28,458 [Worker-70: Launching Controle Gastos] INFO  o.eclipse.m2e.core.internal.Bundles - 	Entry: C:\Users\willian\.p2\pool\plugins\org.eclipse.m2e.maven.runtime_3.9.700.20240602-2313\jars\maven-resolver-transport-file-1.9.20.jar
2026-06-09 21:27:28,458 [Worker-70: Launching Controle Gastos] INFO  o.eclipse.m2e.core.internal.Bundles - 	Entry: C:\Users\willian\.p2\pool\plugins\org.eclipse.m2e.maven.runtime_3.9.700.20240602-2313\jars\maven-resolver-transport-http-1.9.20.jar
2026-06-09 21:27:28,458 [Worker-70: Launching Controle Gastos] INFO  o.eclipse.m2e.core.internal.Bundles - 	Entry: C:\Users\willian\.p2\pool\plugins\org.eclipse.m2e.maven.runtime_3.9.700.20240602-2313\jars\maven-resolver-transport-wagon-1.9.20.jar
2026-06-09 21:27:28,459 [Worker-70: Launching Controle Gastos] INFO  o.eclipse.m2e.core.internal.Bundles - 	Entry: C:\Users\willian\.p2\pool\plugins\org.eclipse.m2e.maven.runtime_3.9.700.20240602-2313\jars\maven-resolver-util-1.9.20.jar
2026-06-09 21:27:28,459 [Worker-70: Launching Controle Gastos] INFO  o.eclipse.m2e.core.internal.Bundles - 	Entry: C:\Users\willian\.p2\pool\plugins\org.eclipse.m2e.maven.runtime_3.9.700.20240602-2313\jars\maven-settings-3.9.7.jar
2026-06-09 21:27:28,459 [Worker-70: Launching Controle Gastos] INFO  o.eclipse.m2e.core.internal.Bundles - 	Entry: C:\Users\willian\.p2\pool\plugins\org.eclipse.m2e.maven.runtime_3.9.700.20240602-2313\jars\maven-settings-builder-3.9.7.jar
2026-06-09 21:27:28,459 [Worker-70: Launching Controle Gastos] INFO  o.eclipse.m2e.core.internal.Bundles - 	Entry: C:\Users\willian\.p2\pool\plugins\org.eclipse.m2e.maven.runtime_3.9.700.20240602-2313\jars\maven-shared-utils-3.4.2.jar
2026-06-09 21:27:28,459 [Worker-70: Launching Controle Gastos] INFO  o.eclipse.m2e.core.internal.Bundles - 	Entry: C:\Users\willian\.p2\pool\plugins\org.eclipse.m2e.maven.runtime_3.9.700.20240602-2313\jars\org.eclipse.sisu.inject-0.9.0.M2.jar
2026-06-09 21:27:28,459 [Worker-70: Launching Controle Gastos] INFO  o.eclipse.m2e.core.internal.Bundles - 	Entry: C:\Users\willian\.p2\pool\plugins\org.eclipse.m2e.maven.runtime_3.9.700.20240602-2313\jars\org.eclipse.sisu.plexus-0.9.0.M2.jar
2026-06-09 21:27:28,459 [Worker-70: Launching Controle Gastos] INFO  o.eclipse.m2e.core.internal.Bundles - 	Entry: C:\Users\willian\.p2\pool\plugins\org.eclipse.m2e.maven.runtime_3.9.700.20240602-2313\jars\plexus-build-api-0.0.7.jar
2026-06-09 21:27:28,459 [Worker-70: Launching Controle Gastos] INFO  o.eclipse.m2e.core.internal.Bundles - 	Entry: C:\Users\willian\.p2\pool\plugins\org.eclipse.m2e.maven.runtime_3.9.700.20240602-2313\jars\plexus-build-api-1.2.0.jar
2026-06-09 21:27:28,459 [Worker-70: Launching Controle Gastos] INFO  o.eclipse.m2e.core.internal.Bundles - 	Entry: C:\Users\willian\.p2\pool\plugins\org.eclipse.m2e.maven.runtime_3.9.700.20240602-2313\jars\plexus-cipher-2.0.jar
2026-06-09 21:27:28,459 [Worker-70: Launching Controle Gastos] INFO  o.eclipse.m2e.core.internal.Bundles - 	Entry: C:\Users\willian\.p2\pool\plugins\org.eclipse.m2e.maven.runtime_3.9.700.20240602-2313\jars\plexus-classworlds-2.8.0.jar
2026-06-09 21:27:28,460 [Worker-70: Launching Controle Gastos] INFO  o.eclipse.m2e.core.internal.Bundles - 	Entry: C:\Users\willian\.p2\pool\plugins\org.eclipse.m2e.maven.runtime_3.9.700.20240602-2313\jars\plexus-component-annotations-2.1.0.jar
2026-06-09 21:27:28,460 [Worker-70: Launching Controle Gastos] INFO  o.eclipse.m2e.core.internal.Bundles - 	Entry: C:\Users\willian\.p2\pool\plugins\org.eclipse.m2e.maven.runtime_3.9.700.20240602-2313\jars\plexus-interpolation-1.27.jar
2026-06-09 21:27:28,460 [Worker-70: Launching Controle Gastos] INFO  o.eclipse.m2e.core.internal.Bundles - 	Entry: C:\Users\willian\.p2\pool\plugins\org.eclipse.m2e.maven.runtime_3.9.700.20240602-2313\jars\plexus-sec-dispatcher-2.0.jar
2026-06-09 21:27:28,460 [Worker-70: Launching Controle Gastos] INFO  o.eclipse.m2e.core.internal.Bundles - 	Entry: C:\Users\willian\.p2\pool\plugins\org.eclipse.m2e.maven.runtime_3.9.700.20240602-2313\jars\plexus-utils-3.5.1.jar
2026-06-09 21:27:28,460 [Worker-70: Launching Controle Gastos] INFO  o.eclipse.m2e.core.internal.Bundles - 	Entry: C:\Users\willian\.p2\pool\plugins\org.eclipse.m2e.maven.runtime_3.9.700.20240602-2313\jars\wagon-file-3.5.3.jar
2026-06-09 21:27:28,460 [Worker-70: Launching Controle Gastos] INFO  o.eclipse.m2e.core.internal.Bundles - 	Entry: C:\Users\willian\.p2\pool\plugins\org.eclipse.m2e.maven.runtime_3.9.700.20240602-2313\jars\wagon-http-3.5.3.jar
2026-06-09 21:27:28,460 [Worker-70: Launching Controle Gastos] INFO  o.eclipse.m2e.core.internal.Bundles - 	Entry: C:\Users\willian\.p2\pool\plugins\org.eclipse.m2e.maven.runtime_3.9.700.20240602-2313\jars\wagon-http-shared-3.5.3.jar
2026-06-09 21:27:28,460 [Worker-70: Launching Controle Gastos] INFO  o.eclipse.m2e.core.internal.Bundles - 	Entry: C:\Users\willian\.p2\pool\plugins\org.eclipse.m2e.maven.runtime_3.9.700.20240602-2313\jars\wagon-provider-api-3.5.3.jar
2026-06-09 21:27:28,460 [Worker-70: Launching Controle Gastos] INFO  o.eclipse.m2e.core.internal.Bundles - getClasspathEntries(Bundle=com.google.guava_33.2.0.jre [10])
2026-06-09 21:27:28,461 [Worker-70: Launching Controle Gastos] INFO  o.eclipse.m2e.core.internal.Bundles - 	Entry: C:\Users\willian\.p2\pool\plugins\com.google.guava_33.2.0.jre.jar
2026-06-09 21:27:28,461 [Worker-70: Launching Controle Gastos] INFO  o.eclipse.m2e.core.internal.Bundles - getClasspathEntries(Bundle=slf4j.api_2.0.13 [520])
2026-06-09 21:27:28,461 [Worker-70: Launching Controle Gastos] INFO  o.eclipse.m2e.core.internal.Bundles - 	Entry: C:\Users\willian\.p2\pool\plugins\slf4j.api_2.0.13.jar
2026-06-09 21:27:28,461 [Worker-70: Launching Controle Gastos] INFO  o.eclipse.m2e.core.internal.Bundles - getClasspathEntries(Bundle=jakarta.inject.jakarta.inject-api_1.0.5 [21])
2026-06-09 21:27:28,461 [Worker-70: Launching Controle Gastos] INFO  o.eclipse.m2e.core.internal.Bundles - 	Entry: C:\Users\willian\.p2\pool\plugins\jakarta.inject.jakarta.inject-api_1.0.5.jar
2026-06-09 21:27:28,461 [Worker-70: Launching Controle Gastos] INFO  o.eclipse.m2e.core.internal.Bundles - getClasspathEntries(Bundle=javax.annotation_1.3.5.v20200909-1856 [24])
2026-06-09 21:27:28,461 [Worker-70: Launching Controle Gastos] INFO  o.eclipse.m2e.core.internal.Bundles - 	Entry: C:\Users\willian\.p2\pool\plugins\javax.annotation_1.3.5.v20200909-1856.jar
2026-06-09 21:27:28,461 [Worker-70: Launching Controle Gastos] INFO  o.eclipse.m2e.core.internal.Bundles - getClasspathEntries(Bundle=org.apache.commons.cli_1.8.0 [47])
2026-06-09 21:27:28,462 [Worker-70: Launching Controle Gastos] INFO  o.eclipse.m2e.core.internal.Bundles - 	Entry: C:\Users\willian\.p2\pool\plugins\org.apache.commons.cli_1.8.0.jar
2026-06-09 21:27:28,462 [Worker-70: Launching Controle Gastos] INFO  o.eclipse.m2e.core.internal.Bundles - getClasspathEntries(Bundle=org.apache.commons.commons-codec_1.16.0 [48])
2026-06-09 21:27:28,462 [Worker-70: Launching Controle Gastos] INFO  o.eclipse.m2e.core.internal.Bundles - 	Entry: C:\Users\willian\.p2\pool\plugins\org.apache.commons.commons-codec_1.16.0.jar
2026-06-09 21:27:28,462 [Worker-70: Launching Controle Gastos] INFO  o.eclipse.m2e.core.internal.Bundles - getClasspathEntries(Bundle=org.apache.commons.lang3_3.14.0 [54])
2026-06-09 21:27:28,462 [Worker-70: Launching Controle Gastos] INFO  o.eclipse.m2e.core.internal.Bundles - 	Entry: C:\Users\willian\.p2\pool\plugins\org.apache.commons.lang3_3.14.0.jar
2026-06-09 21:27:28,462 [Worker-70: Launching Controle Gastos] INFO  o.eclipse.m2e.core.internal.Bundles - getClasspathEntries(Bundle=com.google.guava.failureaccess_1.0.2 [11])
2026-06-09 21:27:28,463 [Worker-70: Launching Controle Gastos] INFO  o.eclipse.m2e.core.internal.Bundles - 	Entry: C:\Users\willian\.p2\pool\plugins\com.google.guava.failureaccess_1.0.2.jar
2026-06-09 21:27:28,464 [Worker-70: Launching Controle Gastos] INFO  o.e.m.i.launch.MavenLaunchDelegate - Run build in "C:\Users\willian\Desktop\Projeto-app-controle-de-gastos-programa-o-para-resolu-o-de-problemas-2\controle-gastos":
2026-06-09 21:27:28,464 [Worker-70: Launching Controle Gastos] INFO  o.e.m.i.launch.MavenLaunchDelegate -  mvn  -B -Dstyle.color=always javafx:run
2026-06-09 21:28:28,032 [Worker-74: Building] INFO  o.a.m.s.f.DefaultMavenResourcesFiltering - Copying 0 resource from src\main\resources to target\classes
2026-06-09 21:28:28,034 [Worker-74: Building] INFO  o.a.m.s.f.DefaultMavenResourcesFiltering - Copying 0 resource from src\test\resources to target\test-classes
2026-06-09 21:28:34,411 [Worker-74: Launching Controle Gastos] INFO  o.eclipse.m2e.core.internal.Bundles - getClasspathEntries(Bundle=org.eclipse.m2e.maven.runtime_3.9.700.20240602-2313 [299])
2026-06-09 21:28:34,411 [Worker-74: Launching Controle Gastos] INFO  o.eclipse.m2e.core.internal.Bundles - 	Entry: C:\Users\willian\.p2\pool\plugins\org.eclipse.m2e.maven.runtime_3.9.700.20240602-2313
2026-06-09 21:28:34,411 [Worker-74: Launching Controle Gastos] INFO  o.eclipse.m2e.core.internal.Bundles - 	Entry: C:\Users\willian\.p2\pool\plugins\org.eclipse.m2e.maven.runtime_3.9.700.20240602-2313\jars\aopalliance-1.0.jar
2026-06-09 21:28:34,412 [Worker-74: Launching Controle Gastos] INFO  o.eclipse.m2e.core.internal.Bundles - 	Entry: C:\Users\willian\.p2\pool\plugins\org.eclipse.m2e.maven.runtime_3.9.700.20240602-2313\jars\guice-5.1.0.jar
2026-06-09 21:28:34,412 [Worker-74: Launching Controle Gastos] INFO  o.eclipse.m2e.core.internal.Bundles - 	Entry: C:\Users\willian\.p2\pool\plugins\org.eclipse.m2e.maven.runtime_3.9.700.20240602-2313\jars\httpclient-4.5.14.jar
2026-06-09 21:28:34,412 [Worker-74: Launching Controle Gastos] INFO  o.eclipse.m2e.core.internal.Bundles - 	Entry: C:\Users\willian\.p2\pool\plugins\org.eclipse.m2e.maven.runtime_3.9.700.20240602-2313\jars\httpcore-4.4.16.jar
2026-06-09 21:28:34,412 [Worker-74: Launching Controle Gastos] INFO  o.eclipse.m2e.core.internal.Bundles - 	Entry: C:\Users\willian\.p2\pool\plugins\org.eclipse.m2e.maven.runtime_3.9.700.20240602-2313\jars\jansi-2.4.1.jar
2026-06-09 21:28:34,412 [Worker-74: Launching Controle Gastos] INFO  o.eclipse.m2e.core.internal.Bundles - 	Entry: C:\Users\willian\.p2\pool\plugins\org.eclipse.m2e.maven.runtime_3.9.700.20240602-2313\jars\jcl-over-slf4j-1.7.36.jar
2026-06-09 21:28:34,412 [Worker-74: Launching Controle Gastos] INFO  o.eclipse.m2e.core.internal.Bundles - 	Entry: C:\Users\willian\.p2\pool\plugins\org.eclipse.m2e.maven.runtime_3.9.700.20240602-2313\jars\maven-artifact-3.9.7.jar
2026-06-09 21:28:34,412 [Worker-74: Launching Controle Gastos] INFO  o.eclipse.m2e.core.internal.Bundles - 	Entry: C:\Users\willian\.p2\pool\plugins\org.eclipse.m2e.maven.runtime_3.9.700.20240602-2313\jars\maven-builder-support-3.9.7.jar
2026-06-09 21:28:34,412 [Worker-74: Launching Controle Gastos] INFO  o.eclipse.m2e.core.internal.Bundles - 	Entry: C:\Users\willian\.p2\pool\plugins\org.eclipse.m2e.maven.runtime_3.9.700.20240602-2313\jars\maven-compat-3.9.7.jar
2026-06-09 21:28:34,412 [Worker-74: Launching Controle Gastos] INFO  o.eclipse.m2e.core.internal.Bundles - 	Entry: C:\Users\willian\.p2\pool\plugins\org.eclipse.m2e.maven.runtime_3.9.700.20240602-2313\jars\maven-core-3.9.7.jar
2026-06-09 21:28:34,413 [Worker-74: Launching Controle Gastos] INFO  o.eclipse.m2e.core.internal.Bundles - 	Entry: C:\Users\willian\.p2\pool\plugins\org.eclipse.m2e.maven.runtime_3.9.700.20240602-2313\jars\maven-embedder-3.9.7.jar
2026-06-09 21:28:34,413 [Worker-74: Launching Controle Gastos] INFO  o.eclipse.m2e.core.internal.Bundles - 	Entry: C:\Users\willian\.p2\pool\plugins\org.eclipse.m2e.maven.runtime_3.9.700.20240602-2313\jars\maven-model-3.9.7.jar
2026-06-09 21:28:34,413 [Worker-74: Launching Controle Gastos] INFO  o.eclipse.m2e.core.internal.Bundles - 	Entry: C:\Users\willian\.p2\pool\plugins\org.eclipse.m2e.maven.runtime_3.9.700.20240602-2313\jars\maven-model-builder-3.9.7.jar
2026-06-09 21:28:34,413 [Worker-74: Launching Controle Gastos] INFO  o.eclipse.m2e.core.internal.Bundles - 	Entry: C:\Users\willian\.p2\pool\plugins\org.eclipse.m2e.maven.runtime_3.9.700.20240602-2313\jars\maven-plugin-api-3.9.7.jar
2026-06-09 21:28:34,413 [Worker-74: Launching Controle Gastos] INFO  o.eclipse.m2e.core.internal.Bundles - 	Entry: C:\Users\willian\.p2\pool\plugins\org.eclipse.m2e.maven.runtime_3.9.700.20240602-2313\jars\maven-repository-metadata-3.9.7.jar
2026-06-09 21:28:34,413 [Worker-74: Launching Controle Gastos] INFO  o.eclipse.m2e.core.internal.Bundles - 	Entry: C:\Users\willian\.p2\pool\plugins\org.eclipse.m2e.maven.runtime_3.9.700.20240602-2313\jars\maven-resolver-api-1.9.20.jar
2026-06-09 21:28:34,413 [Worker-74: Launching Controle Gastos] INFO  o.eclipse.m2e.core.internal.Bundles - 	Entry: C:\Users\willian\.p2\pool\plugins\org.eclipse.m2e.maven.runtime_3.9.700.20240602-2313\jars\maven-resolver-connector-basic-1.9.20.jar
2026-06-09 21:28:34,413 [Worker-74: Launching Controle Gastos] INFO  o.eclipse.m2e.core.internal.Bundles - 	Entry: C:\Users\willian\.p2\pool\plugins\org.eclipse.m2e.maven.runtime_3.9.700.20240602-2313\jars\maven-resolver-impl-1.9.20.jar
2026-06-09 21:28:34,413 [Worker-74: Launching Controle Gastos] INFO  o.eclipse.m2e.core.internal.Bundles - 	Entry: C:\Users\willian\.p2\pool\plugins\org.eclipse.m2e.maven.runtime_3.9.700.20240602-2313\jars\maven-resolver-named-locks-1.9.20.jar
2026-06-09 21:28:34,413 [Worker-74: Launching Controle Gastos] INFO  o.eclipse.m2e.core.internal.Bundles - 	Entry: C:\Users\willian\.p2\pool\plugins\org.eclipse.m2e.maven.runtime_3.9.700.20240602-2313\jars\maven-resolver-provider-3.9.7.jar
2026-06-09 21:28:34,414 [Worker-74: Launching Controle Gastos] INFO  o.eclipse.m2e.core.internal.Bundles - 	Entry: C:\Users\willian\.p2\pool\plugins\org.eclipse.m2e.maven.runtime_3.9.700.20240602-2313\jars\maven-resolver-spi-1.9.20.jar
2026-06-09 21:28:34,414 [Worker-74: Launching Controle Gastos] INFO  o.eclipse.m2e.core.internal.Bundles - 	Entry: C:\Users\willian\.p2\pool\plugins\org.eclipse.m2e.maven.runtime_3.9.700.20240602-2313\jars\maven-resolver-transport-file-1.9.20.jar
2026-06-09 21:28:34,414 [Worker-74: Launching Controle Gastos] INFO  o.eclipse.m2e.core.internal.Bundles - 	Entry: C:\Users\willian\.p2\pool\plugins\org.eclipse.m2e.maven.runtime_3.9.700.20240602-2313\jars\maven-resolver-transport-http-1.9.20.jar
2026-06-09 21:28:34,414 [Worker-74: Launching Controle Gastos] INFO  o.eclipse.m2e.core.internal.Bundles - 	Entry: C:\Users\willian\.p2\pool\plugins\org.eclipse.m2e.maven.runtime_3.9.700.20240602-2313\jars\maven-resolver-transport-wagon-1.9.20.jar
2026-06-09 21:28:34,414 [Worker-74: Launching Controle Gastos] INFO  o.eclipse.m2e.core.internal.Bundles - 	Entry: C:\Users\willian\.p2\pool\plugins\org.eclipse.m2e.maven.runtime_3.9.700.20240602-2313\jars\maven-resolver-util-1.9.20.jar
2026-06-09 21:28:34,414 [Worker-74: Launching Controle Gastos] INFO  o.eclipse.m2e.core.internal.Bundles - 	Entry: C:\Users\willian\.p2\pool\plugins\org.eclipse.m2e.maven.runtime_3.9.700.20240602-2313\jars\maven-settings-3.9.7.jar
2026-06-09 21:28:34,414 [Worker-74: Launching Controle Gastos] INFO  o.eclipse.m2e.core.internal.Bundles - 	Entry: C:\Users\willian\.p2\pool\plugins\org.eclipse.m2e.maven.runtime_3.9.700.20240602-2313\jars\maven-settings-builder-3.9.7.jar
2026-06-09 21:28:34,414 [Worker-74: Launching Controle Gastos] INFO  o.eclipse.m2e.core.internal.Bundles - 	Entry: C:\Users\willian\.p2\pool\plugins\org.eclipse.m2e.maven.runtime_3.9.700.20240602-2313\jars\maven-shared-utils-3.4.2.jar
2026-06-09 21:28:34,414 [Worker-74: Launching Controle Gastos] INFO  o.eclipse.m2e.core.internal.Bundles - 	Entry: C:\Users\willian\.p2\pool\plugins\org.eclipse.m2e.maven.runtime_3.9.700.20240602-2313\jars\org.eclipse.sisu.inject-0.9.0.M2.jar
2026-06-09 21:28:34,414 [Worker-74: Launching Controle Gastos] INFO  o.eclipse.m2e.core.internal.Bundles - 	Entry: C:\Users\willian\.p2\pool\plugins\org.eclipse.m2e.maven.runtime_3.9.700.20240602-2313\jars\org.eclipse.sisu.plexus-0.9.0.M2.jar
2026-06-09 21:28:34,415 [Worker-74: Launching Controle Gastos] INFO  o.eclipse.m2e.core.internal.Bundles - 	Entry: C:\Users\willian\.p2\pool\plugins\org.eclipse.m2e.maven.runtime_3.9.700.20240602-2313\jars\plexus-build-api-0.0.7.jar
2026-06-09 21:28:34,415 [Worker-74: Launching Controle Gastos] INFO  o.eclipse.m2e.core.internal.Bundles - 	Entry: C:\Users\willian\.p2\pool\plugins\org.eclipse.m2e.maven.runtime_3.9.700.20240602-2313\jars\plexus-build-api-1.2.0.jar
2026-06-09 21:28:34,415 [Worker-74: Launching Controle Gastos] INFO  o.eclipse.m2e.core.internal.Bundles - 	Entry: C:\Users\willian\.p2\pool\plugins\org.eclipse.m2e.maven.runtime_3.9.700.20240602-2313\jars\plexus-cipher-2.0.jar
2026-06-09 21:28:34,415 [Worker-74: Launching Controle Gastos] INFO  o.eclipse.m2e.core.internal.Bundles - 	Entry: C:\Users\willian\.p2\pool\plugins\org.eclipse.m2e.maven.runtime_3.9.700.20240602-2313\jars\plexus-classworlds-2.8.0.jar
2026-06-09 21:28:34,415 [Worker-74: Launching Controle Gastos] INFO  o.eclipse.m2e.core.internal.Bundles - 	Entry: C:\Users\willian\.p2\pool\plugins\org.eclipse.m2e.maven.runtime_3.9.700.20240602-2313\jars\plexus-component-annotations-2.1.0.jar
2026-06-09 21:28:34,415 [Worker-74: Launching Controle Gastos] INFO  o.eclipse.m2e.core.internal.Bundles - 	Entry: C:\Users\willian\.p2\pool\plugins\org.eclipse.m2e.maven.runtime_3.9.700.20240602-2313\jars\plexus-interpolation-1.27.jar
2026-06-09 21:28:34,415 [Worker-74: Launching Controle Gastos] INFO  o.eclipse.m2e.core.internal.Bundles - 	Entry: C:\Users\willian\.p2\pool\plugins\org.eclipse.m2e.maven.runtime_3.9.700.20240602-2313\jars\plexus-sec-dispatcher-2.0.jar
2026-06-09 21:28:34,415 [Worker-74: Launching Controle Gastos] INFO  o.eclipse.m2e.core.internal.Bundles - 	Entry: C:\Users\willian\.p2\pool\plugins\org.eclipse.m2e.maven.runtime_3.9.700.20240602-2313\jars\plexus-utils-3.5.1.jar
2026-06-09 21:28:34,415 [Worker-74: Launching Controle Gastos] INFO  o.eclipse.m2e.core.internal.Bundles - 	Entry: C:\Users\willian\.p2\pool\plugins\org.eclipse.m2e.maven.runtime_3.9.700.20240602-2313\jars\wagon-file-3.5.3.jar
2026-06-09 21:28:34,415 [Worker-74: Launching Controle Gastos] INFO  o.eclipse.m2e.core.internal.Bundles - 	Entry: C:\Users\willian\.p2\pool\plugins\org.eclipse.m2e.maven.runtime_3.9.700.20240602-2313\jars\wagon-http-3.5.3.jar
2026-06-09 21:28:34,416 [Worker-74: Launching Controle Gastos] INFO  o.eclipse.m2e.core.internal.Bundles - 	Entry: C:\Users\willian\.p2\pool\plugins\org.eclipse.m2e.maven.runtime_3.9.700.20240602-2313\jars\wagon-http-shared-3.5.3.jar
2026-06-09 21:28:34,416 [Worker-74: Launching Controle Gastos] INFO  o.eclipse.m2e.core.internal.Bundles - 	Entry: C:\Users\willian\.p2\pool\plugins\org.eclipse.m2e.maven.runtime_3.9.700.20240602-2313\jars\wagon-provider-api-3.5.3.jar
2026-06-09 21:28:34,416 [Worker-74: Launching Controle Gastos] INFO  o.eclipse.m2e.core.internal.Bundles - getClasspathEntries(Bundle=com.google.guava_33.2.0.jre [10])
2026-06-09 21:28:34,416 [Worker-74: Launching Controle Gastos] INFO  o.eclipse.m2e.core.internal.Bundles - 	Entry: C:\Users\willian\.p2\pool\plugins\com.google.guava_33.2.0.jre.jar
2026-06-09 21:28:34,416 [Worker-74: Launching Controle Gastos] INFO  o.eclipse.m2e.core.internal.Bundles - getClasspathEntries(Bundle=slf4j.api_2.0.13 [520])
2026-06-09 21:28:34,416 [Worker-74: Launching Controle Gastos] INFO  o.eclipse.m2e.core.internal.Bundles - 	Entry: C:\Users\willian\.p2\pool\plugins\slf4j.api_2.0.13.jar
2026-06-09 21:28:34,416 [Worker-74: Launching Controle Gastos] INFO  o.eclipse.m2e.core.internal.Bundles - getClasspathEntries(Bundle=jakarta.inject.jakarta.inject-api_1.0.5 [21])
2026-06-09 21:28:34,417 [Worker-74: Launching Controle Gastos] INFO  o.eclipse.m2e.core.internal.Bundles - 	Entry: C:\Users\willian\.p2\pool\plugins\jakarta.inject.jakarta.inject-api_1.0.5.jar
2026-06-09 21:28:34,417 [Worker-74: Launching Controle Gastos] INFO  o.eclipse.m2e.core.internal.Bundles - getClasspathEntries(Bundle=javax.annotation_1.3.5.v20200909-1856 [24])
2026-06-09 21:28:34,417 [Worker-74: Launching Controle Gastos] INFO  o.eclipse.m2e.core.internal.Bundles - 	Entry: C:\Users\willian\.p2\pool\plugins\javax.annotation_1.3.5.v20200909-1856.jar
2026-06-09 21:28:34,417 [Worker-74: Launching Controle Gastos] INFO  o.eclipse.m2e.core.internal.Bundles - getClasspathEntries(Bundle=org.apache.commons.cli_1.8.0 [47])
2026-06-09 21:28:34,417 [Worker-74: Launching Controle Gastos] INFO  o.eclipse.m2e.core.internal.Bundles - 	Entry: C:\Users\willian\.p2\pool\plugins\org.apache.commons.cli_1.8.0.jar
2026-06-09 21:28:34,417 [Worker-74: Launching Controle Gastos] INFO  o.eclipse.m2e.core.internal.Bundles - getClasspathEntries(Bundle=org.apache.commons.commons-codec_1.16.0 [48])
2026-06-09 21:28:34,417 [Worker-74: Launching Controle Gastos] INFO  o.eclipse.m2e.core.internal.Bundles - 	Entry: C:\Users\willian\.p2\pool\plugins\org.apache.commons.commons-codec_1.16.0.jar
2026-06-09 21:28:34,417 [Worker-74: Launching Controle Gastos] INFO  o.eclipse.m2e.core.internal.Bundles - getClasspathEntries(Bundle=org.apache.commons.lang3_3.14.0 [54])
2026-06-09 21:28:34,417 [Worker-74: Launching Controle Gastos] INFO  o.eclipse.m2e.core.internal.Bundles - 	Entry: C:\Users\willian\.p2\pool\plugins\org.apache.commons.lang3_3.14.0.jar
2026-06-09 21:28:34,417 [Worker-74: Launching Controle Gastos] INFO  o.eclipse.m2e.core.internal.Bundles - getClasspathEntries(Bundle=com.google.guava.failureaccess_1.0.2 [11])
2026-06-09 21:28:34,418 [Worker-74: Launching Controle Gastos] INFO  o.eclipse.m2e.core.internal.Bundles - 	Entry: C:\Users\willian\.p2\pool\plugins\com.google.guava.failureaccess_1.0.2.jar
2026-06-09 21:28:34,419 [Worker-74: Launching Controle Gastos] INFO  o.e.m.i.launch.MavenLaunchDelegate - Run build in "C:\Users\willian\Desktop\Projeto-app-controle-de-gastos-programa-o-para-resolu-o-de-problemas-2\controle-gastos":
2026-06-09 21:28:34,419 [Worker-74: Launching Controle Gastos] INFO  o.e.m.i.launch.MavenLaunchDelegate -  mvn  -B -Dstyle.color=always javafx:run
2026-06-09 21:30:26,110 [Worker-69: Launching Controle Gastos] INFO  o.eclipse.m2e.core.internal.Bundles - getClasspathEntries(Bundle=org.eclipse.m2e.maven.runtime_3.9.700.20240602-2313 [299])
2026-06-09 21:30:26,110 [Worker-69: Launching Controle Gastos] INFO  o.eclipse.m2e.core.internal.Bundles - 	Entry: C:\Users\willian\.p2\pool\plugins\org.eclipse.m2e.maven.runtime_3.9.700.20240602-2313
2026-06-09 21:30:26,111 [Worker-69: Launching Controle Gastos] INFO  o.eclipse.m2e.core.internal.Bundles - 	Entry: C:\Users\willian\.p2\pool\plugins\org.eclipse.m2e.maven.runtime_3.9.700.20240602-2313\jars\aopalliance-1.0.jar
2026-06-09 21:30:26,111 [Worker-69: Launching Controle Gastos] INFO  o.eclipse.m2e.core.internal.Bundles - 	Entry: C:\Users\willian\.p2\pool\plugins\org.eclipse.m2e.maven.runtime_3.9.700.20240602-2313\jars\guice-5.1.0.jar
2026-06-09 21:30:26,111 [Worker-69: Launching Controle Gastos] INFO  o.eclipse.m2e.core.internal.Bundles - 	Entry: C:\Users\willian\.p2\pool\plugins\org.eclipse.m2e.maven.runtime_3.9.700.20240602-2313\jars\httpclient-4.5.14.jar
2026-06-09 21:30:26,111 [Worker-69: Launching Controle Gastos] INFO  o.eclipse.m2e.core.internal.Bundles - 	Entry: C:\Users\willian\.p2\pool\plugins\org.eclipse.m2e.maven.runtime_3.9.700.20240602-2313\jars\httpcore-4.4.16.jar
2026-06-09 21:30:26,111 [Worker-69: Launching Controle Gastos] INFO  o.eclipse.m2e.core.internal.Bundles - 	Entry: C:\Users\willian\.p2\pool\plugins\org.eclipse.m2e.maven.runtime_3.9.700.20240602-2313\jars\jansi-2.4.1.jar
2026-06-09 21:30:26,111 [Worker-69: Launching Controle Gastos] INFO  o.eclipse.m2e.core.internal.Bundles - 	Entry: C:\Users\willian\.p2\pool\plugins\org.eclipse.m2e.maven.runtime_3.9.700.20240602-2313\jars\jcl-over-slf4j-1.7.36.jar
2026-06-09 21:30:26,111 [Worker-69: Launching Controle Gastos] INFO  o.eclipse.m2e.core.internal.Bundles - 	Entry: C:\Users\willian\.p2\pool\plugins\org.eclipse.m2e.maven.runtime_3.9.700.20240602-2313\jars\maven-artifact-3.9.7.jar
2026-06-09 21:30:26,111 [Worker-69: Launching Controle Gastos] INFO  o.eclipse.m2e.core.internal.Bundles - 	Entry: C:\Users\willian\.p2\pool\plugins\org.eclipse.m2e.maven.runtime_3.9.700.20240602-2313\jars\maven-builder-support-3.9.7.jar
2026-06-09 21:30:26,112 [Worker-69: Launching Controle Gastos] INFO  o.eclipse.m2e.core.internal.Bundles - 	Entry: C:\Users\willian\.p2\pool\plugins\org.eclipse.m2e.maven.runtime_3.9.700.20240602-2313\jars\maven-compat-3.9.7.jar
2026-06-09 21:30:26,112 [Worker-69: Launching Controle Gastos] INFO  o.eclipse.m2e.core.internal.Bundles - 	Entry: C:\Users\willian\.p2\pool\plugins\org.eclipse.m2e.maven.runtime_3.9.700.20240602-2313\jars\maven-core-3.9.7.jar
2026-06-09 21:30:26,112 [Worker-69: Launching Controle Gastos] INFO  o.eclipse.m2e.core.internal.Bundles - 	Entry: C:\Users\willian\.p2\pool\plugins\org.eclipse.m2e.maven.runtime_3.9.700.20240602-2313\jars\maven-embedder-3.9.7.jar
2026-06-09 21:30:26,112 [Worker-69: Launching Controle Gastos] INFO  o.eclipse.m2e.core.internal.Bundles - 	Entry: C:\Users\willian\.p2\pool\plugins\org.eclipse.m2e.maven.runtime_3.9.700.20240602-2313\jars\maven-model-3.9.7.jar
2026-06-09 21:30:26,112 [Worker-69: Launching Controle Gastos] INFO  o.eclipse.m2e.core.internal.Bundles - 	Entry: C:\Users\willian\.p2\pool\plugins\org.eclipse.m2e.maven.runtime_3.9.700.20240602-2313\jars\maven-model-builder-3.9.7.jar
2026-06-09 21:30:26,112 [Worker-69: Launching Controle Gastos] INFO  o.eclipse.m2e.core.internal.Bundles - 	Entry: C:\Users\willian\.p2\pool\plugins\org.eclipse.m2e.maven.runtime_3.9.700.20240602-2313\jars\maven-plugin-api-3.9.7.jar
2026-06-09 21:30:26,112 [Worker-69: Launching Controle Gastos] INFO  o.eclipse.m2e.core.internal.Bundles - 	Entry: C:\Users\willian\.p2\pool\plugins\org.eclipse.m2e.maven.runtime_3.9.700.20240602-2313\jars\maven-repository-metadata-3.9.7.jar
2026-06-09 21:30:26,112 [Worker-69: Launching Controle Gastos] INFO  o.eclipse.m2e.core.internal.Bundles - 	Entry: C:\Users\willian\.p2\pool\plugins\org.eclipse.m2e.maven.runtime_3.9.700.20240602-2313\jars\maven-resolver-api-1.9.20.jar
2026-06-09 21:30:26,113 [Worker-69: Launching Controle Gastos] INFO  o.eclipse.m2e.core.internal.Bundles - 	Entry: C:\Users\willian\.p2\pool\plugins\org.eclipse.m2e.maven.runtime_3.9.700.20240602-2313\jars\maven-resolver-connector-basic-1.9.20.jar
2026-06-09 21:30:26,113 [Worker-69: Launching Controle Gastos] INFO  o.eclipse.m2e.core.internal.Bundles - 	Entry: C:\Users\willian\.p2\pool\plugins\org.eclipse.m2e.maven.runtime_3.9.700.20240602-2313\jars\maven-resolver-impl-1.9.20.jar
2026-06-09 21:30:26,113 [Worker-69: Launching Controle Gastos] INFO  o.eclipse.m2e.core.internal.Bundles - 	Entry: C:\Users\willian\.p2\pool\plugins\org.eclipse.m2e.maven.runtime_3.9.700.20240602-2313\jars\maven-resolver-named-locks-1.9.20.jar
2026-06-09 21:30:26,113 [Worker-69: Launching Controle Gastos] INFO  o.eclipse.m2e.core.internal.Bundles - 	Entry: C:\Users\willian\.p2\pool\plugins\org.eclipse.m2e.maven.runtime_3.9.700.20240602-2313\jars\maven-resolver-provider-3.9.7.jar
2026-06-09 21:30:26,113 [Worker-69: Launching Controle Gastos] INFO  o.eclipse.m2e.core.internal.Bundles - 	Entry: C:\Users\willian\.p2\pool\plugins\org.eclipse.m2e.maven.runtime_3.9.700.20240602-2313\jars\maven-resolver-spi-1.9.20.jar
2026-06-09 21:30:26,113 [Worker-69: Launching Controle Gastos] INFO  o.eclipse.m2e.core.internal.Bundles - 	Entry: C:\Users\willian\.p2\pool\plugins\org.eclipse.m2e.maven.runtime_3.9.700.20240602-2313\jars\maven-resolver-transport-file-1.9.20.jar
2026-06-09 21:30:26,114 [Worker-69: Launching Controle Gastos] INFO  o.eclipse.m2e.core.internal.Bundles - 	Entry: C:\Users\willian\.p2\pool\plugins\org.eclipse.m2e.maven.runtime_3.9.700.20240602-2313\jars\maven-resolver-transport-http-1.9.20.jar
2026-06-09 21:30:26,114 [Worker-69: Launching Controle Gastos] INFO  o.eclipse.m2e.core.internal.Bundles - 	Entry: C:\Users\willian\.p2\pool\plugins\org.eclipse.m2e.maven.runtime_3.9.700.20240602-2313\jars\maven-resolver-transport-wagon-1.9.20.jar
2026-06-09 21:30:26,114 [Worker-69: Launching Controle Gastos] INFO  o.eclipse.m2e.core.internal.Bundles - 	Entry: C:\Users\willian\.p2\pool\plugins\org.eclipse.m2e.maven.runtime_3.9.700.20240602-2313\jars\maven-resolver-util-1.9.20.jar
2026-06-09 21:30:26,114 [Worker-69: Launching Controle Gastos] INFO  o.eclipse.m2e.core.internal.Bundles - 	Entry: C:\Users\willian\.p2\pool\plugins\org.eclipse.m2e.maven.runtime_3.9.700.20240602-2313\jars\maven-settings-3.9.7.jar
2026-06-09 21:30:26,114 [Worker-69: Launching Controle Gastos] INFO  o.eclipse.m2e.core.internal.Bundles - 	Entry: C:\Users\willian\.p2\pool\plugins\org.eclipse.m2e.maven.runtime_3.9.700.20240602-2313\jars\maven-settings-builder-3.9.7.jar
2026-06-09 21:30:26,114 [Worker-69: Launching Controle Gastos] INFO  o.eclipse.m2e.core.internal.Bundles - 	Entry: C:\Users\willian\.p2\pool\plugins\org.eclipse.m2e.maven.runtime_3.9.700.20240602-2313\jars\maven-shared-utils-3.4.2.jar
2026-06-09 21:30:26,114 [Worker-69: Launching Controle Gastos] INFO  o.eclipse.m2e.core.internal.Bundles - 	Entry: C:\Users\willian\.p2\pool\plugins\org.eclipse.m2e.maven.runtime_3.9.700.20240602-2313\jars\org.eclipse.sisu.inject-0.9.0.M2.jar
2026-06-09 21:30:26,114 [Worker-69: Launching Controle Gastos] INFO  o.eclipse.m2e.core.internal.Bundles - 	Entry: C:\Users\willian\.p2\pool\plugins\org.eclipse.m2e.maven.runtime_3.9.700.20240602-2313\jars\org.eclipse.sisu.plexus-0.9.0.M2.jar
2026-06-09 21:30:26,115 [Worker-69: Launching Controle Gastos] INFO  o.eclipse.m2e.core.internal.Bundles - 	Entry: C:\Users\willian\.p2\pool\plugins\org.eclipse.m2e.maven.runtime_3.9.700.20240602-2313\jars\plexus-build-api-0.0.7.jar
2026-06-09 21:30:26,115 [Worker-69: Launching Controle Gastos] INFO  o.eclipse.m2e.core.internal.Bundles - 	Entry: C:\Users\willian\.p2\pool\plugins\org.eclipse.m2e.maven.runtime_3.9.700.20240602-2313\jars\plexus-build-api-1.2.0.jar
2026-06-09 21:30:26,115 [Worker-69: Launching Controle Gastos] INFO  o.eclipse.m2e.core.internal.Bundles - 	Entry: C:\Users\willian\.p2\pool\plugins\org.eclipse.m2e.maven.runtime_3.9.700.20240602-2313\jars\plexus-cipher-2.0.jar
2026-06-09 21:30:26,115 [Worker-69: Launching Controle Gastos] INFO  o.eclipse.m2e.core.internal.Bundles - 	Entry: C:\Users\willian\.p2\pool\plugins\org.eclipse.m2e.maven.runtime_3.9.700.20240602-2313\jars\plexus-classworlds-2.8.0.jar
2026-06-09 21:30:26,115 [Worker-69: Launching Controle Gastos] INFO  o.eclipse.m2e.core.internal.Bundles - 	Entry: C:\Users\willian\.p2\pool\plugins\org.eclipse.m2e.maven.runtime_3.9.700.20240602-2313\jars\plexus-component-annotations-2.1.0.jar
2026-06-09 21:30:26,115 [Worker-69: Launching Controle Gastos] INFO  o.eclipse.m2e.core.internal.Bundles - 	Entry: C:\Users\willian\.p2\pool\plugins\org.eclipse.m2e.maven.runtime_3.9.700.20240602-2313\jars\plexus-interpolation-1.27.jar
2026-06-09 21:30:26,115 [Worker-69: Launching Controle Gastos] INFO  o.eclipse.m2e.core.internal.Bundles - 	Entry: C:\Users\willian\.p2\pool\plugins\org.eclipse.m2e.maven.runtime_3.9.700.20240602-2313\jars\plexus-sec-dispatcher-2.0.jar
2026-06-09 21:30:26,116 [Worker-69: Launching Controle Gastos] INFO  o.eclipse.m2e.core.internal.Bundles - 	Entry: C:\Users\willian\.p2\pool\plugins\org.eclipse.m2e.maven.runtime_3.9.700.20240602-2313\jars\plexus-utils-3.5.1.jar
2026-06-09 21:30:26,116 [Worker-69: Launching Controle Gastos] INFO  o.eclipse.m2e.core.internal.Bundles - 	Entry: C:\Users\willian\.p2\pool\plugins\org.eclipse.m2e.maven.runtime_3.9.700.20240602-2313\jars\wagon-file-3.5.3.jar
2026-06-09 21:30:26,116 [Worker-69: Launching Controle Gastos] INFO  o.eclipse.m2e.core.internal.Bundles - 	Entry: C:\Users\willian\.p2\pool\plugins\org.eclipse.m2e.maven.runtime_3.9.700.20240602-2313\jars\wagon-http-3.5.3.jar
2026-06-09 21:30:26,116 [Worker-69: Launching Controle Gastos] INFO  o.eclipse.m2e.core.internal.Bundles - 	Entry: C:\Users\willian\.p2\pool\plugins\org.eclipse.m2e.maven.runtime_3.9.700.20240602-2313\jars\wagon-http-shared-3.5.3.jar
2026-06-09 21:30:26,116 [Worker-69: Launching Controle Gastos] INFO  o.eclipse.m2e.core.internal.Bundles - 	Entry: C:\Users\willian\.p2\pool\plugins\org.eclipse.m2e.maven.runtime_3.9.700.20240602-2313\jars\wagon-provider-api-3.5.3.jar
2026-06-09 21:30:26,117 [Worker-69: Launching Controle Gastos] INFO  o.eclipse.m2e.core.internal.Bundles - getClasspathEntries(Bundle=com.google.guava_33.2.0.jre [10])
2026-06-09 21:30:26,117 [Worker-69: Launching Controle Gastos] INFO  o.eclipse.m2e.core.internal.Bundles - 	Entry: C:\Users\willian\.p2\pool\plugins\com.google.guava_33.2.0.jre.jar
2026-06-09 21:30:26,117 [Worker-69: Launching Controle Gastos] INFO  o.eclipse.m2e.core.internal.Bundles - getClasspathEntries(Bundle=slf4j.api_2.0.13 [520])
2026-06-09 21:30:26,117 [Worker-69: Launching Controle Gastos] INFO  o.eclipse.m2e.core.internal.Bundles - 	Entry: C:\Users\willian\.p2\pool\plugins\slf4j.api_2.0.13.jar
2026-06-09 21:30:26,117 [Worker-69: Launching Controle Gastos] INFO  o.eclipse.m2e.core.internal.Bundles - getClasspathEntries(Bundle=jakarta.inject.jakarta.inject-api_1.0.5 [21])
2026-06-09 21:30:26,118 [Worker-69: Launching Controle Gastos] INFO  o.eclipse.m2e.core.internal.Bundles - 	Entry: C:\Users\willian\.p2\pool\plugins\jakarta.inject.jakarta.inject-api_1.0.5.jar
2026-06-09 21:30:26,118 [Worker-69: Launching Controle Gastos] INFO  o.eclipse.m2e.core.internal.Bundles - getClasspathEntries(Bundle=javax.annotation_1.3.5.v20200909-1856 [24])
2026-06-09 21:30:26,118 [Worker-69: Launching Controle Gastos] INFO  o.eclipse.m2e.core.internal.Bundles - 	Entry: C:\Users\willian\.p2\pool\plugins\javax.annotation_1.3.5.v20200909-1856.jar
2026-06-09 21:30:26,118 [Worker-69: Launching Controle Gastos] INFO  o.eclipse.m2e.core.internal.Bundles - getClasspathEntries(Bundle=org.apache.commons.cli_1.8.0 [47])
2026-06-09 21:30:26,118 [Worker-69: Launching Controle Gastos] INFO  o.eclipse.m2e.core.internal.Bundles - 	Entry: C:\Users\willian\.p2\pool\plugins\org.apache.commons.cli_1.8.0.jar
2026-06-09 21:30:26,118 [Worker-69: Launching Controle Gastos] INFO  o.eclipse.m2e.core.internal.Bundles - getClasspathEntries(Bundle=org.apache.commons.commons-codec_1.16.0 [48])
2026-06-09 21:30:26,119 [Worker-69: Launching Controle Gastos] INFO  o.eclipse.m2e.core.internal.Bundles - 	Entry: C:\Users\willian\.p2\pool\plugins\org.apache.commons.commons-codec_1.16.0.jar
2026-06-09 21:30:26,119 [Worker-69: Launching Controle Gastos] INFO  o.eclipse.m2e.core.internal.Bundles - getClasspathEntries(Bundle=org.apache.commons.lang3_3.14.0 [54])
2026-06-09 21:30:26,119 [Worker-69: Launching Controle Gastos] INFO  o.eclipse.m2e.core.internal.Bundles - 	Entry: C:\Users\willian\.p2\pool\plugins\org.apache.commons.lang3_3.14.0.jar
2026-06-09 21:30:26,119 [Worker-69: Launching Controle Gastos] INFO  o.eclipse.m2e.core.internal.Bundles - getClasspathEntries(Bundle=com.google.guava.failureaccess_1.0.2 [11])
2026-06-09 21:30:26,119 [Worker-69: Launching Controle Gastos] INFO  o.eclipse.m2e.core.internal.Bundles - 	Entry: C:\Users\willian\.p2\pool\plugins\com.google.guava.failureaccess_1.0.2.jar
2026-06-09 21:30:26,120 [Worker-69: Launching Controle Gastos] INFO  o.e.m.i.launch.MavenLaunchDelegate - Run build in "C:\Users\willian\Desktop\Projeto-app-controle-de-gastos-programa-o-para-resolu-o-de-problemas-2\controle-gastos":
2026-06-09 21:30:26,121 [Worker-69: Launching Controle Gastos] INFO  o.e.m.i.launch.MavenLaunchDelegate -  mvn  -B -Dstyle.color=always javafx:run
2026-06-09 21:30:26,292 [Worker-69: Building] INFO  o.a.m.s.f.DefaultMavenResourcesFiltering - Copying 0 resource from src\main\resources to target\classes
2026-06-09 21:30:26,295 [Worker-69: Building] INFO  o.a.m.s.f.DefaultMavenResourcesFiltering - Copying 0 resource from src\test\resources to target\test-classes
